Temperature ( K ),vapor pressure ( kPa ),Uncertainty,Phase,Quality,Source,Set Label,,,,,,,,,,
168.430725,0.11332,0.803934,Liquid-Gas,Experimental - Rejected,NIST,Authors: Archibald, E. H.;Ure, W. Title: The vapor pressure of acetone at low temperatures Citation: Trans. R. Soc. Can.,1927,21,133,,,,,
173.345096,0.15332,0.805267,Liquid-Gas,Experimental - Rejected,NIST,Authors: Archibald, E. H.;Ure, W. Title: The vapor pressure of acetone at low temperatures Citation: Trans. R. Soc. Can.,1927,21,133,,,,,
178.38812,0.00186651,0.0007924,Liquid-Gas,Experimental - Rejected,NIST,Authors: Drucker, C.;Jimeno, E.;Kangro, W. Title: Vapor Pressures of Liquids at Low Temperatures Citation: Z. Phys. Chem., Stoechiom. Verwandschaftsl.,1915,90,513,,,
178.58824,0.00111591,0.0004957,Liquid-Gas,Experimental - Rejected,NIST,Authors: Drucker, C.;Jimeno, E.;Kangro, W. Title: Vapor Pressures of Liquids at Low Temperatures Citation: Z. Phys. Chem., Stoechiom. Verwandschaftsl.,1915,90,513,,,
178.83839,0.18665,0.8066,Liquid-Gas,Experimental - Rejected,NIST,Authors: Archibald, E. H.;Ure, W. Title: The vapor pressure of acetone at low temperatures Citation: Trans. R. Soc. Can.,1927,21,133,,,,,
179.88902,0.00146655,0.0006295,Liquid-Gas,Experimental - Rejected,NIST,Authors: Drucker, C.;Jimeno, E.;Kangro, W. Title: Vapor Pressures of Liquids at Low Temperatures Citation: Z. Phys. Chem., Stoechiom. Verwandschaftsl.,1915,90,513,,,
179.88902,0.00199984,0.0008421,Liquid-Gas,Experimental - Rejected,NIST,Authors: Drucker, C.;Jimeno, E.;Kangro, W. Title: Vapor Pressures of Liquids at Low Temperatures Citation: Z. Phys. Chem., Stoechiom. Verwandschaftsl.,1915,90,513,,,
180.28926,0.00142655,0.0006136,Liquid-Gas,Experimental - Rejected,NIST,Authors: Drucker, C.;Jimeno, E.;Kangro, W. Title: Vapor Pressures of Liquids at Low Temperatures Citation: Z. Phys. Chem., Stoechiom. Verwandschaftsl.,1915,90,513,,,
183.671192,0.21998,0.8066,Liquid-Gas,Experimental - Rejected,NIST,Authors: Archibald, E. H.;Ure, W. Title: The vapor pressure of acetone at low temperatures Citation: Trans. R. Soc. Can.,1927,21,133,,,,,
185.99212,0.00373303,0.001534,Liquid-Gas,Experimental - Rejected,NIST,Authors: Drucker, C.;Jimeno, E.;Kangro, W. Title: Vapor Pressures of Liquids at Low Temperatures Citation: Z. Phys. Chem., Stoechiom. Verwandschaftsl.,1915,90,513,,,
185.99212,0.00466628,0.001908,Liquid-Gas,Experimental - Rejected,NIST,Authors: Drucker, C.;Jimeno, E.;Kangro, W. Title: Vapor Pressures of Liquids at Low Temperatures Citation: Z. Phys. Chem., Stoechiom. Verwandschaftsl.,1915,90,513,,,
186.99252,0.00382635,0.001572,Liquid-Gas,Experimental - Rejected,NIST,Authors: Drucker, C.;Jimeno, E.;Kangro, W. Title: Vapor Pressures of Liquids at Low Temperatures Citation: Z. Phys. Chem., Stoechiom. Verwandschaftsl.,1915,90,513,,,
188.84326,0.25998,0.807934,Liquid-Gas,Experimental - Rejected,NIST,Authors: Archibald, E. H.;Ure, W. Title: The vapor pressure of acetone at low temperatures Citation: Trans. R. Soc. Can.,1927,21,133,,,,,
188.99332,0.00666612,0.002707,Liquid-Gas,Experimental - Rejected,NIST,Authors: Drucker, C.;Jimeno, E.;Kangro, W. Title: Vapor Pressures of Liquids at Low Temperatures Citation: Z. Phys. Chem., Stoechiom. Verwandschaftsl.,1915,90,513,,,
189.49352,0.00786602,0.003187,Liquid-Gas,Experimental - Rejected,NIST,Authors: Drucker, C.;Jimeno, E.;Kangro, W. Title: Vapor Pressures of Liquids at Low Temperatures Citation: Z. Phys. Chem., Stoechiom. Verwandschaftsl.,1915,90,513,,,
190.89408,0.00959921,0.00388,Liquid-Gas,Experimental - Rejected,NIST,Authors: Drucker, C.;Jimeno, E.;Kangro, W. Title: Vapor Pressures of Liquids at Low Temperatures Citation: Z. Phys. Chem., Stoechiom. Verwandschaftsl.,1915,90,513,,,
191.39428,0.00759938,0.003081,Liquid-Gas,Experimental - Rejected,NIST,Authors: Drucker, C.;Jimeno, E.;Kangro, W. Title: Vapor Pressures of Liquids at Low Temperatures Citation: Z. Phys. Chem., Stoechiom. Verwandschaftsl.,1915,90,513,,,
191.39428,0.0107991,0.00436,Liquid-Gas,Experimental - Rejected,NIST,Authors: Drucker, C.;Jimeno, E.;Kangro, W. Title: Vapor Pressures of Liquids at Low Temperatures Citation: Z. Phys. Chem., Stoechiom. Verwandschaftsl.,1915,90,513,,,
191.99452,0.00919924,0.003721,Liquid-Gas,Experimental - Rejected,NIST,Authors: Drucker, C.;Jimeno, E.;Kangro, W. Title: Vapor Pressures of Liquids at Low Temperatures Citation: Z. Phys. Chem., Stoechiom. Verwandschaftsl.,1915,90,513,,,
193.795,0.29331,0.809267,Liquid-Gas,Experimental - Rejected,NIST,Authors: Archibald, E. H.;Ure, W. Title: The vapor pressure of acetone at low temperatures Citation: Trans. R. Soc. Can.,1927,21,133,,,,,
195.795,0.016492,0.005759,Liquid-Gas,Experimental - Rejected,NIST,Authors: Drucker, C.;Jimeno, E.;Kangro, W. Title: Vapor Pressures of Liquids at Low Temperatures Citation: Z. Phys. Chem., Stoechiom. Verwandschaftsl.,1915,90,513,,,
198.785,0.3453,0.8106,Liquid-Gas,Experimental - Rejected,NIST,Authors: Archibald, E. H.;Ure, W. Title: The vapor pressure of acetone at low temperatures Citation: Trans. R. Soc. Can.,1927,21,133,,,,,
203.755056,0.41197,0.813266,Liquid-Gas,Experimental - Rejected,NIST,Authors: Archibald, E. H.;Ure, W. Title: The vapor pressure of acetone at low temperatures Citation: Trans. R. Soc. Can.,1927,21,133,,,,,
208.49553,0.0873261,0.0171071,Liquid-Gas,Experimental,NIST,Authors: Drucker, C.;Jimeno, E.;Kangro, W. Title: Vapor Pressures of Liquids at Low Temperatures Citation: Z. Phys. Chem., Stoechiom. Verwandschaftsl.,1915,90,513,,,
208.625543,0.47863,0.815933,Liquid-Gas,Experimental - Rejected,NIST,Authors: Archibald, E. H.;Ure, W. Title: The vapor pressure of acetone at low temperatures Citation: Trans. R. Soc. Can.,1927,21,133,,,,,
208.69555,0.0802601,0.0159776,Liquid-Gas,Experimental - Rejected,NIST,Authors: Drucker, C.;Jimeno, E.;Kangro, W. Title: Vapor Pressures of Liquids at Low Temperatures Citation: Z. Phys. Chem., Stoechiom. Verwandschaftsl.,1915,90,513,,,
213.725576,0.57195,0.818599,Liquid-Gas,Experimental - Rejected,NIST,Authors: Archibald, E. H.;Ure, W. Title: The vapor pressure of acetone at low temperatures Citation: Trans. R. Soc. Can.,1927,21,133,,,,,
215.694,0.15772,0.02302,Liquid-Gas,Experimental - Rejected,NIST,Authors: Drucker, C.;Jimeno, E.;Kangro, W. Title: Vapor Pressures of Liquids at Low Temperatures Citation: Z. Phys. Chem., Stoechiom. Verwandschaftsl.,1915,90,513,,,
216.09368,0.159987,0.023258,Liquid-Gas,Experimental - Rejected,NIST,Authors: Drucker, C.;Jimeno, E.;Kangro, W. Title: Vapor Pressures of Liquids at Low Temperatures Citation: Z. Phys. Chem., Stoechiom. Verwandschaftsl.,1915,90,513,,,
218.661624,0.68394,0.821266,Liquid-Gas,Experimental - Rejected,NIST,Authors: Archibald, E. H.;Ure, W. Title: The vapor pressure of acetone at low temperatures Citation: Trans. R. Soc. Can.,1927,21,133,,,,,
222.1888,0.266645,0.031737,Liquid-Gas,Experimental - Rejected,NIST,Authors: Drucker, C.;Jimeno, E.;Kangro, W. Title: Vapor Pressures of Liquids at Low Temperatures Citation: Z. Phys. Chem., Stoechiom. Verwandschaftsl.,1915,90,513,,,
223.567772,0.84393,0.826599,Liquid-Gas,Experimental - Rejected,NIST,Authors: Archibald, E. H.;Ure, W. Title: The vapor pressure of acetone at low temperatures Citation: Trans. R. Soc. Can.,1927,21,133,,,,,
228.158185,0.463962,0.00713,Liquid-Gas,Experimental - Rejected,NIST,Authors: Hoepfner, A.;Hostermann, I. Title: Vapor pressure isotopy effect of D(6)-acetone Citation: Z. Phys. Chem. (Munich),1976,99,157,,,,,
228.374886,1.03591,0.833265,Liquid-Gas,Experimental - Rejected,NIST,Authors: Archibald, E. H.;Ure, W. Title: The vapor pressure of acetone at low temperatures Citation: Trans. R. Soc. Can.,1927,21,133,,,,,
229.58416,0.517291,0.051795,Liquid-Gas,Experimental - Rejected,NIST,Authors: Drucker, C.;Jimeno, E.;Kangro, W. Title: Vapor Pressures of Liquids at Low Temperatures Citation: Z. Phys. Chem., Stoechiom. Verwandschaftsl.,1915,90,513,,,
233.057695,0.69,0.01,Liquid-Gas,Experimental - Rejected,NIST,Authors: Hicks, P. J.;Prausnitz, J. M. Title: Solubility of acetone and isopropyl ether in compressed nitrogen, methane and carbon dioxide Citation: J. Chem. Eng. Data,1981,26, 74-80,,,,
233.157685,0.725274,0.007391,Liquid-Gas,Experimental,NIST,Authors: Hoepfner, A.;Hostermann, I. Title: Vapor pressure isotopy effect of D(6)-acetone Citation: Z. Phys. Chem. (Munich),1976,99,157,,,,,
233.291912,1.31456,0.842597,Liquid-Gas,Experimental - Rejected,NIST,Authors: Archibald, E. H.;Ure, W. Title: The vapor pressure of acetone at low temperatures Citation: Trans. R. Soc. Can.,1927,21,133,,,,,
237.068888,0.996451,0.07986,Liquid-Gas,Experimental,NIST,Authors: Felsing, W. A.;Durban, S. A. Title: The vapor pressures, densities, and some derived quantities for acetone Citation: J. Am. Chem. Soc.,1926,48,2885,,,
238.217968,1.64653,0.853263,Liquid-Gas,Experimental - Rejected,NIST,Authors: Archibald, E. H.;Ure, W. Title: The vapor pressure of acetone at low temperatures Citation: Trans. R. Soc. Can.,1927,21,133,,,,,
238.77752,1.06391,0.09553,Liquid-Gas,Experimental - Rejected,NIST,Authors: Drucker, C.;Jimeno, E.;Kangro, W. Title: Vapor Pressures of Liquids at Low Temperatures Citation: Z. Phys. Chem., Stoechiom. Verwandschaftsl.,1915,90,513,,,
243.104056,2.15049,0.869262,Liquid-Gas,Experimental - Rejected,NIST,Authors: Archibald, E. H.;Ure, W. Title: The vapor pressure of acetone at low temperatures Citation: Trans. R. Soc. Can.,1927,21,133,,,,,
248.100056,2.78777,0.88926,Liquid-Gas,Experimental - Rejected,NIST,Authors: Archibald, E. H.;Ure, W. Title: The vapor pressure of acetone at low temperatures Citation: Trans. R. Soc. Can.,1927,21,133,,,,,
248.76952,2.15582,0.11455,Liquid-Gas,Experimental,NIST,Authors: Drucker, C.;Jimeno, E.;Kangro, W. Title: Vapor Pressures of Liquids at Low Temperatures Citation: Z. Phys. Chem., Stoechiom. Verwandschaftsl.,1915,90,513,,,
250.1684,3.06641,0.1333,Liquid-Gas,Experimental - Rejected,NIST,Authors: Jacob, M. N. Title: Maximum vapor pressures of acetone. Citation: Rech. Invent.,1924, , 460-66,,,,,,
252.956168,3.57171,0.914591,Liquid-Gas,Experimental - Rejected,NIST,Authors: Archibald, E. H.;Ure, W. Title: The vapor pressure of acetone at low temperatures Citation: Trans. R. Soc. Can.,1927,21,133,,,,,
253.355848,3.47971,0.08533,Liquid-Gas,Experimental - Rejected,NIST,Authors: Felsing, W. A.;Durban, S. A. Title: The vapor pressures, densities, and some derived quantities for acetone Citation: J. Am. Chem. Soc.,1926,48,2885,,,
257.26272,3.89301,0.08666,Liquid-Gas,Experimental - Rejected,NIST,Authors: Felsing, W. A.;Durban, S. A. Title: The vapor pressures, densities, and some derived quantities for acetone Citation: J. Am. Chem. Soc.,1926,48,2885,,,
257.96216,4.63962,0.949255,Liquid-Gas,Experimental - Rejected,NIST,Authors: Archibald, E. H.;Ure, W. Title: The vapor pressure of acetone at low temperatures Citation: Trans. R. Soc. Can.,1927,21,133,,,,,
258.05339,4.005,0.026,Liquid-Gas,Experimental,NIST,Authors: Hicks, P. J.;Prausnitz, J. M. Title: Solubility of acetone and isopropyl ether in compressed nitrogen, methane and carbon dioxide Citation: J. Chem. Eng. Data,1981,26, 74-80,,,,
262.128824,5.18224,0.08933,Liquid-Gas,Experimental - Rejected,NIST,Authors: Felsing, W. A.;Durban, S. A. Title: The vapor pressures, densities, and some derived quantities for acetone Citation: J. Am. Chem. Soc.,1926,48,2885,,,
262.95816,5.99417,0.991918,Liquid-Gas,Experimental - Rejected,NIST,Authors: Archibald, E. H.;Ure, W. Title: The vapor pressure of acetone at low temperatures Citation: Trans. R. Soc. Can.,1927,21,133,,,,,
263.15237,5.34623,0.01201,Liquid-Gas,Experimental,NIST,Authors: Hoepfner, A.;Hostermann, I. Title: Vapor pressure isotopy effect of D(6)-acetone Citation: Z. Phys. Chem. (Munich),1976,99,157,,,,,
263.158,5.4662,0.1333,Liquid-Gas,Experimental - Rejected,NIST,Authors: Jacob, M. N. Title: Maximum vapor pressures of acetone. Citation: Rech. Invent.,1924, , 460-66,,,,,,
264.50692,6.04084,0.09199,Liquid-Gas,Experimental - Rejected,NIST,Authors: Felsing, W. A.;Durban, S. A. Title: The vapor pressures, densities, and some derived quantities for acetone Citation: J. Am. Chem. Soc.,1926,48,2885,,,
265.0459912,6.005,0.013,Liquid-Gas,Experimental,NIST,Authors: Ambrose, D.;Sprake, C. H. S.;Townsend, R. Title: Thermodynamic Properties of Organic Oxygen Compounds XXXIII. The Vapor Pressure of Acetone Citation: J. Chem. Thermodyn.,1974,6,693,,,,
267.05488,6.85277,0.09333,Liquid-Gas,Experimental - Rejected,NIST,Authors: Felsing, W. A.;Durban, S. A. Title: The vapor pressures, densities, and some derived quantities for acetone Citation: J. Am. Chem. Soc.,1926,48,2885,,,
268.00412,7.71937,1.0479005,Liquid-Gas,Experimental - Rejected,NIST,Authors: Archibald, E. H.;Ure, W. Title: The vapor pressure of acetone at low temperatures Citation: Trans. R. Soc. Can.,1927,21,133,,,,,
268.154,7.33271,0.1333,Liquid-Gas,Experimental - Rejected,NIST,Authors: Jacob, M. N. Title: Maximum vapor pressures of acetone. Citation: Rech. Invent.,1924, , 460-66,,,,,,
268.154,7.017,0.163,Liquid-Gas,Experimental - Rejected,NIST,Authors: Rall, W.;Schaefer, K. Title: Thermodynamic Investigations of Liquid Mixed Systems of Acetone and Pentane and of Acetone and Hexane Citation: Z. Elektrochem.,1959,63, 1019-24,,,,,
269.742728,7.93535,0.09733,Liquid-Gas,Experimental - Rejected,NIST,Authors: Felsing, W. A.;Durban, S. A. Title: The vapor pressures, densities, and some derived quantities for acetone Citation: J. Am. Chem. Soc.,1926,48,2885,,,
273.100015873,9.12,20.27,Liquid-Gas,Experimental,NIST,Authors: Voronkov, A. P.;Mislavskaya, V. S.;Mushii, R. Ya.;Khodeeva, S. M. Title: Phase equilibria in acetone + acetylene system Citation: Russ. J. Phys. Chem.,1975,49,1848,,,
273.15,9.199,0.189,Liquid-Gas,Experimental,NIST,Authors: Schaefer, K.;Rall, W.;Wirth-Lindemann, F. C. Title: Thermodynamic experiments on the systems acetone + n-heptane and acetone + n-nonane Citation: Z. Phys. Chem. (Munich),1958,14, 197-207,,,,
273.15,9.98851,1.1212011,Liquid-Gas,Experimental - Rejected,NIST,Authors: Archibald, E. H.;Ure, W. Title: The vapor pressure of acetone at low temperatures Citation: Trans. R. Soc. Can.,1927,21,133,,,,,
273.15,9.59918,0.1333,Liquid-Gas,Experimental - Rejected,NIST,Authors: Jacob, M. N. Title: Maximum vapor pressures of acetone. Citation: Rech. Invent.,1924, , 460-66,,,,,,
273.15,8.9,0.1,Liquid-Gas,Experimental - Rejected,NIST,Authors: Matvienko, V. G.;Yarym-Agaev, N. L. Title: Liquid-vapor equilibrium in the system n-butane-acetone Citation: Zh. Prikl. Khim. (S.-Peterburg),1994,67,158,,,,,
273.15,8.96993,0.1927,Liquid-Gas,Experimental - Rejected,NIST,Authors: Radulescu, D.;Alexa, M. Title: Vapor Pressure Measurements fr New Dynamic and Static Methods. The Applicability of the Reaction Isochore to the Measurement of the Latent Heat of Vaporization Citation: Bull. Soc. Chim. Romania,1938, 20A, 89-113,,,,,
273.2,8.9,0.1,Liquid-Gas,Experimental - Rejected,NIST,Authors: Matvienko, V. G.;Yarym-Agaev, N. L. Title: Liquid-vapor equilibrium in the system n-butane-acetone Citation: Zh. Prikl. Khim. (S.-Peterburg),1994,67,158,,,,,
275.968308,10.9831,0.103991,Liquid-Gas,Experimental - Rejected,NIST,Authors: Felsing, W. A.;Durban, S. A. Title: The vapor pressures, densities, and some derived quantities for acetone Citation: J. Am. Chem. Soc.,1926,48,2885,,,
276.607924,11.28307,0.109058,Liquid-Gas,Experimental,NIST,Authors: Felsing, W. A.;Durban, S. A. Title: The vapor pressures, densities, and some derived quantities for acetone Citation: J. Am. Chem. Soc.,1926,48,2885,,,
277.227552,13.0136,0.123057,Liquid-Gas,Experimental - Rejected,NIST,Authors: Felsing, W. A.;Durban, S. A. Title: The vapor pressures, densities, and some derived quantities for acetone Citation: J. Am. Chem. Soc.,1926,48,2885,,,
277.967108,12.5443,1.2026078,Liquid-Gas,Experimental - Rejected,NIST,Authors: Archibald, E. H.;Ure, W. Title: The vapor pressure of acetone at low temperatures Citation: Trans. R. Soc. Can.,1927,21,133,,,,,
278.031287299,12.0456,0.0286,Liquid-Gas,Experimental,NIST,Authors: Boublik, T.;Aim, K. Title: Heats of Vaporization of Simple Non-spherical Molecule Compounds Citation: Collect. Czech. Chem. Commun.,1972,37,3513,,,,,
278.147,12.199,0.16,Liquid-Gas,Experimental,NIST,Authors: Jacob, M. N. Title: Maximum vapor pressures of acetone. Citation: Rech. Invent.,1924, , 460-66,,,,,,
278.147,11.7844,0.249,Liquid-Gas,Experimental - Rejected,NIST,Authors: Radulescu, D.;Alexa, M. Title: Vapor Pressure Measurements fr New Dynamic and Static Methods. The Applicability of the Reaction Isochore to the Measurement of the Latent Heat of Vaporization Citation: Bull. Soc. Chim. Romania,1938, 20A, 89-113,,,,,
278.642198102,12.417,0.017,Liquid-Gas,Experimental,NIST,Authors: Ambrose, D.;Sprake, C. H. S.;Townsend, R. Title: Thermodynamic Properties of Organic Oxygen Compounds XXXIII. The Vapor Pressure of Acetone Citation: J. Chem. Thermodyn.,1974,6,693,,,,
279.466208,12.7336,0.05153,Liquid-Gas,Experimental,NIST,Authors: Sokolov, V. V.;Zhilina, L. P.;Mishchenko, K. P. Title: Thermodynamics of Evaporation of Acetone at Different Temperatures Citation: Zh. Prikl. Khim. (Leningrad),1963,36, 750-4,,,,
283.014078,15.92136,1.3119054,Liquid-Gas,Experimental - Rejected,NIST,Authors: Archibald, E. H.;Ure, W. Title: The vapor pressure of acetone at low temperatures Citation: Trans. R. Soc. Can.,1927,21,133,,,,,
283.144,15.4121,0.0267,Liquid-Gas,Experimental,NIST,Authors: Sameshima, J. Title: On the system acetone - ethyl ether Citation: J. Am. Chem. Soc.,1918,40, 1482-1503,,,,,,
283.148055,14.0788,2.27981917,Liquid-Gas,Experimental - Rejected,NIST,Authors: Barraza, R.;Diaz, S.;Edwards, J.;Tapia, P. Title: Thermodynamics of the systems n-hexane/3-pentanone, n-hexane/3-pentanone and n-heptane/3-pentanone mixtures Citation: Z. Phys. Chem. (Munich),1979,117, 43-54,,
283.15,14.7,0.2,Liquid-Gas,Experimental - Rejected,NIST,Authors: Matvienko, V. G.;Yarym-Agaev, N. L. Title: Liquid-vapor equilibrium in the system n-butane-acetone Citation: Zh. Prikl. Khim. (S.-Peterburg),1994,67,158,,,,,
283.2,14.7,0.2,Liquid-Gas,Experimental - Rejected,NIST,Authors: Matvienko, V. G.;Yarym-Agaev, N. L. Title: Liquid-vapor equilibrium in the system n-butane-acetone Citation: Zh. Prikl. Khim. (S.-Peterburg),1994,67,158,,,,,
283.623712,15.5854,0.06009,Liquid-Gas,Experimental - Rejected,NIST,Authors: Sokolov, V. V.;Zhilina, L. P.;Mishchenko, K. P. Title: Thermodynamics of Evaporation of Acetone at Different Temperatures Citation: Zh. Prikl. Khim. (Leningrad),1963,36, 750-4,,,,
288.011078,19.99836,1.4438813,Liquid-Gas,Experimental - Rejected,NIST,Authors: Archibald, E. H.;Ure, W. Title: The vapor pressure of acetone at low temperatures Citation: Trans. R. Soc. Can.,1927,21,133,,,,,
288.141,19.3544,0.4004,Liquid-Gas,Experimental,NIST,Authors: Radulescu, D.;Alexa, M. Title: Vapor Pressure Measurements fr New Dynamic and Static Methods. The Applicability of the Reaction Isochore to the Measurement of the Latent Heat of Vaporization Citation: Bull. Soc. Chim. Romania,1938, 20A, 89-113,,,,,
288.330886,19.6237,0.0722,Liquid-Gas,Experimental,NIST,Authors: Sokolov, V. V.;Zhilina, L. P.;Mishchenko, K. P. Title: Thermodynamics of Evaporation of Acetone at Different Temperatures Citation: Zh. Prikl. Khim. (Leningrad),1963,36, 750-4,,,,
292.78821,24.2647,0.1347,Liquid-Gas,Experimental,NIST,Authors: Baughan, E. C.;Jones, A. L.;Stewart, K. Title: The absorption of organic vapours by thin films of nitrocellulose Citation: Proc. R. Soc. London, Ser. A,1954,225,478,,,
293.028066,24.74063,1.597202,Liquid-Gas,Experimental - Rejected,NIST,Authors: Archibald, E. H.;Ure, W. Title: The vapor pressure of acetone at low temperatures Citation: Trans. R. Soc. Can.,1927,21,133,,,,,
293.08803,23.94883,0.20265,Liquid-Gas,Experimental - Rejected,NIST,Authors: Weissenberger, G.;Schuster, F.;Pamer, H. Title: Zur Kenntnis organischer Molekulverbindungen XII. Die Chloressigsauren und das Pentachorathen Citation: Monatsh. Chem.,1925,46, 281-289,,,,
293.138,24.6646,0.16,Liquid-Gas,Experimental,NIST,Authors: Quitzsch, K.;Hofmann, H.-P.;Pfestorf, R.;Geiseler, G. Title: Thermodynamics of binary liquid mixtures with homologous formamides: V acetone + formamide and methanol + formamide systems Citation: Z. Phys. Chem. (Leipzig),1967,235, 99-109,,,
293.138,24.1313,4.8529,Liquid-Gas,Experimental,NIST,Authors: Schmidt, G. C. Title: Binary mixtures Citation: Z. Phys. Chem., Stoechiom. Verwandschaftsl.,1926,121, 221-53,,,,,
293.138,24.6513,1.232565,Liquid-Gas,Experimental,NIST,Authors: Schulze, A. Title: Equilibrium in condensed systems Citation: Z. Phys. Chem., Stoechiom. Verwandschaftsl.,1921,97, 388-416,,,,,
293.138,24.6646,2.46646,Liquid-Gas,Experimental - Rejected,NIST,Authors: Doolittle, A. K. Citation: The Technology of Solvents and Plasticizers,1954, Wiley-Interscience: New York,,,,,,,
293.138,24.2273,0.4979,Liquid-Gas,Experimental - Rejected,NIST,Authors: Radulescu, D.;Alexa, M. Title: Vapor Pressure Measurements fr New Dynamic and Static Methods. The Applicability of the Reaction Isochore to the Measurement of the Latent Heat of Vaporization Citation: Bull. Soc. Chim. Romania,1938, 20A, 89-113,,,,,
293.138,24.2,0.17,Liquid-Gas,Experimental - Rejected,NIST,Authors: Rall, W.;Schaefer, K. Title: Thermodynamic Investigations of Liquid Mixed Systems of Acetone and Pentane and of Acetone and Hexane Citation: Z. Elektrochem.,1959,63, 1019-24,,,,,
293.138,24.0647,0.1337,Liquid-Gas,Experimental - Rejected,NIST,Authors: Schmidt, G. C. Title: The vapor pressure of binary mixtures Citation: Z. Phys. Chem., Stoechiom. Verwandschaftsl.,1921,99,71,,,,,
293.138,23.9447,0.2666,Liquid-Gas,Experimental - Rejected,NIST,Authors: Weissenberger, G.;Henke, R.;Katschinka, H. Title: Binary liquid mixtures: xx systems with substituting hydronaphthalenes Citation: Z. Anorg. Allg. Chem.,1926,153,33,,,,
293.138,23.9447,0.2666,Liquid-Gas,Experimental - Rejected,NIST,Authors: Weissenberger, G.;Henke, R.;Katschinka, H. Title: Binary liquid mixtures: xxi systems containing butyric acid Citation: Z. Anorg. Allg. Chem.,1926,153,41,,,,
293.14537,24.478,0.03114,Liquid-Gas,Experimental,NIST,Authors: Hoepfner, A.;Hostermann, I. Title: Vapor pressure isotopy effect of D(6)-acetone Citation: Z. Phys. Chem. (Munich),1976,99,157,,,,,
293.14537,24.721,0.215,Liquid-Gas,Experimental,NIST,Authors: Qing, Z.;Xu, Y.;Hu, Y. Title: Molecular Thermodynamics of Gas Solubility V. Henry's Constants of Gases in the Mixed Solvents Citation: Huadong Huagong Xueyuan Xuebao,1989,15, 586-596,,,,
293.15,23.37,0.37,Liquid-Gas,Experimental - Rejected,NIST,Authors: Giles, N. F.;Wilson, L. C.;Wilson, G. M.;Wilding, W. V. Citation: J. Chem. Eng. Data,1997,42,1067,,,
293.15,24.11,0.38,Liquid-Gas,Experimental - Rejected,NIST,Authors: Giles, N. F.;Wilson, L. C.;Wilson, G. M.;Wilding, W. V. Citation: J. Chem. Eng. Data,1997,42,1067,,,
293.15,23.6,0.2,Liquid-Gas,Experimental - Rejected,NIST,Authors: Matvienko, V. G.;Yarym-Agaev, N. L. Title: Liquid-vapor equilibrium in the system n-butane-acetone Citation: Zh. Prikl. Khim. (S.-Peterburg),1994,67,158,,,,,
293.2,23.6,0.2,Liquid-Gas,Experimental - Rejected,NIST,Authors: Matvienko, V. G.;Yarym-Agaev, N. L. Title: Liquid-vapor equilibrium in the system n-butane-acetone Citation: Zh. Prikl. Khim. (S.-Peterburg),1994,67,158,,,,,
293.277944,24.758,0.08304,Liquid-Gas,Experimental,NIST,Authors: Roland, M. Title: Contribution to the study of concentrated solutions: 5 experimental determination of the thermodynamic activity of components of binary organic mixtures Citation: Bull. Soc. Chim. Belg.,1928,37, 117-40,,,,,,
293.83772,25.1313,0,Liquid-Gas,Experimental - Rejected,NIST,Authors: Taylor, A. E. Title: Vapour-pressure relations in mixtures of two liquids, II. Citation: J. Phys. Chem.,1900,4,355,,,,,
294.58742,25.998,0,Liquid-Gas,Experimental - Rejected,NIST,Authors: Taylor, A. E. Title: Vapour-pressure relations in mixtures of two liquids, II. Citation: J. Phys. Chem.,1900,4,355,,,,,
294.83732,26.265,0,Liquid-Gas,Experimental - Rejected,NIST,Authors: Taylor, A. E. Title: Vapour-pressure relations in mixtures of two liquids, II. Citation: J. Phys. Chem.,1900,4,355,,,,,
295.057232,26.664,0.26664,Liquid-Gas,Experimental,NIST,Authors: Kudryavtseva, L. S.;Susarev, M. P. Title: Liquid-vapor equilibrium in chloroform-hexane and acetone-chloroform systems. Citation: Zh. Prikl. Khim. (Leningrad),1963,36, 1231-1237,,,,,
297.43628,29.598,0,Liquid-Gas,Experimental,NIST,Authors: Taylor, A. E. Title: Vapour-pressure relations in mixtures of two liquids, II. Citation: J. Phys. Chem.,1900,4,355,,,,,
298.08602,31.130906,0.25331,Liquid-Gas,Experimental - Rejected,NIST,Authors: Zaalishvili, Sh. D.;Belousova, Z. S. Title: THE SECOND VIRIAL COEFFICIENT OF VAPOURS AND THEIR MIXTURES. IV. ACETONEBENZENE SYSTEM Citation: Russ. J. Phys. Chem.,1964,38,269,,,,,
298.136,30.3975,0.04,Liquid-Gas,Experimental,NIST,Authors: Beare, W. G.;McVicar, G. A.;Ferguson, J. B. Title: The determination of vapour and liquid compositions in binary systems: II acetone - water at 25c Citation: J. Phys. Chem.,1930,34,1310,,,,
298.136,30.1709,0.267,Liquid-Gas,Experimental - Rejected,NIST,Authors: Mathews, J. H. Title: The Accurate Measurement of Heats of Vaporization of Liquids Citation: J. Am. Chem. Soc.,1926,48, 562-576,,,,,,
298.136,30.1668,0.019998,Liquid-Gas,Experimental - Rejected,NIST,Authors: Mueller, C. R.;Kearns, E. R. Title: Thermodynamic Studies of the System Acetone and Chloroform Citation: J. Phys. Chem.,1958,62, 1441-5,,,,,
298.136,30.17,0.18,Liquid-Gas,Experimental - Rejected,NIST,Authors: Rall, W.;Schaefer, K. Title: Thermodynamic Investigations of Liquid Mixed Systems of Acetone and Pentane and of Acetone and Hexane Citation: Z. Elektrochem.,1959,63, 1019-24,,,,,
298.14437,30.73,0.18,Liquid-Gas,Experimental,NIST,Authors: Apelblat, A.;Tamir, A.;Wagner, M. Title: Thermodynamics of acetone-chloroform mixtures Citation: Fluid Phase Equilib.,1980,4,229,,,,
298.15,30.74,0.89,Liquid-Gas,Experimental,NIST,Authors: Dragoescu, D.;Barhala, A.;Vilcu, R. Title: Isothermal vapour-liquid equilibrium data for the binary propan-2-oneqchloroalkanes mixtures at temperatures from 298.15 K to 313.15 K Citation: Fluid Phase Equilib.,1999,157, 41-51,,,,
298.189361,30.867,0.03,Liquid-Gas,Experimental,NIST,Authors: Ambrose, D.;Sprake, C. H. S.;Townsend, R. Title: Thermodynamic Properties of Organic Oxygen Compounds XXXIII. The Vapor Pressure of Acetone Citation: J. Chem. Thermodyn.,1974,6,693,,,,
298.864226,31.793,0,Liquid-Gas,Experimental,NIST,Authors: Olivares Fuentes, A., Suarez Cansino, J.;Trejo Redriquez, A. Title: The Vapor Pressure of Pure Organic Compounds by Dynamic Ebulliometry, Citation: Rev. Mex. Fis.,1983,30, 63-82,,
298.864226,31.793,0.06225,Liquid-Gas,Experimental,NIST,Authors: Olivares, A.;Suarez, J.;Trejo Rodriguez, A. Title: Estudio Del Equilibrio Liquido--Vapor Por Ebulliometria Dinamica Citation: Rev. Inst. Mex. Pet.,1984,16,48,,,,
298.864226,31.793,0.04382,Liquid-Gas,Experimental,NIST,Authors: Olivares, A.;Suarez, J.;Trejo Rodriguez, A. Title: The vapour pressure of pure organic compounds by dynamic ebulliometry. Citation: Rev. Mex. Fis.,1983,30,63,,,,
299.845316,32.63598,0.16,Liquid-Gas,Experimental - Rejected,NIST,Authors: Felsing, W. A.;Durban, S. A. Title: The vapor pressures, densities, and some derived quantities for acetone Citation: J. Am. Chem. Soc.,1926,48,2885,,,
300.295136,33.331,0.4,Liquid-Gas,Experimental - Rejected,NIST,Authors: Marinichev, A. N.;Susarev, M. P. Title: A study of liquid-vapor equilibrium in the acetone-methanol and acetone- cyclohexane systems at temperatures of 25,45, and 55 degrees and a pressure of 760mm Hg. Citation: Zh. Prikl. Khim. (Leningrad),1965,38,378,,,
300.443865,33.33,0.33,Liquid-Gas,Experimental - Rejected,NIST,Authors: Francesconi, R.;Comelli, F.;Canepa, R. Title: Liquid-vapour equilibrium with association of components the acetic acid + acetone and water + pyridine mixtures Citation: Chim. Ind. (Milan, Italy),1974,56,485,,,
300.73496,33.9305,0,Liquid-Gas,Experimental - Rejected,NIST,Authors: Taylor, A. E. Title: Vapour-pressure relations in mixtures of two liquids, II. Citation: J. Phys. Chem.,1900,4,355,,,,,
301.28474,34.5038,0.517557,Liquid-Gas,Experimental - Rejected,NIST,Authors: Beckmann, E.;Faust, O. Citation: Z. Phys. Chem. (Leipzig),1914,89,235,,,,,
301.28474,34.5,0,Liquid-Gas,Experimental - Rejected,NIST,Authors: Beckmann, E.;Faust, O. Title: The vapour pressure of acetone + chloroform mixtures as a function of temperature Citation: Z. Phys. Chem., Stoechiom. Verwandschaftsl.,1915,89,235,,,,
301.33472,34.8638,0,Liquid-Gas,Experimental - Rejected,NIST,Authors: Taylor, A. E. Title: Vapour-pressure relations in mixtures of two liquids, II. Citation: J. Phys. Chem.,1900,4,355,,,,,
301.4945497,35.493,0.073,Liquid-Gas,Experimental,NIST,Authors: Boublik, T.;Aim, K. Title: Heats of Vaporization of Simple Non-spherical Molecule Compounds Citation: Collect. Czech. Chem. Commun.,1972,37,3513,,,,,
301.8204519,36.06637,0.181318,Liquid-Gas,Experimental,NIST,Authors: Kraus, J.;Linek, J. Title: Liquid-vapor equilibrium. XLVIII. The systems acetone-benzene, acetone-toluene, benzene-methyl ethyl ketone, methyl ethyl ketone-toluene and methyl ethyl ketone-ethylbenzene Citation: Collect. Czech. Chem. Commun.,1971,36,2547,,
303.134,37.4636,0.0533,Liquid-Gas,Experimental - Rejected,NIST,Authors: Campbell, F. H. Title: The vapour pressure of liquids in presence of gases Citation: Trans. Faraday Soc.,1915,10,197,,,,,,
303.134,36.77,0,Liquid-Gas,Experimental - Rejected,NIST,Authors: Campbell, F. H. Title: The Vapour Pressures and Specific Volumes of Binary Mixtures of Volatile with Non-Volatile Liquids. Citation: Trans. Faraday Soc.,1915,11,91,,,,,,
303.134,37.2769,0.22665,Liquid-Gas,Experimental - Rejected,NIST,Authors: Mathews, J. H. Title: The Accurate Measurement of Heats of Vaporization of Liquids Citation: J. Am. Chem. Soc.,1926,48, 562-576,,,,,,
303.134,37.46,0,Liquid-Gas,Experimental - Rejected,NIST,Authors: Schulze, A. Citation: Z. Phys. Chem., Stoechiom. Verwandschaftsl.,1919,93,372,,,,,
303.143055,37.901,1.9058,Liquid-Gas,Experimental,NIST,Authors: Byer, S. M.;Gibbs, R. E.;Van Ness, H. C. Title: Vapor-Liquid Equilibrium Part II. Correlations from P-x Data for 15 Systems Citation: AIChE J.,1973,19,245,,,,
303.143055,38.05367,0.1669196,Liquid-Gas,Experimental,NIST,Authors: Olson, J. D. Title: Ebulliometric determination of PTx data and Ge for acetone + methyl acetate from 20 to 60 C Citation: J. Chem. Eng. Data,1981,26,58,,,,,,
303.15,37.84,0.69,Liquid-Gas,Experimental,NIST,Authors: Dragoescu, D.;Barhala, A.;Vilcu, R. Title: Vapour pressures and excess Gibbs energy of propane-2-one + chloroalkanes binary mixtures Citation: Fluid Phase Equilib.,1998,146, 247-259,,,,
303.15,36.4,0.4,Liquid-Gas,Experimental - Rejected,NIST,Authors: Matvienko, V. G.;Yarym-Agaev, N. L. Title: Liquid-vapor equilibrium in the system n-butane-acetone Citation: Zh. Prikl. Khim. (S.-Peterburg),1994,67,158,,,,,
303.2,36.4,0.4,Liquid-Gas,Experimental - Rejected,NIST,Authors: Matvienko, V. G.;Yarym-Agaev, N. L. Title: Liquid-vapor equilibrium in the system n-butane-acetone Citation: Zh. Prikl. Khim. (S.-Peterburg),1994,67,158,,,,,
304.1,39.45,0.15,Liquid-Gas,Experimental,NIST,Authors: Segura, H.;Mejia, A.;Reich, R.;Wisniak, J.;Loras, S. Title: ISOBARIC VAPOR LIQUID EQUILIBRIA AND DENSITIES FOR THE BINARY SYSTEMS OXOLANEpETHYL 1,1-DIMETHYLETHYL ETHER, OXOLANEp2-PROPANOL AND PROPAN-2-ONEpTRICHLOROMETHANE Citation: Phys. Chem. Liq.,2003,41, 283-301
304.33352,39.33,0,Liquid-Gas,Experimental - Rejected,NIST,Authors: Taylor, A. E. Title: Vapour-pressure relations in mixtures of two liquids, II. Citation: J. Phys. Chem.,1900,4,355,,,,,
304.53344,39.997,0.4,Liquid-Gas,Experimental,NIST,Authors: Marinichev, A. N.;Susarev, M. P. Title: A study of liquid-vapor equilibrium in the acetone-methanol and acetone- cyclohexane systems at temperatures of 25,45, and 55 degrees and a pressure of 760mm Hg. Citation: Zh. Prikl. Khim. (Leningrad),1965,38,378,,,
304.83332,40.13,0,Liquid-Gas,Experimental - Rejected,NIST,Authors: Taylor, A. E. Title: Vapour-pressure relations in mixtures of two liquids, II. Citation: J. Phys. Chem.,1900,4,355,,,,,
305.43308,41.063,0,Liquid-Gas,Experimental - Rejected,NIST,Authors: Taylor, A. E. Title: Vapour-pressure relations in mixtures of two liquids, II. Citation: J. Phys. Chem.,1900,4,355,,,,,
306.23276,42.397,0,Liquid-Gas,Experimental - Rejected,NIST,Authors: Taylor, A. E. Title: Vapour-pressure relations in mixtures of two liquids, II. Citation: J. Phys. Chem.,1900,4,355,,,,,
307.33,45.21,0.39,Liquid-Gas,Experimental,NIST,Authors: Soni, M.;Ramgugernath, D.;Raal, J. D. Title: Vapor-Liquid Equilibrium for Binary Systems of Diacetyl with Methanol and Acetone Citation: J. Chem. Eng. Data,2006,51, 2083-2087,,,,
307.9916,44.6853383,0.22303499,Liquid-Gas,Experimental - Rejected,NIST,Authors: Kozempel, M. F.;Kelly, C. M. Title: Vapor-liquid equilibria of acetone, isopropenyl acetate, and acetic anhydride Citation: J. Chem. Eng. Data,1975,20, 367-70,,,
308.012048,45.9722,0.1513,Liquid-Gas,Experimental,NIST,Authors: Sokolov, V. V.;Zhilina, L. P.;Mishchenko, K. P. Title: Thermodynamics of Evaporation of Acetone at Different Temperatures Citation: Zh. Prikl. Khim. (Leningrad),1963,36, 750-4,,,,
308.132,46.3562,0.0667,Liquid-Gas,Experimental,NIST,Authors: Beare, W. G.;McVicar, G. A.;Ferguson, J. B. Title: The determination of vapour and liquid compositions in binary systems: II acetone - water at 25c Citation: J. Phys. Chem.,1930,34,1310,,,,
308.132,46.97,0,Liquid-Gas,Experimental,NIST,Authors: Bjerrum, N.;Jozefowicz, E. Title: Ionic concentration coefficients: II solubility of tetraethyl silane and tetraethyl ammonium halides in various solvents Citation: Z. Phys. Chem. Abt. A,1932,159,194,,,,,
308.132,44.00038,4.4063176,Liquid-Gas,Experimental - Rejected,NIST,Authors: Edwards, J. L.;Schaefer, K. Title: Vapor Pressure and Activity Coeff. of the Acetone-isooctane System Citation: Z. Naturforsch., A: Astrophys. Phys. Phys. Chem.,1964,19,136,,,,
308.132,45.8788,0.026664,Liquid-Gas,Experimental - Rejected,NIST,Authors: Mueller, C. R.;Kearns, E. R. Title: Thermodynamic Studies of the System Acetone and Chloroform Citation: J. Phys. Chem.,1958,62, 1441-5,,,,,
308.141555,46.581,0.336,Liquid-Gas,Experimental,NIST,Authors: Song, H.;Liu, G.;Hu, Y. Title: Solubilities of hydrogen in acetone-water mixed solvents Citation: Wuli Huaxue Xuebao,1988,4,285,,,,
308.141555,46.51484,0.33597,Liquid-Gas,Experimental,NIST,Authors: Wang, K.;Tang, D.;Hu, Y. Title: Study on the Isothermal Vapor Liquid Equilibrium of Acetone-Water Binary System over the Temperature range 25-55 C Citation: Huadong Huagong Xueyuan Xuebao,1982,8, 387-402,,,,
308.141555,44.95657194,1.45682285,Liquid-Gas,Experimental - Rejected,NIST,Authors: Diaz, J. I.;Diaz, S.;Edwards, J.;Tapia, P. Title: Vapor pressures and activity coefficients of diluted mixtures of n-heptane + diethyl ketone and acetone + n-hexane systems. Citation: An. Quim.,1977,73, 774-8,,,
308.15,46.5,0.147,Liquid-Gas,Experimental,NIST,Authors: Fenclova, D.;Dohnal, V. Title: (Vapor + liquid) equilibria of {1-bromo-1-chloro-2,2,2- trifluoroethane ( halothane) + an oxygenated solvent or hexane} Citation: J. Chem. Thermodyn.,1993,25, 689-697,,,
308.201972,45.46159,0.19198,Liquid-Gas,Experimental - Rejected,NIST,Authors: Felsing, W. A.;Durban, S. A. Title: The vapor pressures, densities, and some derived quantities for acetone Citation: J. Am. Chem. Soc.,1926,48,2885,,,
308.23196,45.9696,0.25331,Liquid-Gas,Experimental - Rejected,NIST,Authors: Mathews, J. H. Title: The Accurate Measurement of Heats of Vaporization of Liquids Citation: J. Am. Chem. Soc.,1926,48, 562-576,,,,,,
308.301932,45.8361,0.1733,Liquid-Gas,Experimental - Rejected,NIST,Authors: Von Zawidzki, J, Title: Vapor pressures of binary liquid mixtures Citation: Z. Phys. Chem., Stoechiom. Verwandschaftsl.,1900,35,129,,,,
308.301932,45.9294,0.1733,Liquid-Gas,Experimental - Rejected,NIST,Authors: Von Zawidzki, J, Title: Vapor pressures of binary liquid mixtures Citation: Z. Phys. Chem., Stoechiom. Verwandschaftsl.,1900,35,129,,,,
308.301932,45.92956,0,Liquid-Gas,Experimental - Rejected,NIST,Authors: Von Zawidzki, J, Title: Vapor pressures of binary liquid mixtures Citation: Z. Phys. Chem., Stoechiom. Verwandschaftsl.,1900,35,129,,,,
308.301932,45.84023,0,Liquid-Gas,Experimental - Rejected,NIST,Authors: Von Zawidzki, J, Title: Vapor pressures of binary liquid mixtures Citation: Z. Phys. Chem., Stoechiom. Verwandschaftsl.,1900,35,129,,,,
308.311504,46.8495,0.8799,Liquid-Gas,Experimental,NIST,Authors: Tamir, A.;Apelblat, A.;Wagner, M. Title: A new device for measuring isothermal vapor-liquid equilibria. Citation: Fluid Phase Equilib.,1981,6, 237-59,,,,
308.33192,46.263,0,Liquid-Gas,Experimental - Rejected,NIST,Authors: Taylor, A. E. Title: Vapour-pressure relations in mixtures of two liquids, II. Citation: J. Phys. Chem.,1900,4,355,,,,,
308.43188,46.396,0,Liquid-Gas,Experimental - Rejected,NIST,Authors: Taylor, A. E. Title: Vapour-pressure relations in mixtures of two liquids, II. Citation: J. Phys. Chem.,1900,4,355,,,,,
308.741375,46.66,0.47,Liquid-Gas,Experimental - Rejected,NIST,Authors: Francesconi, R.;Comelli, F.;Canepa, R. Title: Liquid-vapour equilibrium with association of components the acetic acid + acetone and water + pyridine mixtures Citation: Chim. Ind. (Milan, Italy),1974,56,485,,,
308.771366,47.653,0,Liquid-Gas,Experimental,NIST,Authors: Olivares Fuentes, A., Suarez Cansino, J.;Trejo Redriquez, A. Title: The Vapor Pressure of Pure Organic Compounds by Dynamic Ebulliometry, Citation: Rev. Mex. Fis.,1983,30, 63-82,,
308.771366,47.653,0.07336,Liquid-Gas,Experimental,NIST,Authors: Olivares, A.;Suarez, J.;Trejo Rodriguez, A. Title: Estudio Del Equilibrio Liquido--Vapor Por Ebulliometria Dinamica Citation: Rev. Inst. Mex. Pet.,1984,16,48,,,,
308.771366,47.653,0.04572,Liquid-Gas,Experimental,NIST,Authors: Olivares, A.;Suarez, J.;Trejo Rodriguez, A. Title: The vapour pressure of pure organic compounds by dynamic ebulliometry. Citation: Rev. Mex. Fis.,1983,30,63,,,,
308.83172,47.1295,0,Liquid-Gas,Experimental - Rejected,NIST,Authors: Taylor, A. E. Title: Vapour-pressure relations in mixtures of two liquids, II. Citation: J. Phys. Chem.,1900,4,355,,,,,
309.03164,47.3961,0,Liquid-Gas,Experimental - Rejected,NIST,Authors: Taylor, A. E. Title: Vapour-pressure relations in mixtures of two liquids, II. Citation: J. Phys. Chem.,1900,4,355,,,,,
310.53104,50.66,0,Liquid-Gas,Experimental - Rejected,NIST,Authors: Schreinemakers, F. A. H. Title: Vapor pressures in the system: water, acetone and phenol. I. Citation: Z. Phys. Chem. (Leipzig),1902,39,485,,,,,
311.6306,52.9956,0,Liquid-Gas,Experimental - Rejected,NIST,Authors: Taylor, A. E. Title: Vapour-pressure relations in mixtures of two liquids, II. Citation: J. Phys. Chem.,1900,4,355,,,,,
311.83052,53.2623,0,Liquid-Gas,Experimental - Rejected,NIST,Authors: Taylor, A. E. Title: Vapour-pressure relations in mixtures of two liquids, II. Citation: J. Phys. Chem.,1900,4,355,,,,,
311.93048,53.062,0,Liquid-Gas,Experimental - Rejected,NIST,Authors: Taylor, A. E. Title: Vapour-pressure relations in mixtures of two liquids, II. Citation: J. Phys. Chem.,1900,4,355,,,,,
311.960468,53.329,0.53329,Liquid-Gas,Experimental - Rejected,NIST,Authors: Marinichev, A. N.;Susarev, M. P. Title: A study of liquid-vapor equilibrium in the acetone-methanol and acetone- cyclohexane systems at temperatures of 25,45, and 55 degrees and a pressure of 760mm Hg. Citation: Zh. Prikl. Khim. (Leningrad),1965,38,378,,,
312.23036,53.7956,0,Liquid-Gas,Experimental - Rejected,NIST,Authors: Taylor, A. E. Title: Vapour-pressure relations in mixtures of two liquids, II. Citation: J. Phys. Chem.,1900,4,355,,,,,
312.52,55.29,0.43,Liquid-Gas,Experimental,NIST,Authors: Soni, M.;Ramjugernath, D.;Raal, J. D. Title: Vapor Liquid Equilibrium for Binary Systems of 2,3-Pentanedione with Diacetyl and Acetone Citation: J. Chem. Eng. Data,2008,53, 745-749,,,
312.93008,55.3954,0.29331,Liquid-Gas,Experimental - Rejected,NIST,Authors: Mathews, J. H. Title: The Accurate Measurement of Heats of Vaporization of Liquids Citation: J. Am. Chem. Soc.,1926,48, 562-576,,,,,,
313.040036,55.9047,0.1811,Liquid-Gas,Experimental - Rejected,NIST,Authors: Sokolov, V. V.;Zhilina, L. P.;Mishchenko, K. P. Title: Thermodynamics of Evaporation of Acetone at Different Temperatures Citation: Zh. Prikl. Khim. (Leningrad),1963,36, 750-4,,,,
313.13,56.1954,0.0667,Liquid-Gas,Experimental,NIST,Authors: Sameshima, J. Title: On the system acetone - ethyl ether Citation: J. Am. Chem. Soc.,1918,40, 1482-1503,,,,,,
313.13,56.5419,0.1331,Liquid-Gas,Experimental,NIST,Authors: Van Ness, H. C.;Kochar, N. K. Title: Vapor-Liquid Equilibria: Acetone-Acetonitrile Citation: J. Chem. Eng. Data,1967,12,38,,,,,
313.13,55.9954,0.2933,Liquid-Gas,Experimental - Rejected,NIST,Authors: Schmidt, G. C. Title: The vapor pressure of binary mixtures Citation: Z. Phys. Chem., Stoechiom. Verwandschaftsl.,1921,99,71,,,,,
313.140055,56.742,0.5066,Liquid-Gas,Experimental,NIST,Authors: Eng, W. W. Y. Citation: M.Sc. Thesis, Brigham Young University, Provo, UT (1977),,,,,,
313.140055,56.57,0.1,Liquid-Gas,Experimental,NIST,Authors: Goral, M.;Kolasinska, G;Oracz, P.;Warycha, S. Title: Vapor-liquid equilibria. II. The ternary system methanol-chloroform-acetone at 313.15 and 323.15 K Citation: Fluid Phase Equilib.,1985,23,89,,,
313.140055,56.61,0.25,Liquid-Gas,Experimental,NIST,Authors: Hicks, P. J.;Prausnitz, J. M. Title: Solubility of acetone and isopropyl ether in compressed nitrogen, methane and carbon dioxide Citation: J. Chem. Eng. Data,1981,26, 74-80,,,,
313.140055,56.03,0.04,Liquid-Gas,Experimental - Rejected,NIST,Authors: Kolasinska, G;Goral, M.;Giza, J. Title: Vapor-Liquid Equilibrium and Excess Gibbs Free Energy in Binary Systems of Acetone with Aliphatic and Aromatic Hydrocarbons Citation: Z. Phys. Chem. (Leipzig),1982,263,151,,,,
313.140055,53.3,1.6,Liquid-Gas,Experimental - Rejected,NIST,Authors: Leu, A. D.;Chen, C. J.;Robinson, D. B. Title: Vapor-liquid equilibrium in selected binary systems Citation: AIChE Symp. Ser.,1989,85, 11-16,,,,
313.15,54.1,0.5,Liquid-Gas,Experimental - Rejected,NIST,Authors: Matvienko, V. G.;Yarym-Agaev, N. L. Title: Liquid-vapor equilibrium in the system n-butane-acetone Citation: Zh. Prikl. Khim. (S.-Peterburg),1994,67,158,,,,,
313.159991,55.9554,0.1812,Liquid-Gas,Experimental - Rejected,NIST,Authors: Sokolov, V. V.;Zhilina, L. P.;Mishchenko, K. P. Title: Thermodynamics of Evaporation of Acetone at Different Temperatures Citation: Zh. Prikl. Khim. (Leningrad),1963,36, 750-4,,,,
313.2,54.1,0.5,Liquid-Gas,Experimental - Rejected,NIST,Authors: Matvienko, V. G.;Yarym-Agaev, N. L. Title: Liquid-vapor equilibrium in the system n-butane-acetone Citation: Zh. Prikl. Khim. (S.-Peterburg),1994,67,158,,,,,
313.52988,56.662,0.84993,Liquid-Gas,Experimental - Rejected,NIST,Authors: Beckmann, E.;Faust, O. Citation: Z. Phys. Chem. (Leipzig),1914,89,235,,,,,
313.52988,56.66,0,Liquid-Gas,Experimental - Rejected,NIST,Authors: Beckmann, E.;Faust, O. Title: The vapour pressure of acetone + chloroform mixtures as a function of temperature Citation: Z. Phys. Chem., Stoechiom. Verwandschaftsl.,1915,89,235,,,,
314,57.96,0.47,Liquid-Gas,Experimental - Rejected,NIST,Authors: Vercher, E.;Orchilles, V.;Miguel, P. J.;Gonzalez-Alfaro, V.;Martinez-Andreu, A. Title: Isobaric vapor liquid equilibria for acetone + methanol + lithium nitrate at 100 kPa Citation: Fluid Phase Equilib.,2006,250, 131-137,,
314.659541,58.16855,0.22398,Liquid-Gas,Experimental - Rejected,NIST,Authors: Felsing, W. A.;Durban, S. A. Title: The vapor pressures, densities, and some derived quantities for acetone Citation: J. Am. Chem. Soc.,1926,48,2885,,,
314.82949,59.328,0,Liquid-Gas,Experimental - Rejected,NIST,Authors: Taylor, A. E. Title: Vapour-pressure relations in mixtures of two liquids, II. Citation: J. Phys. Chem.,1900,4,355,,,,,
314.999439,59.995,0.66661,Liquid-Gas,Experimental - Rejected,NIST,Authors: Marinichev, A. N.;Susarev, M. P. Title: A study of liquid-vapor equilibrium in the acetone-methanol and acetone- cyclohexane systems at temperatures of 25,45, and 55 degrees and a pressure of 760mm Hg. Citation: Zh. Prikl. Khim. (Leningrad),1965,38,378,,,
316.419013,63.4054,0.2035,Liquid-Gas,Experimental - Rejected,NIST,Authors: Sokolov, V. V.;Zhilina, L. P.;Mishchenko, K. P. Title: Thermodynamics of Evaporation of Acetone at Different Temperatures Citation: Zh. Prikl. Khim. (Leningrad),1963,36, 750-4,,,,
317,64.95,0.49,Liquid-Gas,Experimental - Rejected,NIST,Authors: Vercher, E.;Orchilles, V.;Miguel, P. J.;Gonzalez-Alfaro, V.;Martinez-Andreu, A. Title: Isobaric vapor liquid equilibria for acetone + methanol + lithium nitrate at 100 kPa Citation: Fluid Phase Equilib.,2006,250, 131-137,,
317.108806,65.2386,0.209,Liquid-Gas,Experimental - Rejected,NIST,Authors: Sokolov, V. V.;Zhilina, L. P.;Mishchenko, K. P. Title: Thermodynamics of Evaporation of Acetone at Different Temperatures Citation: Zh. Prikl. Khim. (Leningrad),1963,36, 750-4,,,,
317.15,66.66,2.07,Liquid-Gas,Experimental - Rejected,NIST,Authors: Jiang, H.;Li, H.;Wang, C.;Tan, T.;Han, S.-J. Title: (Vapour + liquid) equilibria for (2,2-dimethoxypropane + methanol) and (2,2-dimethoxypropane + acetone) Citation: J. Chem. Thermodyn.,2003,35, 1567-1572
317.33,66.06,0.22,Liquid-Gas,Experimental,NIST,Authors: Mejia, A.;Segura, H.;Cartes, M.;Calvo, C. Title: Vapor liquid equilibria and interfacial tensions for the ternary system acetone + 2,2 -oxybis[propane] + cyclohexane and its constituent binary systems Citation: Fluid Phase Equilib.,2008,270, 75-86,,
317.418771,66.487,0,Liquid-Gas,Experimental,NIST,Authors: Olivares Fuentes, A., Suarez Cansino, J.;Trejo Redriquez, A. Title: The Vapor Pressure of Pure Organic Compounds by Dynamic Ebulliometry, Citation: Rev. Mex. Fis.,1983,30, 63-82,,
317.418771,66.487,0.08654,Liquid-Gas,Experimental,NIST,Authors: Olivares, A.;Suarez, J.;Trejo Rodriguez, A. Title: Estudio Del Equilibrio Liquido--Vapor Por Ebulliometria Dinamica Citation: Rev. Inst. Mex. Pet.,1984,16,48,,,,
317.418771,66.487,0.04798,Liquid-Gas,Experimental,NIST,Authors: Olivares, A.;Suarez, J.;Trejo Rodriguez, A. Title: The vapour pressure of pure organic compounds by dynamic ebulliometry. Citation: Rev. Mex. Fis.,1983,30,63,,,,
317.488692,66.661,0.66661,Liquid-Gas,Experimental,NIST,Authors: Kudryavtseva, L. S.;Susarev, M. P. Title: Liquid-vapor equilibrium in chloroform-hexane and acetone-chloroform systems. Citation: Zh. Prikl. Khim. (Leningrad),1963,36, 1231-1237,,,,,
317.72862,66.395,0,Liquid-Gas,Experimental - Rejected,NIST,Authors: Taylor, A. E. Title: Vapour-pressure relations in mixtures of two liquids, II. Citation: J. Phys. Chem.,1900,4,355,,,,,
317.82859,66.4612,0,Liquid-Gas,Experimental - Rejected,NIST,Authors: Taylor, A. E. Title: Vapour-pressure relations in mixtures of two liquids, II. Citation: J. Phys. Chem.,1900,4,355,,,,,
317.848584,66.661,0.66661,Liquid-Gas,Experimental - Rejected,NIST,Authors: Marinichev, A. N.;Susarev, M. P. Title: A study of liquid-vapor equilibrium in the acetone-methanol and acetone- cyclohexane systems at temperatures of 25,45, and 55 degrees and a pressure of 760mm Hg. Citation: Zh. Prikl. Khim. (Leningrad),1965,38,378,,,
317.938557,67.6611,0.03373,Liquid-Gas,Experimental - Rejected,NIST,Authors: Dreisbach, R. R.;Shrader, S. A. Title: Vapor Pressure-Temperature Data on some Organic Compounds Citation: Ind. Eng. Chem.,1949,41, 2879-80,,,,,
317.9886,66.829917,0.266832188,Liquid-Gas,Experimental - Rejected,NIST,Authors: Kozempel, M. F.;Kelly, C. M. Title: Vapor-liquid equilibria of acetone, isopropenyl acetate, and acetic anhydride Citation: J. Chem. Eng. Data,1975,20, 367-70,,,
318.02853,67.461,0,Liquid-Gas,Experimental - Rejected,NIST,Authors: Taylor, A. E. Title: Vapour-pressure relations in mixtures of two liquids, II. Citation: J. Phys. Chem.,1900,4,355,,,,,
318.1285,68.27039,0.07066,Liquid-Gas,Experimental,NIST,Authors: Brown, I.;Smith, F. Title: Liquid-vapor equilibria VIII. the systems acetone+benzene and acetone+ carbon tetrachloride at 45 deg C. Citation: Aust. J. Chem.,1957,10,423,,,,,
318.1285,66.661,6.675,Liquid-Gas,Experimental,NIST,Authors: Edwards, J. L.;Schaefer, K. Title: Vapor Pressure and Activity Coeff. of the Acetone-isooctane System Citation: Z. Naturforsch., A: Astrophys. Phys. Phys. Chem.,1964,19,136,,,,
318.1285,67.3278,0.44,Liquid-Gas,Experimental - Rejected,NIST,Authors: Schaefer, K.;Rall, W. Title: Vapor Pressure and Activity Coefficients in the System Acetone-Hexane Citation: Ber. Bunsen-Ges. Phys. Chem.,1958,62,1090,,,,,
318.1285,67.6611,0,Liquid-Gas,Experimental - Rejected,NIST,Authors: Taylor, A. E. Title: Vapour-pressure relations in mixtures of two liquids, II. Citation: J. Phys. Chem.,1900,4,355,,,,,
318.15,67.9,2.08,Liquid-Gas,Experimental,NIST,Authors: Jiang, H.;Li, H.;Wang, C.;Tan, T.;Han, S.-J. Title: (Vapour + liquid) equilibria for (2,2-dimethoxypropane + methanol) and (2,2-dimethoxypropane + acetone) Citation: J. Chem. Thermodyn.,2003,35, 1567-1572
318.378425,68.1677,0.33331,Liquid-Gas,Experimental - Rejected,NIST,Authors: Mathews, J. H. Title: The Accurate Measurement of Heats of Vaporization of Liquids Citation: J. Am. Chem. Soc.,1926,48, 562-576,,,,,,
318.638347,67.42379,0.249313,Liquid-Gas,Experimental - Rejected,NIST,Authors: Felsing, W. A.;Durban, S. A. Title: The vapor pressures, densities, and some derived quantities for acetone Citation: J. Am. Chem. Soc.,1926,48,2885,,,
318.77,70.07,0.54,Liquid-Gas,Experimental,NIST,Authors: Soni, M.;Ramgugernath, D.;Raal, J. D. Title: Vapor-Liquid Equilibrium for Binary Systems of Diacetyl with Methanol and Acetone Citation: J. Chem. Eng. Data,2006,51, 2083-2087,,,,
318.8862726,78.0949,0.7827,Liquid-Gas,Experimental - Rejected,NIST,Authors: Swietoslawski, W. Citation: Bull. Soc. Chim. Fr.,1931,49,1563,,,,,,
320,72.6,0.54,Liquid-Gas,Experimental - Rejected,NIST,Authors: Vercher, E.;Orchilles, V.;Miguel, P. J.;Gonzalez-Alfaro, V.;Martinez-Andreu, A. Title: Isobaric vapor liquid equilibria for acetone + methanol + lithium nitrate at 100 kPa Citation: Fluid Phase Equilib.,2006,250, 131-137,,
320.32784,73.1273,0,Liquid-Gas,Experimental - Rejected,NIST,Authors: Taylor, A. E. Title: Vapour-pressure relations in mixtures of two liquids, II. Citation: J. Phys. Chem.,1900,4,355,,,,,
320.387822,73.327,0.8,Liquid-Gas,Experimental - Rejected,NIST,Authors: Marinichev, A. N.;Susarev, M. P. Title: A study of liquid-vapor equilibrium in the acetone-methanol and acetone- cyclohexane systems at temperatures of 25,45, and 55 degrees and a pressure of 760mm Hg. Citation: Zh. Prikl. Khim. (Leningrad),1965,38,378,,,
320.42781,73.061,0,Liquid-Gas,Experimental - Rejected,NIST,Authors: Taylor, A. E. Title: Vapour-pressure relations in mixtures of two liquids, II. Citation: J. Phys. Chem.,1900,4,355,,,,,
320.62775,73.9273,0,Liquid-Gas,Experimental - Rejected,NIST,Authors: Taylor, A. E. Title: Vapour-pressure relations in mixtures of two liquids, II. Citation: J. Phys. Chem.,1900,4,355,,,,,
320.6557996,74.93117,0.37597,Liquid-Gas,Experimental,NIST,Authors: Kraus, J.;Linek, J. Title: Liquid-vapor equilibrium. XLVIII. The systems acetone-benzene, acetone-toluene, benzene-methyl ethyl ketone, methyl ethyl ketone-toluene and methyl ethyl ketone-ethylbenzene Citation: Collect. Czech. Chem. Commun.,1971,36,2547,,
321.48,77.11,0.28,Liquid-Gas,Experimental,NIST,Authors: Segura, H.;Mejia, A.;Reich, R.;Wisniak, J.;Loras, S. Title: ISOBARIC VAPOR LIQUID EQUILIBRIA AND DENSITIES FOR THE BINARY SYSTEMS OXOLANEpETHYL 1,1-DIMETHYLETHYL ETHER, OXOLANEp2-PROPANOL AND PROPAN-2-ONEpTRICHLOROMETHANE Citation: Phys. Chem. Liq.,2003,41, 283-301
322.52718,79.1268,0,Liquid-Gas,Experimental - Rejected,NIST,Authors: Taylor, A. E. Title: Vapour-pressure relations in mixtures of two liquids, II. Citation: J. Phys. Chem.,1900,4,355,,,,,
322.62715,79.5268,0,Liquid-Gas,Experimental - Rejected,NIST,Authors: Taylor, A. E. Title: Vapour-pressure relations in mixtures of two liquids, II. Citation: J. Phys. Chem.,1900,4,355,,,,,
322.697129,79.993,0.8,Liquid-Gas,Experimental - Rejected,NIST,Authors: Marinichev, A. N.;Susarev, M. P. Title: A study of liquid-vapor equilibrium in the acetone-methanol and acetone- cyclohexane systems at temperatures of 25,45, and 55 degrees and a pressure of 760mm Hg. Citation: Zh. Prikl. Khim. (Leningrad),1965,38,378,,,
322.92706,79.9268,0,Liquid-Gas,Experimental - Rejected,NIST,Authors: Taylor, A. E. Title: Vapour-pressure relations in mixtures of two liquids, II. Citation: J. Phys. Chem.,1900,4,355,,,,,
323.08,81.8,0.4,Liquid-Gas,Experimental,NIST,Authors: Kim, Y.;Uusi-Kyyny, P.;Pokki, J. -P.;Pakkanen, M.;Multala, R.;Westerlund, L. M.;Aittamaa, J. Title: Isothermal vapour?liquid equilibrium measurements for six binary systems of C4 hydrocarbons + 2-propanone Citation: Fluid Phase Equilib.,2004,226, 173-181
323.127,82.5265,16.532,Liquid-Gas,Experimental,NIST,Authors: Schmidt, G. C. Title: Binary mixtures Citation: Z. Phys. Chem., Stoechiom. Verwandschaftsl.,1926,121, 221-53,,,,,
323.127,81.1984,0.039997,Liquid-Gas,Experimental - Rejected,NIST,Authors: Mueller, C. R.;Kearns, E. R. Title: Thermodynamic Studies of the System Acetone and Chloroform Citation: J. Phys. Chem.,1958,62, 1441-5,,,,,
323.127,80.66,0,Liquid-Gas,Experimental - Rejected,NIST,Authors: Schreinemakers, F. A. H. Title: Vapor pressures in the system: water, acetone and phenol. I. Citation: Z. Phys. Chem. (Leipzig),1902,39,485,,,,,
323.137055,81.976,0.44,Liquid-Gas,Experimental,NIST,Authors: Abbott, M. M.;Van Ness, H. C. Title: Vapor-liquid lequilibrium: part 3. data reduction with precise expressions for gE Citation: AIChE J.,1975,21,62,,,,,
323.137055,81.98707709,0.091726,Liquid-Gas,Experimental,NIST,Authors: DiElsi, D. P.;Patel, R. B.;Abbott, M. M.;Van Ness, H. C. Title: Excess Thermodynamic Functions for Ternary Systems. 3. Total Pressure Data and GE for Acetone-Acetonitrile-Methyl Acetate at 50 deg C c Citation: J. Chem. Eng. Data,1978,23, 242-5,,,
323.137055,81.01515302,0.090526,Liquid-Gas,Experimental - Rejected,NIST,Authors: DiElsi, D. P.;Patel, R. B.;Abbott, M. M.;Van Ness, H. C. Title: Excess Thermodynamic Functions for Ternary Systems. 3. Total Pressure Data and GE for Acetone-Acetonitrile-Methyl Acetate at 50 deg C c Citation: J. Chem. Eng. Data,1978,23, 242-5,,,
323.15,80.14,0.81,Liquid-Gas,Experimental - Rejected,NIST,Authors: Gorbunov, A. N. Citation: Zh. Fiz. Khim.,1999,73,138,,,,,,
323.376925,101.325,1.519875,Liquid-Gas,Experimental - Rejected,NIST,Authors: Lecat, M. Title: Orthobaric Azeotropes of Sulfides Citation: Bull. Cl. Sci. Acad. R. Belg.,1947,33, 160-82,,,,,,
323.42691,81.9799,0.38663,Liquid-Gas,Experimental - Rejected,NIST,Authors: Mathews, J. H. Title: The Accurate Measurement of Heats of Vaporization of Liquids Citation: J. Am. Chem. Soc.,1926,48, 562-576,,,,,,
323.52688,80.17474,0.28131,Liquid-Gas,Experimental - Rejected,NIST,Authors: Felsing, W. A.;Durban, S. A. Title: The vapor pressures, densities, and some derived quantities for acetone Citation: J. Am. Chem. Soc.,1926,48,2885,,,
324.62655,85.393,0,Liquid-Gas,Experimental - Rejected,NIST,Authors: Taylor, A. E. Title: Vapour-pressure relations in mixtures of two liquids, II. Citation: J. Phys. Chem.,1900,4,355,,,,,
324.636605,86.66,0.87,Liquid-Gas,Experimental,NIST,Authors: Francesconi, R.;Comelli, F.;Canepa, R. Title: Liquid-vapour equilibrium with association of components the acetic acid + acetone and water + pyridine mixtures Citation: Chim. Ind. (Milan, Italy),1974,56,485,,,
324.72652,85.6596,0,Liquid-Gas,Experimental - Rejected,NIST,Authors: Taylor, A. E. Title: Vapour-pressure relations in mixtures of two liquids, II. Citation: J. Phys. Chem.,1900,4,355,,,,,
324.82649,85.993,0,Liquid-Gas,Experimental - Rejected,NIST,Authors: Taylor, A. E. Title: Vapour-pressure relations in mixtures of two liquids, II. Citation: J. Phys. Chem.,1900,4,355,,,,,
325.1264,86.66,0,Liquid-Gas,Experimental - Rejected,NIST,Authors: Taylor, A. E. Title: Vapour-pressure relations in mixtures of two liquids, II. Citation: J. Phys. Chem.,1900,4,355,,,,,
325.306404,88.536,0.064,Liquid-Gas,Experimental,NIST,Authors: Ambrose, D.;Sprake, C. H. S.;Townsend, R. Title: Thermodynamic Properties of Organic Oxygen Compounds XXXIII. The Vapor Pressure of Acetone Citation: J. Chem. Thermodyn.,1974,6,693,,,,
326.1261,101.325,5.06625,Liquid-Gas,Experimental - Rejected,NIST,Authors: Kornblum, N.;Blackwood. R. K.;Mooberry, D. D. Citation: J. Am. Chem. Soc.,1956,78,1501,,,,,
327.02583,92.7257,0,Liquid-Gas,Experimental - Rejected,NIST,Authors: Taylor, A. E. Title: Vapour-pressure relations in mixtures of two liquids, II. Citation: J. Phys. Chem.,1900,4,355,,,,,
327.1258,92.9924,0,Liquid-Gas,Experimental - Rejected,NIST,Authors: Taylor, A. E. Title: Vapour-pressure relations in mixtures of two liquids, II. Citation: J. Phys. Chem.,1900,4,355,,,,,
327.15,101.32,0,Liquid-Gas,Experimental - Rejected,NIST,Authors: Savescu, V.;Cioroianu, D.;Ionescu, I.;Simoiu, L. Title: Liquid-vapor equilibrium in binary systems of crotonaldehyde with acetone and acetic acid Citation: Rev. Chim. (Bucharest),1991,42, 402-5,,,
327.16,94,0.2,Liquid-Gas,Experimental,NIST,Authors: Mejia, A.;Segura, H.;Cartes, M.;Cifuentes, L.;Flores, M. Title: Phase equilibria and interfacial tensions in the systems methyl tert-butyl ether + acetone + cyclohexane, methyl tert-butyl ether + acetone and methyl tert-butyl ether + cyclohexane Citation: Fluid Phase Equilib.,2008,273, 68-77,
327.175785,92.9924,0,Liquid-Gas,Experimental - Rejected,NIST,Authors: Taylor, A. E. Title: Vapour-pressure relations in mixtures of two liquids, II. Citation: J. Phys. Chem.,1900,4,355,,,,,
327.22577,93.1257,0,Liquid-Gas,Experimental - Rejected,NIST,Authors: Taylor, A. E. Title: Vapour-pressure relations in mixtures of two liquids, II. Citation: J. Phys. Chem.,1900,4,355,,,,,
327.32574,93.326,0,Liquid-Gas,Experimental - Rejected,NIST,Authors: Taylor, A. E. Title: Vapour-pressure relations in mixtures of two liquids, II. Citation: J. Phys. Chem.,1900,4,355,,,,,
327.62565,95.8254,2.395635,Liquid-Gas,Experimental,NIST,Authors: Clusius, K.;Ringer, W. Title: Partial miscibility in the system acetone + carbon disulphide Citation: Z. Phys. Chem. Abt. A,1940,187,186,,,,,
328.195479,94.36557,0.31864,Liquid-Gas,Experimental - Rejected,NIST,Authors: Felsing, W. A.;Durban, S. A. Title: The vapor pressures, densities, and some derived quantities for acetone Citation: J. Am. Chem. Soc.,1926,48,2885,,,
328.22547,98.8985,1.4834775,Liquid-Gas,Experimental - Rejected,NIST,Authors: Beckmann, E.;Faust, O. Citation: Z. Phys. Chem. (Leipzig),1914,89,235,,,,,
328.22547,98.9,0,Liquid-Gas,Experimental - Rejected,NIST,Authors: Beckmann, E.;Faust, O. Title: The vapour pressure of acetone + chloroform mixtures as a function of temperature Citation: Z. Phys. Chem., Stoechiom. Verwandschaftsl.,1915,89,235,,,,
328.475395,98.6583,1.4798745,Liquid-Gas,Experimental,NIST,Authors: Loiseleur, H.;Merlin, J. C.;Paris, R. A. Title: Boiling point and dew point diagrams (under 740 mm) of the systems acetone + carbon sulfide, acetone + tetrachloroethylene, and cyclopentanone + carbon sulfide Citation: J. Chim. Phys. Phys.-Chim. Biol.,1964,61, 1231-1233,,
328.475395,98.8985,4.944925,Liquid-Gas,Experimental,NIST,Authors: Owen, K.;Quayle, O. R.;Clegg, W. J. Title: A Study or Organic Parachors VI. Constitutive Variations of the Parachors of A Series of Normal Ketones Citation: J. Am. Chem. Soc.,1942,64, 1294-6,,,,
328.475395,99.992,1.449884,Liquid-Gas,Experimental - Rejected,NIST,Authors: Teitel'baum, B. Ya.;Ganelina, S. G.;Gortalova, T. A. Title: Polythermal investigation of surface tension of aqueous solutions of acetone, methyl ethyl ketone, pyridine, and cloral Citation: Zh. Fiz. Khim.,1951,25, 1043-1049,
328.5,99.99,2.52,Liquid-Gas,Experimental - Rejected,NIST,Authors: Jiang, H.;Li, H.;Wang, C.;Tan, T.;Han, S.-J. Title: (Vapour + liquid) equilibria for (2,2-dimethoxypropane + methanol) and (2,2-dimethoxypropane + acetone) Citation: J. Chem. Thermodyn.,2003,35, 1567-1572
328.505386,101.325,0.506625,Liquid-Gas,Experimental - Rejected,NIST,Authors: Findlay, A. Title: The viscosoty of binary mixtures at their boiling points. Citation: Z. Phys. Chem., Stoechiom. Verwandschaftsl.,1909,69,203,,,,,
328.52538,97.112,0,Liquid-Gas,Experimental - Rejected,NIST,Authors: Pettit Citation: J. Phys. Chem.,1898,3,349,,,,,,,
328.5503725,101.325,5.06625,Liquid-Gas,Experimental - Rejected,NIST,Authors: Albright, P. S. Title: Exper. Tests of Recent Theories Descriptive of the Salting-out Effect Citation: J. Am. Chem. Soc.,1937,59,2098,,,,,,
328.62535,101.325,5.06625,Liquid-Gas,Experimental - Rejected,NIST,Authors: Wender, I.;Levine, R.;Orchin, M. Title: Chemistry of the oxo and related reactions: II hydrogenation Citation: J. Am. Chem. Soc.,1950,72,4375,,,,
328.72532,101.325,5.06625,Liquid-Gas,Experimental,NIST,Authors: Kohlraush, K. W. F.;Koppl, F. Citation: Z. Phys. Chem. Abt. B,1934,24,370,,,,,
328.72532,98.3252,0,Liquid-Gas,Experimental - Rejected,NIST,Authors: Taylor, A. E. Title: Vapour-pressure relations in mixtures of two liquids, II. Citation: J. Phys. Chem.,1900,4,355,,,,,
328.735375,101.32,1.02,Liquid-Gas,Experimental - Rejected,NIST,Authors: Francesconi, R.;Comelli, F.;Canepa, R. Title: Liquid-vapour equilibrium with association of components the acetic acid + acetone and water + pyridine mixtures Citation: Chim. Ind. (Milan, Italy),1974,56,485,,,
328.8,101.3,0.5,Liquid-Gas,Experimental - Rejected,NIST,Authors: Resa, J. M.;Gonzalez, C.;Betolaza, M. A.;Ruiz, A. Title: Behaviour of butyl ether as entrainer for the extractive distillation of the azeotropic mixture propanone+diisopropyl ether. Isobaric VLE data of the azeotropic components with the entrainer Citation: Fluid Phase Equilib.,1999,156, 89-99,,,
328.82529,99.725,0.498625,Liquid-Gas,Experimental,NIST,Authors: Bennewitz, K.;Rossner, W. Title: The molar heat of organic vapors Citation: Z. Phys. Chem. Abt. B,1938,39,126,,,,,
328.82529,96.0585,1.4408775,Liquid-Gas,Experimental - Rejected,NIST,Authors: Paul, T.;Schantz, K. Title: The boiling point as indicator of purity and a new apparatus for its determination without thermometer correction. Citation: Arch. Pharm. (Weinheim),1919,257,87,,,,,
328.82529,98.5919,0,Liquid-Gas,Experimental - Rejected,NIST,Authors: Taylor, A. E. Title: Vapour-pressure relations in mixtures of two liquids, II. Citation: J. Phys. Chem.,1900,4,355,,,,,
328.875275,101.325,2.0265,Liquid-Gas,Experimental - Rejected,NIST,Authors: Quinlan, J. E.;Amis, E. S. Citation: J. Am. Chem. Soc.,1955,77,4187,,,,,
328.885272,98.659,0.4439655,Liquid-Gas,Experimental - Rejected,NIST,Authors: Ebersole, M. R. Title: Minimum Boiling-Points and Vapor Composition II. Citation: J. Phys. Chem.,1901,5,239,,,,,,
328.915263,97.0854,0.970854,Liquid-Gas,Experimental - Rejected,NIST,Authors: Thorpe, T. E. Title: On the Relation Between the Molecular Weights of Substances and their Specific Gravities in the Liquid State Citation: J. Chem. Soc.,1880,37,141,,,,,,
328.975245,100.2984,2.50746,Liquid-Gas,Experimental,NIST,Authors: Richards, T. W.;Shipley, J. W. Title: The Compressibility of Certain Typical Hydrocarbons, Alcohols and Ketones Citation: J. Am. Chem. Soc.,1916,38, 989-99,,,,
329,100,0.7,Liquid-Gas,Experimental,NIST,Authors: Orchilles, A. V.;Miguel, P. J.;Gonzalez-Alfaro, V.;Vercher, E.;Martinez-Andreu, A. Title: 1-Ethyl-3-methylimidazolium Dicyanamide as a Very Efficient  Entrainer for the Extractive Distillation of the Acetone + Methanol  System Citation: J. Chem. Eng. Data,2012,57, 394-399,,
329.02523,100.6584,2.51646,Liquid-Gas,Experimental,NIST,Authors: Tutwiler, F. B.;McKee, R. L. Citation: J. Am. Chem. Soc.,1954,76,6342,,,,,
329.075215,101.325,10.1325,Liquid-Gas,Experimental,NIST,Authors: Serebryakov, B. R.;Konoval'chukov, A. G. Title: Liquid-vapour equilibrium in the system acetone + acrylonitrile. Citation: Russ. J. Phys. Chem.,1966,40, 746-7,,,,,
329.075215,99.5785,0.4533,Liquid-Gas,Experimental - Rejected,NIST,Authors: Mathews, J. H. Title: The Accurate Measurement of Heats of Vaporization of Liquids Citation: J. Am. Chem. Soc.,1926,48, 562-576,,,,,,
329.105206,100.4451,1.5066765,Liquid-Gas,Experimental,NIST,Authors: Tonomura, T. Title: Measurements of Some Physical Constants of Organic Compounds at Low Temperature Citation: Sci. Rep. Tohoku Imp. Univ., Ser. 1,1933,22, 104-30,,,,,
329.1252,101.325,2.0265,Liquid-Gas,Experimental,NIST,Authors: Mathews, J. H. Title: The Accurate Measurement of Heats of Vaporization of Liquids Citation: J. Am. Chem. Soc.,1926,48, 562-576,,,,,,
329.1252,100.2851,5.014255,Liquid-Gas,Experimental,NIST,Authors: Schiff, R. Citation: Justus Liebigs Ann. Chem.,1883,220,71,,,,,,
329.1252,97.4586,4.87293,Liquid-Gas,Experimental - Rejected,NIST,Authors: Beckmann, E.;Fuchs, G.;Gernhardt, V. Title: Determination of molecular weights: III determination of constants by the boiling point method Citation: Z. Phys. Chem., Stoechiom. Verwandschaftsl.,1895,18,473,,,
329.1252,99.9915,0.24997875,Liquid-Gas,Experimental - Rejected,NIST,Authors: Swietoslawski, W.;Kreglewski, A. Title: Critical State of Negative Azeotropes II. System Acetone-Chloroform Citation: Bull. Acad. Pol. Sci.,1954,2,187,,,,,
329.185182,101.325,5.06625,Liquid-Gas,Experimental,NIST,Authors: Drobig, V. J.;Lindenau," E. Title: A new approach to determine the isothermal liquid vapor equilibrium Citation: Wiss. Z. Tech. Hochsch. Chem. ""Carl Schorlemmer"" Leuna-Me- rseburg",1966, 8(2-3), 144-7,,,,,
329.195179,101.35966,0.107991,Liquid-Gas,Experimental,NIST,Authors: Brown, I.;Smith, F. Title: Liquid-vapor equilibria VIII. the systems acetone+benzene and acetone+ carbon tetrachloride at 45 deg C. Citation: Aust. J. Chem.,1957,10,423,,,,,
329.195237,101.325,0.506625,Liquid-Gas,Experimental,NIST,Authors: Kraus, J.;Linek, J. Title: Liquid-vapor equilibrium. XLVIII. The systems acetone-benzene, acetone-toluene, benzene-methyl ethyl ketone, methyl ethyl ketone-toluene and methyl ethyl ketone-ethylbenzene Citation: Collect. Czech. Chem. Commun.,1971,36,2547,,
329.215231,101.325,0.054,Liquid-Gas,Experimental,NIST,Authors: Ochi, K.;Lu, B. C. -Y. Citation: Fluid Phase Equilib.,1977,1,185,,,,,
329.22517,101.325,5.06625,Liquid-Gas,Experimental,NIST,Authors: Barr, G.;Bircumshaw, L. L. Citation: Aeron. Res. Comm. Rep. Mem. No. 746,1921,,,,,,,
329.22517,76399,381.995,Liquid-Gas,Experimental - Rejected,NIST,Authors: Mobius, H.-H. Title: Mixing Enthalpy and Miscibility of Acetone, Benzene, and Water Citation: J. Prakt. Chem.,1955,2, 95-104,,,,
329.235225,101.325,0.20265,Liquid-Gas,Experimental,NIST,Authors: Boublik, T.;Aim, K. Title: Heats of Vaporization of Simple Non-spherical Molecule Compounds Citation: Collect. Czech. Chem. Commun.,1972,37,3513,,,,,
329.235225,101.325,1.01831625,Liquid-Gas,Experimental,NIST,Authors: Chandak, B. S.;Nageshwar, G. D.;Mene, P. S. Title: Excess gibbs free energy, enthalpy, and volume and viscosity of acetone-methyl cellosolve mixtures Citation: J. Chem. Eng. Data,1979,24,267,,
329.235225,98.659,0.98659,Liquid-Gas,Experimental - Rejected,NIST,Authors: Rath, P.;Sengupta, S.;Naik, S. C. Title: Vapor-liquid equilibria of the system acetone-methanol saturated with salts Citation: Indian Chem. Eng.,1984,26, 31-34,,,,
329.245222,101.32,0,Liquid-Gas,Experimental,NIST,Authors: Muehlenbruch, M.;Figurski, G. Citation: Z. Phys. Chem. (Leipzig),1980,261,376,,,,,
329.2561607,101.325,1.016,Liquid-Gas,Experimental,NIST,Authors: Swietoslawski, W. Citation: Bull. Soc. Chim. Fr.,1931,49,1563,,,,,,
329.2561607,101.325,0,Liquid-Gas,Experimental,NIST,Authors: Zmaczynski, A. L. Title: Comparative ebullioscopic and tonometric study of 8 common organic substances Citation: J. Chim. Phys. Phys.-Chim. Biol.,1930,27,503,,,,,,
329.275155,101.325,2.533125,Liquid-Gas,Experimental,NIST,Authors: Lecat, M. Citation: Tables Azeotropiques,1949, 10th ed., Vol. 1, : Brussels, Belgium,,,,
329.275155,101.325,5.06625,Liquid-Gas,Experimental,NIST,Authors: McNeight, S. A.;Smyth, C. P. Title: Non-Rotation of Molecules in a Number of Solids Citation: J. Am. Chem. Soc.,1936,58,1718,,,,,
329.275155,99.7918,0.7484385,Liquid-Gas,Experimental - Rejected,NIST,Authors: Howard, K. S.;McAllister, R. A. Title: The Viscosity of Acetone-Water Solutions Up to Their Normal Boiling Points Citation: AIChE J.,1958,4, 362-366,,,,,
329.28,101.325,1.01325,Liquid-Gas,Experimental,NIST,Authors: Yoshikawa, H.;Kato, M. Title: Vapor-liquid equilibria for three binary systems made of methyl ethyl ketone with acetone, methyl acetate, or N-amyl alcohol Citation: J. Chem. Eng. Data,1991,36,57,,,
329.28521,101.325,0.101325,Liquid-Gas,Experimental,NIST,Authors: Hudson, J. W.;Van Winkle, M. Title: Multicomponent vapor-liquid equilibriums in systems of mixed positive and negative deviations Citation: J. Chem. Eng. Data,1969,14, 310-318,,,,,
329.3,101.325,0.506625,Liquid-Gas,Experimental,NIST,Authors: Nagata, I.;Tamura, K. Title: Vapor-Liquid Equilibria for Methanol + Acetone + Acetonitrile + Benzene at 328.15 K Citation: J. Chem. Eng. Data,1996,41, 1135-1137,,,,,
329.305146,101.325,2.5837875,Liquid-Gas,Experimental,NIST,Authors: Stutchbury, J. E. Title: Compressions of Organic Liquids and Their Mixtures with Water Citation: Aust. J. Chem.,1956,9, 536-540,,,,,,
329.32514,101.325,2.533125,Liquid-Gas,Experimental,NIST,Authors: Dreisbach, R. R.;Martin, R. A. Title: Physical Data on Some Organic Compounds Citation: Ind. Eng. Chem.,1949,41, 2875-2878,,,,,
329.32514,101.325,2.533125,Liquid-Gas,Experimental,NIST,Authors: Hellwig, L. R.;Van Winkle, M. Title: Vapour-liquid equilibria for ethyl alcohol binary systems. Citation: Ind. Eng. Chem.,1953,45,624,,,,,
329.32514,101.32,0,Liquid-Gas,Experimental,NIST,Authors: Rosanoff, M. A.;Easley, C. W. Title: On the partial vapor pressures of binary mixtures Citation: J. Am. Chem. Soc.,1909,31, 953-87,,,,,
329.32514,101.325,5.06625,Liquid-Gas,Experimental - Rejected,NIST,Authors: Doolittle, A. K. Citation: The Technology of Solvents and Plasticizers,1954, Wiley-Interscience: New York,,,,,,,
329.32514,100.1355,0,Liquid-Gas,Experimental - Rejected,NIST,Authors: Kranich, W. L.;Wagner, R. E.;Sundstrom, D. W.;Slotnick, H. Title: Continuous sampling system for determining vapor-liquid equilibrium Citation: Ind. Eng. Chem.,1956,48, 956-60,,,
329.32514,97.8586,4.89293,Liquid-Gas,Experimental - Rejected,NIST,Authors: Oae, S.;Vanderwerf, C. A. Title: Relative Reactivities of Organic Halides in Displacement Reactions I. Allylic Chlorides Citation: J. Am. Chem. Soc.,1953,75,2724,,,,,
329.335137,101,10.1505,Liquid-Gas,Experimental,NIST,Authors: Marinichev, A. N.;Susarev, M. P. Title: Investigations of phase equilibria in the system acetone + methanol + cyclohexane Citation: Zh. Prikl. Khim. (Leningrad),1965,38,1054,,,,,
329.34,101.325,10.1325,Liquid-Gas,Experimental,NIST,Authors: Li, H.;Teng, Y.;Han, S. Title: Bubble point pressure measurement for isothermal quaternary system and prediction of vapor-liquid equilibrium Citation: Chin. J. Chem. Eng.,1995,3, 6;51,,,,
329.35,101.325,5.06625,Liquid-Gas,Experimental,NIST,Authors: Tikhonov, M. B.;Toikka, A. M. Title: Isothermal liquid-liquid, liquid-vapor, and liquid-liquid-vapor equilibria in the Freon 113-acetone-water system Citation: Zh. Prikl. Khim. (S.-Peterburg),1996,69, 210-214,,,
329.375125,101.325,1.0706053,Liquid-Gas,Experimental,NIST,Authors: Kudryavtseva, L. S.;Susarev, M. P. Title: Liquid-vapor equilibrium in chloroform-hexane and acetone-chloroform systems. Citation: Zh. Prikl. Khim. (Leningrad),1963,36, 1231-1237,,,,,
329.375125,101.325,0.11999,Liquid-Gas,Experimental,NIST,Authors: Kudryavtseva, L. S.;Susarev, M. P. Title: Liquid-vapor equilibrium in the systems acetone-hexane and hexane-ethyl alcohol at 35,45, and 55 deg. and 760 mm of Hg. Citation: Zh. Prikl. Khim. (Leningrad),1963,36,1471,,,
329.375125,102.26,0.5113,Liquid-Gas,Experimental,NIST,Authors: Reinders, W.;De Minjer, C. H. Title: Vapour-liquid equilibria in ternary systems: vi the system water + acetone + chloroform Citation: Recl. Trav. Chim. Pays-Bas,1947,66, 573-604,,,,,
329.38518,101.33,0,Liquid-Gas,Experimental,NIST,Authors: de Alfonso, C.;Canovas, A. A. Citation: An. Quim., A,1986,82,331,,,,
329.42511,101.325,5.06625,Liquid-Gas,Experimental,NIST,Authors: Zander, A. Title: The Specific Volume of Some Allyl-, Propyl-, and OTher COmpounds Citation: Justus Liebigs Ann. Chem.,1882,214, 138-93,,,,
329.455159,101.325,0.0506625,Liquid-Gas,Experimental,NIST,Authors: Gil'burd, M. M.;Politanskaya, T. I.;Yurkevich, B. P. Citation: Zh. Prikl. Khim. (Leningrad),1981,54,1148,,,,
329.4600995,101.325,5.06625,Liquid-Gas,Experimental,NIST,Authors: Willard, H. H.;Smith, G. F. Title: The Perchalorates of the Alkali and A;kaline Earth Metals and Ammonium. Their Solubility in Water and Other Solvents Citation: J. Am. Chem. Soc.,1923,45,286,,,,,
329.495089,101,0.505,Liquid-Gas,Experimental - Rejected,NIST,Authors: Quitzsch, K.;Hofmann, H.-P.;Pfestorf, R.;Geiseler, G. Title: Thermodynamics of binary liquid mixtures with homologous formamides: V acetone + formamide and methanol + formamide systems Citation: Z. Phys. Chem. (Leipzig),1967,235, 99-109,,,
329.52508,101.325,5.06625,Liquid-Gas,Experimental,NIST,Authors: Guttman, L. F. Title: The determination of melting points at low temperatures: II. Citation: J. Am. Chem. Soc.,1907,29, 345-9,,,,,,
329.52508,101.325,0.506625,Liquid-Gas,Experimental - Rejected,NIST,Authors: Brunjes, A. S.;Furnas, C. C. Title: Vapor-Liquid Equilibrium Data for Commercially Important Sysems of Organic Solvents acetone Citation: Ind. Eng. Chem.,1935,27,396,,,,,
329.52508,99.1918,2.479795,Liquid-Gas,Experimental - Rejected,NIST,Authors: Kobe, K. A.;Crawford, H. R.;Stephenson, R. W. Title: Critical Properties and Vapor Pressures of Some Ketones Citation: Ind. Eng. Chem.,1955,47, 1767-72,,,,
329.535135,101,0.505,Liquid-Gas,Experimental - Rejected,NIST,Authors: Iino, M.;Nakae, A.;Sudoh, J.;Hirose, Y.;Hirata, M. Citation: J. Chem. Eng. Jpn.,1971,4,33,,
329.535135,101.325,0.5572875,Liquid-Gas,Experimental - Rejected,NIST,Authors: Ramakrishnan, K.;Sabarethinam, P. L. Citation: Chem. Ind. Dev.,1977,11,19,,,,,
329.575065,98.6585,2.4664625,Liquid-Gas,Experimental - Rejected,NIST,Authors: Carswell, H. E.;Adkins, H. Title: The Relation of the Structure of Ketones to their Reactivity and Affinity in Acetal Formation Citation: J. Am. Chem. Soc.,1928,50,235,,,,,
329.575065,88.9927,4.449635,Liquid-Gas,Experimental - Rejected,NIST,Authors: Eisenlohr, F. Citation: Z. Phys. Chem. (Leipzig),1910,75,585,,,,,,
329.62505,101.325,5.06625,Liquid-Gas,Experimental,NIST,Authors: Griswold, J.;Buford, C. B. Title: Separation of synthesis mixtures vapor-liquid equilibria of acetone - methanol - water Citation: Ind. Eng. Chem.,1949,41,2347,,,,,
329.62505,101.325,5.06625,Liquid-Gas,Experimental,NIST,Authors: Platt, J. R.;Rusoff, I. I.;Klevens, H. B. Citation: J. Chem. Phys.,1943,11,535,,,,
329.62505,101.325,5.06625,Liquid-Gas,Experimental,NIST,Authors: Worley, R. P. Title: XXX. The Surface Tension of Mixtures. Part II. Mixtures of Perfectly Miscible Liquids and the Relation between Their Surface Tensions and Vapor Pressures Citation: J. Chem. Soc.,1914,105,273,,,,,,
329.62505,101.325,1.519875,Liquid-Gas,Experimental - Rejected,NIST,Authors: Earp, D. P.;Glasstone, S. Title: Dielectric polarisation and molecular-compound formation in solution Citation: J. Chem. Soc.,1935, ,1709,,,,,
329.62505,101.325,2.533125,Liquid-Gas,Experimental - Rejected,NIST,Authors: Holub, R.;Bigelow, L. A. Citation: J. Am. Chem. Soc.,1950,72,4879,,,,,
329.62505,100.6435,0,Liquid-Gas,Experimental - Rejected,NIST,Authors: Kranich, W. L.;Wagner, R. E.;Sundstrom, D. W.;Slotnick, H. Title: Continuous sampling system for determining vapor-liquid equilibrium Citation: Ind. Eng. Chem.,1956,48, 956-60,,,
329.62505,100.1251,5.006255,Liquid-Gas,Experimental - Rejected,NIST,Authors: Landolt, H. Title: The influence of the atomic combination of liquid compounds containing carbon, hydrogen and oxygen on the transmission of light Citation: Ann. Phys. (Leipzig),1864,122,545,,,,,
329.62505,101.32,0,Liquid-Gas,Experimental - Rejected,NIST,Authors: Schreinemakers, F. A. H. Title: Vapor pressures in the system: water, acetone and phenol. I. Citation: Z. Phys. Chem. (Leipzig),1902,39,485,,,,,
329.635105,101.325,1.01325,Liquid-Gas,Experimental - Rejected,NIST,Authors: Aleykutty, T. K.;Srinivasan, D.;Subba Rao, M. G. Title: Experimemtal determination and prediction of vapour-liquid equilibrium data for the system ethanol + toluene Citation: Indian J. Technol.,1975,13,345,,,,
329.635105,101.325,0.506625,Liquid-Gas,Experimental - Rejected,NIST,Authors: Motina, G. L.;Tentser, N. Z.;Aerov, M. E. Title: Liquid-vapor equilibrium in the system phenol-acetone and phenol-acetone-water. Citation: Zh. Prikl. Khim. (Leningrad),1968,41, 1048-55,,,,
329.635105,101,0.505,Liquid-Gas,Experimental - Rejected,NIST,Authors: Zacharias, A.;Srinivasan, D.;Rau, M. G. S. Title: Isobaric vapor-liquid equilibria for the systems acetone + n-heptane and n- hexane + trichloroethylene. Citation: Indian J. Technol.,1976,14,162,,,,
329.685032,101.33,0.455985,Liquid-Gas,Experimental - Rejected,NIST,Authors: Ebersole, M. R. Title: Minimum Boiling-Points and Vapor Composition II. Citation: J. Phys. Chem.,1901,5,239,,,,,,
329.72502,101.325,2.533125,Liquid-Gas,Experimental - Rejected,NIST,Authors: Brunjes, A. S.;Bogart, M. J. P. Title: Vapor-liquid equilibria for commercially important systems of organic solvents: the binary systems ethanol - n-butanol; acetone - water, and isopropanol - water Citation: Ind. Eng. Chem.,1943,35,255,,,,
329.935015,103.325,1.0706053,Liquid-Gas,Experimental,NIST,Authors: Campbell, R. H.;Kartzmark, E. M. Title: Thermodynamic and Other Properties of Methanol + Acetone, Carbon Disulphide + Acetone, Carbon Disulphide + Methanol, and Carbon Disulphide + Methanol + Acetone Citation: J. Chem. Thermodyn.,1973,5,163,,
329.95,101.325,0.0506625,Liquid-Gas,Experimental - Rejected,NIST,Authors: Hiak, T.;Kurihara, K.;Kojima, K. Title: Vapor-Liquid Equilibria for Acetone + Chloroform + Methanol and Constituent Binary Systems at 101.3 kPa Citation: J. Chem. Eng. Data,1994,39, 714-719,,,,
330.1249,101.325,2.533125,Liquid-Gas,Experimental - Rejected,NIST,Authors: Beggerow, G.;Harteck, P. Title: On the Measurement of Adsorption Coefficient and Heat of Adsorption of Hydrocarbons Citation: Z. Phys. Chem. (Leipzig),1944,193,265,,,,,
330.1249,101.325,5.06625,Liquid-Gas,Experimental - Rejected,NIST,Authors: Nef, J. V. Citation: Justus Liebigs Ann. Chem.,1901,318,137,,,,,,
330.174885,101.325,5.06625,Liquid-Gas,Experimental - Rejected,NIST,Authors: Holmes, J.;Sageman, P. J. Title: CCXIII. Contributions to the Theory of Solutions. Citation: J. Chem. Soc.,1909,95,1919,,,,,
330.22487,101,0.505,Liquid-Gas,Experimental - Rejected,NIST,Authors: Bingham, E. C.;Brown, D. F. Title: The Mixture Law Citation: J. Rheol.,1932,3, 95-112,,,,,
330.62475,97.8586,14.67879,Liquid-Gas,Experimental - Rejected,NIST,Authors: Whitmore, F. C.;Church, J. M. Citation: J. Am. Chem. Soc.,1933,55,1119,,,,,
330.82469,101.325,5.06625,Liquid-Gas,Experimental - Rejected,NIST,Authors: Prytz, K. Title: Experimental investigations of the refractive index Citation: Ann. Phys. (Leipzig),1880,11, 104-20,,,,,,
330.92466,101.325,1.01325,Liquid-Gas,Experimental - Rejected,NIST,Authors: Murphy, N. F.;Lastovica, J. E.;Fallis, J. G. Title: Correlation of Interfacial Tension of Two-Phase Three-Component Systems Citation: Ind. Eng. Chem.,1957,49, 1035-1042,,,,
331.1246,100.7917,5.039585,Liquid-Gas,Experimental - Rejected,NIST,Authors: Hill, C. M.;Prigmore, R. M.;Moore, G. J. Citation: J. Am. Chem. Soc.,1955,77,352,,,,
331.1246,101.325,15.19875,Liquid-Gas,Experimental - Rejected,NIST,Authors: Schaad, R. E.;Ipatieff, V. N. Title: Catalytic Hydration of Acetylene and Some Alkylacetylenes Citation: J. Am. Chem. Soc.,1940,62,178,,,,,
332,110.78,0.75,Liquid-Gas,Experimental,NIST,Authors: Vercher, E.;Orchilles, V.;Miguel, P. J.;Gonzalez-Alfaro, V.;Martinez-Andreu, A. Title: Isobaric vapor liquid equilibria for acetone + methanol + lithium nitrate at 100 kPa Citation: Fluid Phase Equilib.,2006,250, 131-137,,
333.124,115.457,0.4,Liquid-Gas,Experimental,NIST,Authors: Amer, H. H.;Paxton, R. R.;Van Winkle, M. Title: Methanol-Ethanol-Acetone Vapor-Liquid Equilibria Citation: Ind. Eng. Chem.,1956,48, 142-146,,,,
333.13437,115.736615,0.351173518,Liquid-Gas,Experimental,NIST,Authors: Olson, J. D. Title: Ebulliometric determination of PTx data and Ge for acetone + methyl acetate from 20 to 60 C Citation: J. Chem. Eng. Data,1981,26,58,,,,,,
333.704,113.73731,0.369303,Liquid-Gas,Experimental - Rejected,NIST,Authors: Felsing, W. A.;Durban, S. A. Title: The vapor pressures, densities, and some derived quantities for acetone Citation: J. Am. Chem. Soc.,1926,48,2885,,,
334.486,120.803,0.06832,Liquid-Gas,Experimental,NIST,Authors: Zmaczynski, A. L. Title: Ebullioscopic Research and Pressure Comparisons of 8 Standard Organic Substances Citation: J. Chim. Phys. Phys.-Chim. Biol.,1930,27,401,,,,,,
337.9834,139.1720873,0.4908396,Liquid-Gas,Experimental - Rejected,NIST,Authors: Kozempel, M. F.;Kelly, C. M. Title: Vapor-liquid equilibria of acetone, isopropenyl acetate, and acetic anhydride Citation: J. Chem. Eng. Data,1975,20, 367-70,,,
338.924,136.6261,0.426632,Liquid-Gas,Experimental - Rejected,NIST,Authors: Felsing, W. A.;Durban, S. A. Title: The vapor pressures, densities, and some derived quantities for acetone Citation: J. Am. Chem. Soc.,1926,48,2885,,,
339.13317,137.9,0.8,Liquid-Gas,Experimental - Rejected,NIST,Authors: Gillespie, P. C.;Cunningham, J. R.;Wilson, G. M. Title: Total pressure vapor-liquid equilibrium measurements for the vinyl chloride/acetone, vinyl chloride/n-hexane systems and liquid-liquid equilibrium measurements for the vinyl chloride/water system Citation: AIChE Symp. Ser.,1985,81, 57-64,,,
343.02,159.8,1,Liquid-Gas,Experimental - Rejected,NIST,Authors: Wang, K.;Fu, J.;Liu, H.;Hu, Y. Title: Isothermal Vapor-Liquid Equilibria for Dichlorodifluoromethane-Diethylether and Diethylether-Acetone Binary Systems By Static Total-Vapor-Pressure Method Citation: Huagong Xuebao,1992,43, 652-657,,,
345.1238,169.319,0.5333,Liquid-Gas,Experimental,NIST,Authors: Amer, H. H.;Paxton, R. R.;Van Winkle, M. Title: Methanol-Ethanol-Acetone Vapor-Liquid Equilibria Citation: Ind. Eng. Chem.,1956,48, 142-146,,,,
345.131455,169.03,0.61,Liquid-Gas,Experimental,NIST,Authors: Muthu, O.;Munjal, S.;Smith, B. D. Title: Total-Pressure Vapor-Liquid Equilibrium Data for Binary Systems of Acetone with Isopropylbenzene and Isopropenylbenzene Citation: J. Chem. Eng. Data,1983,28, 192-6,,,,
347.0728724,180.024,0.112,Liquid-Gas,Experimental,NIST,Authors: Ambrose, D.;Sprake, C. H. S.;Townsend, R. Title: Thermodynamic Properties of Organic Oxygen Compounds XXXIII. The Vapor Pressure of Acetone Citation: J. Chem. Thermodyn.,1974,6,693,,,,
347.9806,194.5856632,0.5633803,Liquid-Gas,Experimental - Rejected,NIST,Authors: Kozempel, M. F.;Kelly, C. M. Title: Vapor-liquid equilibria of acetone, isopropenyl acetate, and acetic anhydride Citation: J. Chem. Eng. Data,1975,20, 367-70,,,
348.130555,182.4,0,Liquid-Gas,Experimental - Rejected,NIST,Authors: Tugarev, I. A.;Avdus, Z. I.;Nozdrev, V. F. Title: Experiments of p-v-t parameters in liquid phase of acetone and benzene mixtures according to the boundary curve Citation: Zh. Fiz. Khim.,1975,49, 1256-8,,,,
348.15,182.055,1.844,Liquid-Gas,Experimental - Rejected,NIST,Authors: Giles, N. F.;Wilson, L. C.;Wilson, G. M.;Wilding, W. V. Citation: J. Chem. Eng. Data,1997,42,1067,,,
350.72324,206.153,0.688786,Liquid-Gas,Experimental - Rejected,NIST,Authors: Othmer, D. F.;Chudgar, M. M.;Levy, S. L. Title: Composition of vapors from boiling binary solutions: binary and ternary systems of acetone, methyl ethyl ketone, and water Citation: Ind. Eng. Chem.,1952,44, 1872-1881,,
353.129055,210.7,5.4,Liquid-Gas,Experimental - Rejected,NIST,Authors: Leu, A. D.;Chen, C. J.;Robinson, D. B. Title: Vapor-liquid equilibrium in selected binary systems Citation: AIChE Symp. Ser.,1989,85, 11-16,,,,
353.15,215.16,1.4,Liquid-Gas,Experimental,NIST,Authors: Kato, R.;Gmehling, J. Title: Measurement and correlation of vapor liquid equilibria of binary systems containing the ionic liquids [EMIM][(CF3SO2)2N], [BMIM][(CF3SO2)2N], [MMIM][(CH3)2PO4] and oxygenated organic compounds respectively water Citation: Fluid Phase Equilib.,2005,231, 38-43,,,
353.27,216.2,4.4,Liquid-Gas,Experimental,NIST,Authors: Lee, M. J.;Hu, C. -H. Title: Isothermal vapor-liquid equilibria for mixtures of ethanol, acetone, and diisopropyl ether Citation: Fluid Phase Equilib.,1995,109, 83-98,,,
360.900999988,275.79,6.88786,Liquid-Gas,Experimental - Rejected,NIST,Authors: Kobe, K. A.;Crawford, H. R.;Stephenson, R. W. Title: Critical Properties and Vapor Pressures of Some Ketones Citation: Ind. Eng. Chem.,1955,47, 1767-72,,,,
361.09,270.151,2.706,Liquid-Gas,Experimental,NIST,Authors: Swietoslawski, W. Citation: Bull. Soc. Chim. Fr.,1931,49,1563,,,,,,
363.123,273.61,0,Liquid-Gas,Experimental - Rejected,NIST,Authors: Schulze, A. Citation: Z. Phys. Chem., Stoechiom. Verwandschaftsl.,1919,93,372,,,,,
363.123,273.6055,13.680275,Liquid-Gas,Experimental - Rejected,NIST,Authors: Schulze, A. Title: Vapor tensions of acetone + chloroform mixtures Citation: Z. Phys. Chem., Stoechiom. Verwandschaftsl.,1919,93, 368-75,,,,,
363.12637,291.82,20.27,Liquid-Gas,Experimental,NIST,Authors: Voronkov, A. P.;Mislavskaya, V. S.;Mushii, R. Ya.;Khodeeva, S. M. Title: Phase equilibria in acetone + acetylene system Citation: Russ. J. Phys. Chem.,1975,49,1848,,,
364.52,296.8,2.1,Liquid-Gas,Experimental,NIST,Authors: Pasanen, M.;Zaytseva, A.;Uusi-Kyyny, P.;Pokki, J. -P.;Pakkanen, M.;Aittamaa, J. Title: Vapor Liquid Equilibrium for Six Binary Systems of C4-Hydrocarbons + 2-Propanone Citation: J. Chem. Eng. Data,2006,51, 554-561,
366.456333276,324.05,13.7895,Liquid-Gas,Experimental - Rejected,NIST,Authors: Kobe, K. A.;Crawford, H. R.;Stephenson, R. W. Title: Critical Properties and Vapor Pressures of Some Ketones Citation: Ind. Eng. Chem.,1955,47, 1767-72,,,,
366.5003377,312.9609,0,Liquid-Gas,Experimental,NIST,Authors: Zmaczynski, A. L. Title: Comparative ebullioscopic and tonometric study of 8 common organic substances Citation: J. Chim. Phys. Phys.-Chim. Biol.,1930,27,503,,,,,,
368.92358,337.154,0.688786,Liquid-Gas,Experimental - Rejected,NIST,Authors: Othmer, D. F.;Chudgar, M. M.;Levy, S. L. Title: Composition of vapors from boiling binary solutions: binary and ternary systems of acetone, methyl ethyl ketone, and water Citation: Ind. Eng. Chem.,1952,44, 1872-1881,,
372.012888852,372.32,13.7895,Liquid-Gas,Experimental - Rejected,NIST,Authors: Kobe, K. A.;Crawford, H. R.;Stephenson, R. W. Title: Critical Properties and Vapor Pressures of Some Ketones Citation: Ind. Eng. Chem.,1955,47, 1767-72,,,,
373.07438,364.8,0,Liquid-Gas,Experimental - Rejected,NIST,Authors: Tugarev, I. A.;Avdus, Z. I.;Nozdrev, V. F. Title: Experiments of p-v-t parameters in liquid phase of acetone and benzene mixtures according to the boundary curve Citation: Zh. Fiz. Khim.,1975,49, 1256-8,,,,
377.003594,410.7,0.21,Liquid-Gas,Experimental,NIST,Authors: Ambrose, D.;Sprake, C. H. S.;Townsend, R. Title: Thermodynamic Properties of Organic Oxygen Compounds XXXIII. The Vapor Pressure of Acetone Citation: J. Chem. Thermodyn.,1974,6,693,,,,
377.568888704,427.47,13.7895,Liquid-Gas,Experimental - Rejected,NIST,Authors: Kobe, K. A.;Crawford, H. R.;Stephenson, R. W. Title: Critical Properties and Vapor Pressures of Some Ketones Citation: Ind. Eng. Chem.,1955,47, 1767-72,,,,
380.522889995,442.364,88.793,Liquid-Gas,Experimental,NIST,Authors: Campbell, A. N.;Chatterjee, R. M. Title: Orthobaric Data of Certain Pure Liquids in the Neighborhood of the Critical Point Citation: Can. J. Chem.,1968,46, 575-581,,,,,
383.125999809,489.53,13.7895,Liquid-Gas,Experimental - Rejected,NIST,Authors: Kobe, K. A.;Crawford, H. R.;Stephenson, R. W. Title: Critical Properties and Vapor Pressures of Some Ketones Citation: Ind. Eng. Chem.,1955,47, 1767-72,,,,
386.641666,521,1.9,Liquid-Gas,Experimental,NIST,Authors: Maher, P. J.;Smith, B. D. Title: Vapor-Liquid Equilibrium Data for Binary Systems of Aniline with Acetone, Acetonitrile, Chlorobenzene, Methanol, and 1-Pentene Citation: J. Chem. Eng. Data,1980,25,61,
387.881418,516.8,10.1021,Liquid-Gas,Experimental - Rejected,NIST,Authors: Ismagilov, R. G.;Ermakov, G. V. Title: Speed of sound in some overheated organic liquids Citation: Teplofiz. Vys. Temp.,1982,20, 677-682,,,,,
388.682555217,558.48,20.6843,Liquid-Gas,Experimental - Rejected,NIST,Authors: Kobe, K. A.;Crawford, H. R.;Stephenson, R. W. Title: Critical Properties and Vapor Pressures of Some Ketones Citation: Ind. Eng. Chem.,1955,47, 1767-72,,,,
394.238332532,627.42,20.6843,Liquid-Gas,Experimental,NIST,Authors: Kobe, K. A.;Crawford, H. R.;Stephenson, R. W. Title: Critical Properties and Vapor Pressures of Some Ketones Citation: Ind. Eng. Chem.,1955,47, 1767-72,,,,
398.11937,668.7,0,Liquid-Gas,Experimental - Rejected,NIST,Authors: Tugarev, I. A.;Avdus, Z. I.;Nozdrev, V. F. Title: Experiments of p-v-t parameters in liquid phase of acetone and benzene mixtures according to the boundary curve Citation: Zh. Fiz. Khim.,1975,49, 1256-8,,,,
405.352441319,806.69,27.579,Liquid-Gas,Experimental - Rejected,NIST,Authors: Kobe, K. A.;Crawford, H. R.;Stephenson, R. W. Title: Critical Properties and Vapor Pressures of Some Ketones Citation: Ind. Eng. Chem.,1955,47, 1767-72,,,,
406.26774,780.2,10.1021,Liquid-Gas,Experimental - Rejected,NIST,Authors: Ismagilov, R. G.;Ermakov, G. V. Title: Speed of sound in some overheated organic liquids Citation: Teplofiz. Vys. Temp.,1982,20, 677-682,,,,,
408.517289825,862.196,173.052,Liquid-Gas,Experimental,NIST,Authors: Campbell, A. N.;Chatterjee, R. M. Title: Orthobaric Data of Certain Pure Liquids in the Neighborhood of the Critical Point Citation: Can. J. Chem.,1968,46, 575-581,,,,,
410.909549429,910.11,27.579,Liquid-Gas,Experimental - Rejected,NIST,Authors: Kobe, K. A.;Crawford, H. R.;Stephenson, R. W. Title: Critical Properties and Vapor Pressures of Some Ketones Citation: Ind. Eng. Chem.,1955,47, 1767-72,,,,
416.465654241,1020.42,34.4738,Liquid-Gas,Experimental - Rejected,NIST,Authors: Kobe, K. A.;Crawford, H. R.;Stephenson, R. W. Title: Critical Properties and Vapor Pressures of Some Ketones Citation: Ind. Eng. Chem.,1955,47, 1767-72,,,,
423.11437,1134.8,0,Liquid-Gas,Experimental,NIST,Authors: Tugarev, I. A.;Avdus, Z. I.;Nozdrev, V. F. Title: Experiments of p-v-t parameters in liquid phase of acetone and benzene mixtures according to the boundary curve Citation: Zh. Fiz. Khim.,1975,49, 1256-8,,,,
425.103972,1175.4,10.1021,Liquid-Gas,Experimental,NIST,Authors: Ismagilov, R. G.;Ermakov, G. V. Title: Speed of sound in some overheated organic liquids Citation: Teplofiz. Vys. Temp.,1982,20, 677-682,,,,,
428.53616,1269.325,2.0684272,Liquid-Gas,Experimental,NIST,Authors: Othmer, D. F.;Chudgar, M. M.;Levy, S. L. Title: Composition of vapors from boiling binary solutions: binary and ternary systems of acetone, methyl ethyl ketone, and water Citation: Ind. Eng. Chem.,1952,44, 1872-1881,,
433.012691268,1402.685,281.577,Liquid-Gas,Experimental,NIST,Authors: Campbell, A. N.;Chatterjee, R. M. Title: Orthobaric Data of Certain Pure Liquids in the Neighborhood of the Critical Point Citation: Can. J. Chem.,1968,46, 575-581,,,,,
444.252045877,1696.11,55.227,Liquid-Gas,Experimental,NIST,Authors: Kobe, K. A.;Crawford, H. R.;Stephenson, R. W. Title: Critical Properties and Vapor Pressures of Some Ketones Citation: Ind. Eng. Chem.,1955,47, 1767-72,,,,
450.721,2006.2,20.265,Liquid-Gas,Experimental - Rejected,NIST,Authors: Ismagilov, R. G.;Ermakov, G. V. Title: Speed of sound in some overheated organic liquids Citation: Teplofiz. Vys. Temp.,1982,20, 677-682,,,,,
470.570050341,2662.8,5.4,Liquid-Gas,Experimental,NIST,Authors: Ambrose, D.;Sprake, C. H. S.;Townsend, R. Title: Thermodynamic Properties of Organic Oxygen Compounds XXXIII. The Vapor Pressure of Acetone Citation: J. Chem. Thermodyn.,1974,6,693,,,,
471.409546653,2734.575,548.888,Liquid-Gas,Experimental,NIST,Authors: Campbell, A. N.;Chatterjee, R. M. Title: Orthobaric Data of Certain Pure Liquids in the Neighborhood of the Critical Point Citation: Can. J. Chem.,1968,46, 575-581,,,,,
477.573030996,2964.75,96.5266,Liquid-Gas,Experimental,NIST,Authors: Kobe, K. A.;Crawford, H. R.;Stephenson, R. W. Title: Critical Properties and Vapor Pressures of Some Ketones Citation: Ind. Eng. Chem.,1955,47, 1767-72,,,,
477.91,3029.6,0,Liquid-Gas,Experimental - Rejected,NIST,Authors: Tugarev, I. A.;Avdus, Z. I.;Nozdrev, V. F. Title: Experiments of p-v-t parameters in liquid phase of acetone and benzene mixtures according to the boundary curve Citation: Zh. Fiz. Khim.,1975,49, 1256-8,,,,
496.899016399,4070.732,817.133,Liquid-Gas,Experimental,NIST,Authors: Campbell, A. N.;Chatterjee, R. M. Title: Orthobaric Data of Certain Pure Liquids in the Neighborhood of the Critical Point Citation: Can. J. Chem.,1968,46, 575-581,,,,,
501.11,4225.3,0,Liquid-Gas,Experimental,NIST,Authors: Tugarev, I. A.;Avdus, Z. I.;Nozdrev, V. F. Title: Experiments of p-v-t parameters in liquid phase of acetone and benzene mixtures according to the boundary curve Citation: Zh. Fiz. Khim.,1975,49, 1256-8,,,,
507.675199543,4663,9.5,Liquid-Gas,Experimental,NIST,Authors: Ambrose, D.;Sprake, C. H. S.;Townsend, R. Title: Thermodynamic Properties of Organic Oxygen Compounds XXXIII. The Vapor Pressure of Acetone Citation: J. Chem. Thermodyn.,1974,6,693,,,,
508.0654593,4700,10,Liquid-Gas,Experimental,NIST,Authors: Ambrose, D.;Broderick, B. E.;Townsend, R. Title: The Critical Temperatures and Pressures of Thirty Organic Compounds Citation: J. Appl. Chem. Biotechnol.,1974,24,359,,,,
508.0654593,4758.222,0,Liquid-Gas,Experimental - Rejected,NIST,Authors: Campbell, A. N.;Chatterjee, R. M. Title: The critical constants and orthobaric densities of acetone, chloroform benzene, and carbon tetrachloride Citation: Can. J. Chem.,1969,47, 3893-8,,,
508.0654593,4739.9835,28.37,Liquid-Gas,Experimental - Rejected,NIST,Authors: Kuenen, J. P.;Robson, W. G. Title: The thermal properties of carbon dioxide and of ethane. Citation: Philos. Mag.,1902,3, 622-30,,,,,
508.0654593,5289.165,405.3,Liquid-Gas,Experimental - Rejected,NIST,Authors: Sajotschewsky, W. Title: Vapor Pressures of Saturated Vapors at High Temperatures. Citation: Beibl. Ann. Phys.,1879,3, 741-3,,,,,,
508.61,4762,0,Liquid-Gas,Experimental - Rejected,NIST,Authors: Tugarev, I. A.;Avdus, Z. I.;Nozdrev, V. F. Title: Experiments of p-v-t parameters in liquid phase of acetone and benzene mixtures according to the boundary curve Citation: Zh. Fiz. Khim.,1975,49, 1256-8,,,,
