Temperature ( K ),vapor pressure ( kPa ),Uncertainty,Phase,Quality,Source,Set Label,,,,,,,,,,,,,,,,,,
85.5,1.63E-07,0,Liquid-Gas,Experimental - Rejected,NIST,Authors: Yarbrough, D. W.;Tsai, C. H. Title: Vapor pressures and heats of vaporization for propane and propene from 50 K to the normal boiling point. Citation: Adv. Cryog. Eng.,1978,23,602,,,,,,,,,,,,,
93.17,0.0001,0.0001,Liquid-Gas,Experimental - Rejected,NIST,Authors: Delaplace, R. Title: Vapor Pressures of Saturated and Unsaturated Hydrocarbon Gases to Low Temperatures Citation: C. R. Hebd. Seances Acad. Sci.,1937,204,493,,,,,,,,,,,,,,
94,3.94E-06,3.11E-07,Liquid-Gas,Experimental,NIST,Authors: Perkins, R. A.;Ochoa, J. C. S.;Magee, J. W. Title: Thermodynamic Properties of Propane. II. Molar Heat Capacity at Constant Volume from (85 to 345) K with Pressures to 35 MPa Citation: J. Chem. Eng. Data,2009,54, 3192-3201,,,,,,,,,,,,
94.008,3.84E-06,0,Liquid-Gas,Experimental,NIST,Authors: Yarbrough, D. W.;Tsai, C. H. Title: Vapor pressures and heats of vaporization for propane and propene from 50 K to the normal boiling point. Citation: Adv. Cryog. Eng.,1978,23,602,,,,,,,,,,,,,
94.548,6.64E-06,8.53E-07,Liquid-Gas,Experimental - Rejected,NIST,Authors: Carruth, G. F.;Kobayashi, R. Title: Vapor pressure of normal paraffins ethane through n-decane from their triple points to about 10 mm Hg Citation: J. Chem. Eng. Data,1973,18, 115-26,,,,,,,,,,,,,
97.1688,0.0002,0.00015,Liquid-Gas,Experimental - Rejected,NIST,Authors: Delaplace, R. Title: Vapor Pressures of Saturated and Unsaturated Hydrocarbon Gases to Low Temperatures Citation: C. R. Hebd. Seances Acad. Sci.,1937,204,493,,,,,,,,,,,,,,
103.167,0.00037,0.00024,Liquid-Gas,Experimental - Rejected,NIST,Authors: Delaplace, R. Title: Vapor Pressures of Saturated and Unsaturated Hydrocarbon Gases to Low Temperatures Citation: C. R. Hebd. Seances Acad. Sci.,1937,204,493,,,,,,,,,,,,,,
105.3648,0.00013066,2.67E-05,Liquid-Gas,Experimental - Rejected,NIST,Authors: Tickner, A. W.;Lossing, F. P. Title: The Measurement of Low Vapor Pressures by Means of A Mass Spectrometer Citation: J. Phys. Colloid Chem.,1951,55, 733-40,,,,,,,,,,,,,
108.0106,0.000212516,0,Liquid-Gas,Experimental,NIST,Authors: Yarbrough, D. W.;Tsai, C. H. Title: Vapor pressures and heats of vaporization for propane and propene from 50 K to the normal boiling point. Citation: Adv. Cryog. Eng.,1978,23,602,,,,,,,,,,,,,
108.162,0.00045,0.00028,Liquid-Gas,Experimental - Rejected,NIST,Authors: Delaplace, R. Title: Vapor Pressures of Saturated and Unsaturated Hydrocarbon Gases to Low Temperatures Citation: C. R. Hebd. Seances Acad. Sci.,1937,204,493,,,,,,,,,,,,,,
110,0.0006,0.06,Liquid-Gas,Experimental - Rejected,NIST,Authors: Glos, S.;Kleinrahm, R.;Wagner, W. Title: Measurement of the (p,q,T) relation of propane, propylene, n-butane, and isobutane in the temperature range from (95 to 340) K at pressures up to 12 MPa using an accurate two-sinker densimeter Citation: J. Chem. Thermodyn.,2004,36, 1037-1059,,,,,,,
110.16,0.00097,0.00054,Liquid-Gas,Experimental - Rejected,NIST,Authors: Delaplace, R. Title: Vapor Pressures of Saturated and Unsaturated Hydrocarbon Gases to Low Temperatures Citation: C. R. Hebd. Seances Acad. Sci.,1937,204,493,,,,,,,,,,,,,,
112.158,0.00125,0.00068,Liquid-Gas,Experimental - Rejected,NIST,Authors: Delaplace, R. Title: Vapor Pressures of Saturated and Unsaturated Hydrocarbon Gases to Low Temperatures Citation: C. R. Hebd. Seances Acad. Sci.,1937,204,493,,,,,,,,,,,,,,
114.1563,0.00165,0.00088,Liquid-Gas,Experimental - Rejected,NIST,Authors: Delaplace, R. Title: Vapor Pressures of Saturated and Unsaturated Hydrocarbon Gases to Low Temperatures Citation: C. R. Hebd. Seances Acad. Sci.,1937,204,493,,,,,,,,,,,,,,
115,0.001066854,8.32E-05,Liquid-Gas,Experimental,NIST,Authors: Perkins, R. A.;Ochoa, J. C. S.;Magee, J. W. Title: Thermodynamic Properties of Propane. II. Molar Heat Capacity at Constant Volume from (85 to 345) K with Pressures to 35 MPa Citation: J. Chem. Eng. Data,2009,54, 3192-3201,,,,,,,,,,,,
115.75518,0.001067,0.00016,Liquid-Gas,Experimental - Rejected,NIST,Authors: Tickner, A. W.;Lossing, F. P. Title: The Measurement of Low Vapor Pressures by Means of A Mass Spectrometer Citation: J. Phys. Colloid Chem.,1951,55, 733-40,,,,,,,,,,,,,
115.75518,0.001067,0,Liquid-Gas,Experimental - Rejected,NIST,Authors: Ziegler, W. T. Title: The Vapor Pressures of Some Hydrocarbons in the Liquid and Solid State at Low Temperatures Citation: NBS Technical Note 4, 1-18 (1959),,,,,,,,,,,,,,,,
116.1549,0.0023,0.0012,Liquid-Gas,Experimental - Rejected,NIST,Authors: Delaplace, R. Title: Vapor Pressures of Saturated and Unsaturated Hydrocarbon Gases to Low Temperatures Citation: C. R. Hebd. Seances Acad. Sci.,1937,204,493,,,,,,,,,,,,,,
118.1535,0.00333,0.00172,Liquid-Gas,Experimental - Rejected,NIST,Authors: Delaplace, R. Title: Vapor Pressures of Saturated and Unsaturated Hydrocarbon Gases to Low Temperatures Citation: C. R. Hebd. Seances Acad. Sci.,1937,204,493,,,,,,,,,,,,,,
119.25273,0.00267,0.000266645,Liquid-Gas,Experimental,NIST,Authors: Tickner, A. W.;Lossing, F. P. Title: The Measurement of Low Vapor Pressures by Means of A Mass Spectrometer Citation: J. Phys. Colloid Chem.,1951,55, 733-40,,,,,,,,,,,,,
120.1521,0.004,0.00205,Liquid-Gas,Experimental - Rejected,NIST,Authors: Delaplace, R. Title: Vapor Pressures of Saturated and Unsaturated Hydrocarbon Gases to Low Temperatures Citation: C. R. Hebd. Seances Acad. Sci.,1937,204,493,,,,,,,,,,,,,,
122.0132,0.00431831,0,Liquid-Gas,Experimental,NIST,Authors: Yarbrough, D. W.;Tsai, C. H. Title: Vapor pressures and heats of vaporization for propane and propene from 50 K to the normal boiling point. Citation: Adv. Cryog. Eng.,1978,23,602,,,,,,,,,,,,,
122.1507,0.0054,0.00275,Liquid-Gas,Experimental - Rejected,NIST,Authors: Delaplace, R. Title: Vapor Pressures of Saturated and Unsaturated Hydrocarbon Gases to Low Temperatures Citation: C. R. Hebd. Seances Acad. Sci.,1937,204,493,,,,,,,,,,,,,,
124.1501,0.00765,0.00388,Liquid-Gas,Experimental - Rejected,NIST,Authors: Delaplace, R. Title: Vapor Pressures of Saturated and Unsaturated Hydrocarbon Gases to Low Temperatures Citation: C. R. Hebd. Seances Acad. Sci.,1937,204,493,,,,,,,,,,,,,,
124.35012,0.00667,0,Liquid-Gas,Experimental,NIST,Authors: Ziegler, W. T. Title: The Vapor Pressures of Some Hydrocarbons in the Liquid and Solid State at Low Temperatures Citation: NBS Technical Note 4, 1-18 (1959),,,,,,,,,,,,,,,,
126.1503,0.015,0.0069,Liquid-Gas,Experimental - Rejected,NIST,Authors: Delaplace, R. Title: Vapor Pressures of Saturated and Unsaturated Hydrocarbon Gases to Low Temperatures Citation: C. R. Hebd. Seances Acad. Sci.,1937,204,493,,,,,,,,,,,,,,
130,0.018,0.06,Liquid-Gas,Experimental,NIST,Authors: Glos, S.;Kleinrahm, R.;Wagner, W. Title: Measurement of the (p,q,T) relation of propane, propylene, n-butane, and isobutane in the temperature range from (95 to 340) K at pressures up to 12 MPa using an accurate two-sinker densimeter Citation: J. Chem. Thermodyn.,2004,36, 1037-1059,,,,,,,
136,0.044665932,0.003470271,Liquid-Gas,Experimental,NIST,Authors: Perkins, R. A.;Ochoa, J. C. S.;Magee, J. W. Title: Thermodynamic Properties of Propane. II. Molar Heat Capacity at Constant Volume from (85 to 345) K with Pressures to 35 MPa Citation: J. Chem. Eng. Data,2009,54, 3192-3201,,,,,,,,,,,,
136.014,0.0442764,0,Liquid-Gas,Experimental,NIST,Authors: Yarbrough, D. W.;Tsai, C. H. Title: Vapor pressures and heats of vaporization for propane and propene from 50 K to the normal boiling point. Citation: Adv. Cryog. Eng.,1978,23,602,,,,,,,,,,,,,
148.913175,0.4,0,Liquid-Gas,Experimental - Rejected,NIST,Authors: Burrell, G. A.;Robertson, I. W. Title: Vapor Pressures of Various Compounds at Low Temperatures Citation: U. S. Bur. Mines, Tech. Pap.,1916,142, 30pp,,,,,,,,,,,,
150.014,0.27931,0,Liquid-Gas,Experimental,NIST,Authors: Yarbrough, D. W.;Tsai, C. H. Title: Vapor pressures and heats of vaporization for propane and propene from 50 K to the normal boiling point. Citation: Adv. Cryog. Eng.,1978,23,602,,,,,,,,,,,,,
154.86853,0.799932,0.1333,Liquid-Gas,Experimental - Rejected,NIST,Authors: Burrell, G. A.;Robertson, I. W. Title: The Vapor Pressures of Propane, Propylene and Normal Butane at Low Temperatures Citation: J. Am. Chem. Soc.,1915,37,2188,,,,,,,,,,,,
155.734,0.52796,0.04133,Liquid-Gas,Experimental,NIST,Authors: Carruth, G. F.;Kobayashi, R. Title: Vapor pressure of normal paraffins ethane through n-decane from their triple points to about 10 mm Hg Citation: J. Chem. Eng. Data,1973,18, 115-26,,,,,,,,,,,,,
157,0.62248344,0.048291848,Liquid-Gas,Experimental,NIST,Authors: Perkins, R. A.;Ochoa, J. C. S.;Magee, J. W. Title: Thermodynamic Properties of Propane. II. Molar Heat Capacity at Constant Volume from (85 to 345) K with Pressures to 35 MPa Citation: J. Chem. Eng. Data,2009,54, 3192-3201,,,,,,,,,,,,
163.176,1.1999,0,Liquid-Gas,Experimental,NIST,Authors: Harteck, P.;Edse, R. Title: Vapor-pressure Measurement of Propane Citation: Z. Phys. Chem. Abt. A,1938,182,220,,,,,,,,,,,,,
163.926675,2,0,Liquid-Gas,Experimental - Rejected,NIST,Authors: Burrell, G. A.;Robertson, I. W. Title: Vapor Pressures of Various Compounds at Low Temperatures Citation: U. S. Bur. Mines, Tech. Pap.,1916,142, 30pp,,,,,,,,,,,,
164.0136,1.2359,0,Liquid-Gas,Experimental,NIST,Authors: Yarbrough, D. W.;Tsai, C. H. Title: Vapor pressures and heats of vaporization for propane and propene from 50 K to the normal boiling point. Citation: Adv. Cryog. Eng.,1978,23,602,,,,,,,,,,,,,
164.667341,1.3332,0,Liquid-Gas,Experimental,NIST,Authors: Ziegler, W. T. Title: The Vapor Pressures of Some Hydrocarbons in the Liquid and Solid State at Low Temperatures Citation: NBS Technical Note 4, 1-18 (1959),,,,,,,,,,,,,,,,
164.77744,1.3332,0.0266645,Liquid-Gas,Experimental,NIST,Authors: Tickner, A. W.;Lossing, F. P. Title: The Measurement of Low Vapor Pressures by Means of A Mass Spectrometer Citation: J. Phys. Colloid Chem.,1951,55, 733-40,,,,,,,,,,,,,
166.168691,1.161,0.104,Liquid-Gas,Experimental - Rejected,NIST,Authors: Kemp, J. D.;Egan, C. J. Title: Hindered Rotation of the Methyl Groups in Propane. The Heat Capacity, Vapor Pressure, Heats of Fusion and Vaporization of Propane. Entropy and Density of the Gas Citation: J. Am. Chem. Soc.,1938,60, 1521-5,,,,,,,,,,,
170.1823,2.27981,0,Liquid-Gas,Experimental,NIST,Authors: Harteck, P.;Edse, R. Title: Vapor-pressure Measurement of Propane Citation: Z. Phys. Chem. Abt. A,1938,182,220,,,,,,,,,,,,,
172.0517961,2.866431,0.065195,Liquid-Gas,Experimental - Rejected,NIST,Authors: Djordjevich, L.;Budenholzer, R. A. Title: Vapor-Liquid Equilibrium Data for Ethane-Propane System at Low Temperatures Citation: J. Chem. Eng. Data,1970,15,10,,,,,,,,,,,,,
172.68455,3.99966,0.1333,Liquid-Gas,Experimental - Rejected,NIST,Authors: Burrell, G. A.;Robertson, I. W. Title: The Vapor Pressures of Propane, Propylene and Normal Butane at Low Temperatures Citation: J. Am. Chem. Soc.,1915,37,2188,,,,,,,,,,,,
177.1874,4.11966,0,Liquid-Gas,Experimental,NIST,Authors: Harteck, P.;Edse, R. Title: Vapor-pressure Measurement of Propane Citation: Z. Phys. Chem. Abt. A,1938,182,220,,,,,,,,,,,,,
178,4.3307172,0.33574491,Liquid-Gas,Experimental,NIST,Authors: Perkins, R. A.;Ochoa, J. C. S.;Magee, J. W. Title: Thermodynamic Properties of Propane. II. Molar Heat Capacity at Constant Volume from (85 to 345) K with Pressures to 35 MPa Citation: J. Chem. Eng. Data,2009,54, 3192-3201,,,,,,,,,,,,
178.0122,4.1997,0,Liquid-Gas,Experimental,NIST,Authors: Yarbrough, D. W.;Tsai, C. H. Title: Vapor pressures and heats of vaporization for propane and propene from 50 K to the normal boiling point. Citation: Adv. Cryog. Eng.,1978,23,602,,,,,,,,,,,,,
179.8309852,3.739,0.111,Liquid-Gas,Experimental - Rejected,NIST,Authors: Kemp, J. D.;Egan, C. J. Title: Hindered Rotation of the Methyl Groups in Propane. The Heat Capacity, Vapor Pressure, Heats of Fusion and Vaporization of Propane. Entropy and Density of the Gas Citation: J. Am. Chem. Soc.,1938,60, 1521-5,,,,,,,,,,,
179.83899,6.666,0,Liquid-Gas,Experimental - Rejected,NIST,Authors: Burrell, G. A.;Robertson, I. W. Title: Vapor Pressures of Various Compounds at Low Temperatures Citation: U. S. Bur. Mines, Tech. Pap.,1916,142, 30pp,,,,,,,,,,,,
182.012,5.72886,0,Liquid-Gas,Experimental - Rejected,NIST,Authors: Yarbrough, D. W.;Tsai, C. H. Title: Vapor pressures and heats of vaporization for propane and propene from 50 K to the normal boiling point. Citation: Adv. Cryog. Eng.,1978,23,602,,,,,,,,,,,,,
184.1914,6.99942,0,Liquid-Gas,Experimental,NIST,Authors: Harteck, P.;Edse, R. Title: Vapor-pressure Measurement of Propane Citation: Z. Phys. Chem. Abt. A,1938,182,220,,,,,,,,,,,,,
185.012,10,7,Liquid-Gas,Experimental - Rejected,NIST,Authors: Rabe, D. Title: Experimental determination of dynamic viscosity and density of binary liquid mixtures of n-heptane with CO2, CH4, C2H6, C3H8 and of toluene with CH4 and C3H8 Citation: Dr.Eng. Thesis, Technical University Berlin, Berlin (1981),,,,,,,,,,,,
186.012,7.69937,0,Liquid-Gas,Experimental - Rejected,NIST,Authors: Yarbrough, D. W.;Tsai, C. H. Title: Vapor pressures and heats of vaporization for propane and propene from 50 K to the normal boiling point. Citation: Adv. Cryog. Eng.,1978,23,602,,,,,,,,,,,,,
187.552,8.85287,0.02758,Liquid-Gas,Experimental,NIST,Authors: Wichterle, I.;Kobayashi, R. Title: Vapor-Liquid Equilibrium of Methane-Propane Systems at Low Temperatures and High Pressures Citation: J. Chem. Eng. Data,1972,17,04/09/26,,,,,,,,,,,,,
190.012,10.20449,0,Liquid-Gas,Experimental - Rejected,NIST,Authors: Yarbrough, D. W.;Tsai, C. H. Title: Vapor pressures and heats of vaporization for propane and propene from 50 K to the normal boiling point. Citation: Adv. Cryog. Eng.,1978,23,602,,,,,,,,,,,,,
190.253824,10.666,0,Liquid-Gas,Experimental,NIST,Authors: Ziegler, W. T. Title: The Vapor Pressures of Some Hydrocarbons in the Liquid and Solid State at Low Temperatures Citation: NBS Technical Note 4, 1-18 (1959),,,,,,,,,,,,,,,,
190.39388,13.3322,0.16,Liquid-Gas,Experimental - Rejected,NIST,Authors: Burrell, G. A.;Robertson, I. W. Title: The Vapor Pressures of Propane, Propylene and Normal Butane at Low Temperatures Citation: J. Am. Chem. Soc.,1915,37,2188,,,,,,,,,,,,
191.1942,11.5457,0,Liquid-Gas,Experimental,NIST,Authors: Harteck, P.;Edse, R. Title: Vapor-pressure Measurement of Propane Citation: Z. Phys. Chem. Abt. A,1938,182,220,,,,,,,,,,,,,
193.41,13.117,0.146,Liquid-Gas,Experimental,NIST,Authors: Calado, J. C. G.;Filipe, E. J. M.;Lopes, J. N. C. Title: Thermodynamics of liquid propane + cyclopropane Citation: Fluid Phase Equilib.,1997,1353, 249-257,,,,,,,,,,,,
194.0116,13.3589,0,Liquid-Gas,Experimental - Rejected,NIST,Authors: Yarbrough, D. W.;Tsai, C. H. Title: Vapor pressures and heats of vaporization for propane and propene from 50 K to the normal boiling point. Citation: Adv. Cryog. Eng.,1978,23,602,,,,,,,,,,,,,
194.195,12.7989,0.06666,Liquid-Gas,Experimental - Rejected,NIST,Authors: Echols, L. S.;Gelus, E. Title: Semimicroanalysis of Liquid Hydrocarbon Mixtures by Multiisothermal Distillation Citation: Anal. Chem.,1947,19,668,,,,,,,,,,,,,
195.126,11.103,0.134,Liquid-Gas,Experimental - Rejected,NIST,Authors: Kemp, J. D.;Egan, C. J. Title: Hindered Rotation of the Methyl Groups in Propane. The Heat Capacity, Vapor Pressure, Heats of Fusion and Vaporization of Propane. Entropy and Density of the Gas Citation: J. Am. Chem. Soc.,1938,60, 1521-5,,,,,,,,,,,
196.845,19.998,0,Liquid-Gas,Experimental - Rejected,NIST,Authors: Burrell, G. A.;Robertson, I. W. Title: Vapor Pressures of Various Compounds at Low Temperatures Citation: U. S. Bur. Mines, Tech. Pap.,1916,142, 30pp,,,,,,,,,,,,
198.0112,17.2652,0,Liquid-Gas,Experimental - Rejected,NIST,Authors: Yarbrough, D. W.;Tsai, C. H. Title: Vapor pressures and heats of vaporization for propane and propene from 50 K to the normal boiling point. Citation: Adv. Cryog. Eng.,1978,23,602,,,,,,,,,,,,,
198.195,18.0785,0,Liquid-Gas,Experimental,NIST,Authors: Harteck, P.;Edse, R. Title: Vapor-pressure Measurement of Propane Citation: Z. Phys. Chem. Abt. A,1938,182,220,,,,,,,,,,,,,
198.195,22.1,0,Liquid-Gas,Experimental - Rejected,NIST,Authors: Schindler, D. L.;Swift, G. W.;Kurata, F. Title: More low temperature v-l design data Citation: Hydrocarbon Process.,1966,45, 205-10,,,,,,,,,,,,
199,18.993103,1.4719557,Liquid-Gas,Experimental,NIST,Authors: Perkins, R. A.;Ochoa, J. C. S.;Magee, J. W. Title: Thermodynamic Properties of Propane. II. Molar Heat Capacity at Constant Volume from (85 to 345) K with Pressures to 35 MPa Citation: J. Chem. Eng. Data,2009,54, 3192-3201,,,,,,,,,,,,
200,20.193,0.07,Liquid-Gas,Experimental,NIST,Authors: Glos, S.;Kleinrahm, R.;Wagner, W. Title: Measurement of the (p,q,T) relation of propane, propylene, n-butane, and isobutane in the temperature range from (95 to 340) K at pressures up to 12 MPa using an accurate two-sinker densimeter Citation: J. Chem. Thermodyn.,2004,36, 1037-1059,,,,,,,
201.495,26.6644,0.2666,Liquid-Gas,Experimental - Rejected,NIST,Authors: Burrell, G. A.;Robertson, I. W. Title: The Vapor Pressures of Propane, Propylene and Normal Butane at Low Temperatures Citation: J. Am. Chem. Soc.,1915,37,2188,,,,,,,,,,,,
202.0108,22.0915,0,Liquid-Gas,Experimental - Rejected,NIST,Authors: Yarbrough, D. W.;Tsai, C. H. Title: Vapor pressures and heats of vaporization for propane and propene from 50 K to the normal boiling point. Citation: Adv. Cryog. Eng.,1978,23,602,,,,,,,,,,,,,
205.1952,27.4244,0,Liquid-Gas,Experimental,NIST,Authors: Harteck, P.;Edse, R. Title: Vapor-pressure Measurement of Propane Citation: Z. Phys. Chem. Abt. A,1938,182,220,,,,,,,,,,,,,
206.0104,27.9577,0,Liquid-Gas,Experimental - Rejected,NIST,Authors: Yarbrough, D. W.;Tsai, C. H. Title: Vapor pressures and heats of vaporization for propane and propene from 50 K to the normal boiling point. Citation: Adv. Cryog. Eng.,1978,23,602,,,,,,,,,,,,,
209.9216726,26.833,0.183,Liquid-Gas,Experimental - Rejected,NIST,Authors: Kemp, J. D.;Egan, C. J. Title: Hindered Rotation of the Methyl Groups in Propane. The Heat Capacity, Vapor Pressure, Heats of Fusion and Vaporization of Propane. Entropy and Density of the Gas Citation: J. Am. Chem. Soc.,1938,60, 1521-5,,,,,,,,,,,
210.01,36.3,1,Liquid-Gas,Experimental,NIST,Authors: Blanc, C. J.;Setier, J.-C. B. Title: Vapor-Liquid Equilibria in the Ethane-Propane System at Low Temperature Citation: J. Chem. Eng. Data,1988,33, 111-115,,,,,,,,,,,,,
210.01,35.064,0,Liquid-Gas,Experimental - Rejected,NIST,Authors: Yarbrough, D. W.;Tsai, C. H. Title: Vapor pressures and heats of vaporization for propane and propene from 50 K to the normal boiling point. Citation: Adv. Cryog. Eng.,1978,23,602,,,,,,,,,,,,,
210.245705,39.997,0,Liquid-Gas,Experimental - Rejected,NIST,Authors: Burrell, G. A.;Robertson, I. W. Title: Vapor Pressures of Various Compounds at Low Temperatures Citation: U. S. Bur. Mines, Tech. Pap.,1916,142, 30pp,,,,,,,,,,,,
210.29571,39.9966,0.4,Liquid-Gas,Experimental - Rejected,NIST,Authors: Burrell, G. A.;Robertson, I. W. Title: The Vapor Pressures of Propane, Propylene and Normal Butane at Low Temperatures Citation: J. Am. Chem. Soc.,1915,37,2188,,,,,,,,,,,,
210.63,37.037,0.338,Liquid-Gas,Experimental,NIST,Authors: Calado, J. C. G.;Filipe, E. J. M.;Lopes, J. N. C. Title: Thermodynamics of liquid propane + cyclopropane Citation: Fluid Phase Equilib.,1997,1353, 249-257,,,,,,,,,,,,
212.1959,40.3833,0,Liquid-Gas,Experimental,NIST,Authors: Harteck, P.;Edse, R. Title: Vapor-pressure Measurement of Propane Citation: Z. Phys. Chem. Abt. A,1938,182,220,,,,,,,,,,,,,
213.159685,42.169,0.981,Liquid-Gas,Experimental,NIST,Authors: Skripka, V. G.;Nikitina, I. E.;Zhdanovich, L. A.;Sirotin, A. G.;Ben'yaminovich, O. A. Title: Liquid-vapor phase equilibrium at low temperatures in binary systems formed by components of natural gas Citation: Gaz. Prom-st.,1970, 15(12), 35-6,,,,,,,,,,
214.0096,43.596,0,Liquid-Gas,Experimental - Rejected,NIST,Authors: Yarbrough, D. W.;Tsai, C. H. Title: Vapor pressures and heats of vaporization for propane and propene from 50 K to the normal boiling point. Citation: Adv. Cryog. Eng.,1978,23,602,,,,,,,,,,,,,
217.112864,5.08225,0.266645,Liquid-Gas,Experimental - Rejected,NIST,Authors: Dana, L. I.;Jenkins, A. C.;Burdick, H. E.;Timm, R. C. Title: Thermodynamic Properties of Butane, Isobutane, and Propane Citation: Refrig. Eng.,1926,12,387,,,,,,,,,
218.0092,53.7556,0,Liquid-Gas,Experimental - Rejected,NIST,Authors: Yarbrough, D. W.;Tsai, C. H. Title: Vapor pressures and heats of vaporization for propane and propene from 50 K to the normal boiling point. Citation: Adv. Cryog. Eng.,1978,23,602,,,,,,,,,,,,,
218.20918,54.98,0,Liquid-Gas,Experimental,NIST,Authors: Wolff, H.;Hoepfner, A. Title: Normal and inverse vapour pressure-isotope effect of ammonia Citation: Ber. Bunsen-Ges. Phys. Chem.,1969,73,480,,,,,,,,,,,,,
219.1912,58.0752,0,Liquid-Gas,Experimental,NIST,Authors: Harteck, P.;Edse, R. Title: Vapor-pressure Measurement of Propane Citation: Z. Phys. Chem. Abt. A,1938,182,220,,,,,,,,,,,,,
219.9406,66.661,0,Liquid-Gas,Experimental - Rejected,NIST,Authors: Burrell, G. A.;Robertson, I. W. Title: Vapor Pressures of Various Compounds at Low Temperatures Citation: U. S. Bur. Mines, Tech. Pap.,1916,142, 30pp,,,,,,,,,,,,
219.99056,66.661,0.6666,Liquid-Gas,Experimental - Rejected,NIST,Authors: Burrell, G. A.;Robertson, I. W. Title: The Vapor Pressures of Propane, Propylene and Normal Butane at Low Temperatures Citation: J. Am. Chem. Soc.,1915,37,2188,,,,,,,,,,,,
220,60.585692,4.6944706,Liquid-Gas,Experimental,NIST,Authors: Perkins, R. A.;Ochoa, J. C. S.;Magee, J. W. Title: Thermodynamic Properties of Propane. II. Molar Heat Capacity at Constant Volume from (85 to 345) K with Pressures to 35 MPa Citation: J. Chem. Eng. Data,2009,54, 3192-3201,,,,,,,,,,,,
220.2493528,45.913,0.242,Liquid-Gas,Experimental - Rejected,NIST,Authors: Kemp, J. D.;Egan, C. J. Title: Hindered Rotation of the Methyl Groups in Propane. The Heat Capacity, Vapor Pressure, Heats of Fusion and Vaporization of Propane. Entropy and Density of the Gas Citation: J. Am. Chem. Soc.,1938,60, 1521-5,,,,,,,,,,,
222.0088,65.7813,0,Liquid-Gas,Experimental - Rejected,NIST,Authors: Yarbrough, D. W.;Tsai, C. H. Title: Vapor pressures and heats of vaporization for propane and propene from 50 K to the normal boiling point. Citation: Adv. Cryog. Eng.,1978,23,602,,,,,,,,,,,,,
222.048912,66.661,0,Liquid-Gas,Experimental,NIST,Authors: Ziegler, W. T. Title: The Vapor Pressures of Some Hydrocarbons in the Liquid and Solid State at Low Temperatures Citation: NBS Technical Note 4, 1-18 (1959),,,,,,,,,,,,,,,,
224.717082,76.0604,0.293309,Liquid-Gas,Experimental,NIST,Authors: Dana, L. I.;Jenkins, A. C.;Burdick, H. E.;Timm, R. C. Title: Thermodynamic Properties of Butane, Isobutane, and Propane Citation: Refrig. Eng.,1926,12,387,,,,,,,,,
225.53659,86.66,0,Liquid-Gas,Experimental - Rejected,NIST,Authors: Burrell, G. A.;Robertson, I. W. Title: Vapor Pressures of Various Compounds at Low Temperatures Citation: U. S. Bur. Mines, Tech. Pap.,1916,142, 30pp,,,,,,,,,,,,
225.58656,86.6593,0.7999,Liquid-Gas,Experimental - Rejected,NIST,Authors: Burrell, G. A.;Robertson, I. W. Title: The Vapor Pressures of Propane, Propylene and Normal Butane at Low Temperatures Citation: J. Am. Chem. Soc.,1915,37,2188,,,,,,,,,,,,
226.0084,79.9401,0,Liquid-Gas,Experimental - Rejected,NIST,Authors: Yarbrough, D. W.;Tsai, C. H. Title: Vapor pressures and heats of vaporization for propane and propene from 50 K to the normal boiling point. Citation: Adv. Cryog. Eng.,1978,23,602,,,,,,,,,,,,,
226.1862,81.2066,0,Liquid-Gas,Experimental,NIST,Authors: Harteck, P.;Edse, R. Title: Vapor-pressure Measurement of Propane Citation: Z. Phys. Chem. Abt. A,1938,182,220,,,,,,,,,,,,,
228.03509,97.325,0,Liquid-Gas,Experimental - Rejected,NIST,Authors: Burrell, G. A.;Robertson, I. W. Title: Vapor Pressures of Various Compounds at Low Temperatures Citation: U. S. Bur. Mines, Tech. Pap.,1916,142, 30pp,,,,,,,,,,,,
228.08506,97.3251,0.9333,Liquid-Gas,Experimental - Rejected,NIST,Authors: Burrell, G. A.;Robertson, I. W. Title: The Vapor Pressures of Propane, Propylene and Normal Butane at Low Temperatures Citation: J. Am. Chem. Soc.,1915,37,2188,,,,,,,,,,,,
228.6847,101.325,2.533125,Liquid-Gas,Experimental - Rejected,NIST,Authors: Davis, H. S.;Thomson, G.;Crandall, G. S. Title: The role of liquid stationary films in batch absorption of gases: III rates of hydrogen absorption and relative rates of catalytic hydrogenation in alcohol Citation: J. Am. Chem. Soc.,1932,54,2340,,,,,,,,,,,,
228.7906364,68.619,0.312,Liquid-Gas,Experimental - Rejected,NIST,Authors: Kemp, J. D.;Egan, C. J. Title: Hindered Rotation of the Methyl Groups in Propane. The Heat Capacity, Vapor Pressure, Heats of Fusion and Vaporization of Propane. Entropy and Density of the Gas Citation: J. Am. Chem. Soc.,1938,60, 1521-5,,,,,,,,,,,
229.78404,114.25727,0.666612,Liquid-Gas,Experimental - Rejected,NIST,Authors: Maass, O.;Wright, C. H. Title: Some Physical Properties of Hydrocarbons Containing Two and Three Carbon Atoms Citation: J. Am. Chem. Soc.,1921,43, 1098-1111,,,,,,,,,,,,,
230.48362,119.1902,0.666612,Liquid-Gas,Experimental - Rejected,NIST,Authors: Maass, O.;Wright, C. H. Title: Some Physical Properties of Hydrocarbons Containing Two and Three Carbon Atoms Citation: J. Am. Chem. Soc.,1921,43, 1098-1111,,,,,,,,,,,,,
230.83341,101.325,1.01325,Liquid-Gas,Experimental - Rejected,NIST,Authors: McMillan, W. A. Title: I analytical fractionation of hydrocarbon gases Citation: J. Inst. Pet.,1936,22, 616-45,,,,,,,,,,,,,,
230.973326,100.925,0.4,Liquid-Gas,Experimental,NIST,Authors: Dana, L. I.;Jenkins, A. C.;Burdick, H. E.;Timm, R. C. Title: Thermodynamic Properties of Butane, Isobutane, and Propane Citation: Refrig. Eng.,1926,12,387,,,,,,,,,
231.013302,101.325,0.3546375,Liquid-Gas,Experimental,NIST,Authors: Hicks-Brunn, M. M.;Bruun, J. H. Title: The Freezing and Boiling Point of Propane Citation: J. Am. Chem. Soc.,1936,58, 810-2,,,,,,,,,,,,,
231.1832,101.325,5.06625,Liquid-Gas,Experimental,NIST,Authors: Grosse, A. V.;Mavity, J. M.;Mattox, W. J. Title: Catalytic Dehydrogenation of Polycyclic Naphthenes Citation: Ind. Eng. Chem.,1946,38,1041,,,,,,,,,,,,
233.182,103.4213,5.171065,Liquid-Gas,Experimental - Rejected,NIST,Authors: Akers, W. W.;Kelley, R. E.;Lipscomb, T. G. Title: Carbon Dioxide - Propane System Citation: Ind. Eng. Chem.,1954,46,2535,,,,,,,,,,,,
233.20768,110.46,0,Liquid-Gas,Experimental - Rejected,NIST,Authors: Wolff, H.;Hoepfner, A. Title: Normal and inverse vapour pressure-isotope effect of ammonia Citation: Ber. Bunsen-Ges. Phys. Chem.,1969,73,480,,,,,,,,,,,,,
233.215,111.3,2,Liquid-Gas,Experimental,NIST,Authors: Dong, X.;Gong, M.;Liu, J.;Wu, J. Title: Experimental measurement of vapor pressures and (vapor + liquid) equilibrium  for {1,1,1,2-tetrafluoroethane (R134a) + propane (R290)} by a recirculation  apparatus with view windows Citation: J. Chem. Thermodyn.,2011,43, 505-510,,,,,,,,
240.1764,182.385,0,Liquid-Gas,Experimental - Rejected,NIST,Authors: Hainlen, A. Title: Propane and Ethane in the Liquid State. Citation: Justus Liebigs Ann. Chem.,1894,282, 229-45,,,,,,,,,,,,,,
241,154.11009,11.939652,Liquid-Gas,Experimental,NIST,Authors: Perkins, R. A.;Ochoa, J. C. S.;Magee, J. W. Title: Thermodynamic Properties of Propane. II. Molar Heat Capacity at Constant Volume from (85 to 345) K with Pressures to 35 MPa Citation: J. Chem. Eng. Data,2009,54, 3192-3201,,,,,,,,,,,,
241.53,158.4,0.5,Liquid-Gas,Experimental,NIST,Authors: Zhang, Y.;Gong, M.;Zhu, H.;Liu, J.;Wu, J. Title: Development and Verification of a New Apparatus Equilibria Measurements Citation: J. Eng. Thermophys.,2007,28,327,,,,,,,,,,
241.555296,156.92,0.666612,Liquid-Gas,Experimental,NIST,Authors: Dana, L. I.;Jenkins, A. C.;Burdick, H. E.;Timm, R. C. Title: Thermodynamic Properties of Butane, Isobutane, and Propane Citation: Refrig. Eng.,1926,12,387,,,,,,,,,
241.97496,159.987,0,Liquid-Gas,Experimental,NIST,Authors: Ziegler, W. T. Title: The Vapor Pressures of Some Hydrocarbons in the Liquid and Solid State at Low Temperatures Citation: NBS Technical Note 4, 1-18 (1959),,,,,,,,,,,,,,,,
242.324680165,182.385,1.332957,Liquid-Gas,Experimental - Rejected,NIST,Authors: Maass, O.;Wright, C. H. Title: Some Physical Properties of Hydrocarbons Containing Two and Three Carbon Atoms Citation: J. Am. Chem. Soc.,1921,43, 1098-1111,,,,,,,,,,,,,
243.23,168,0.6,Liquid-Gas,Experimental,NIST,Authors: Dicko, M.;Coquelet, C.;Theveneau, P.;Mougin, P. Title: Phase Equilibria of H2S-Hydrocarbons (Propane, n-Butane, and n-Pentane) Binary Systems at Low Temperatures Citation: J. Chem. Eng. Data,2012,57, 1534-1543,,,,,,,,,
246.33,190.8,0.6,Liquid-Gas,Experimental,NIST,Authors: Zhang, Y.;Gong, M.;Zhu, H.;Liu, J.;Wu, J. Title: Development and Verification of a New Apparatus Equilibria Measurements Citation: J. Eng. Thermophys.,2007,28,327,,,,,,,,,,
247.126,195.6,2,Liquid-Gas,Experimental,NIST,Authors: Dong, X.;Gong, M.;Liu, J.;Wu, J. Title: Experimental measurement of vapor pressures and (vapor + liquid) equilibrium  for {1,1,1,2-tetrafluoroethane (R134a) + propane (R290)} by a recirculation  apparatus with view windows Citation: J. Chem. Thermodyn.,2011,43, 505-510,,,,,,,,
252.104,236,20,Liquid-Gas,Experimental,NIST,Authors: Qi, Y.;Zhang, H.;Liu, Y.;Wu, W.;Chen, X.;Yang, X. Title: PVTx properties in the gas phase for binary R290/R134a system Citation: J. Chem. Thermodyn.,2014,70, 111-121,,,,,,,,,
253.21596,234.4,0,Liquid-Gas,Experimental - Rejected,NIST,Authors: Akers, W. W.;Kelley, R. E.;Lipscomb, T. G. Title: Carbon Dioxide - Propane System Citation: Ind. Eng. Chem.,1954,46,2535,,,,,,,,,,,,
254.31,257,10,Liquid-Gas,Experimental,NIST,Authors: Dong, X.;Gong, M.;Zhang, Y.;Liu, J.;Wu, J. Title: Isothermal Vapor-Liquid Equilibria for 1,1-Difluoroethane (R152a) + Propane (R290) at Temperatures between (254.31 and 287.94) K Citation: J. Chem. Eng. Data,2010,55, 2145-2148,,,,,,,,,
255.40392,261.2,1.3,Liquid-Gas,Experimental - Rejected,NIST,Authors: Blanc, C. J.;Setier, J.-C. B. Title: Vapor-Liquid Equilibria in the Ethane-Propane System at Low Temperature Citation: J. Chem. Eng. Data,1988,33, 111-115,,,,,,,,,,,,,
257.85,286.3,0,Liquid-Gas,Experimental - Rejected,NIST,Authors: Shiflett, M. B.;Sandler, S. I. Citation: Fluid Phase Equilib.,1998,147,145,,,,,,,,,,,,,
258.161997674,314.107,0,Liquid-Gas,Experimental - Rejected,NIST,Authors: Hainlen, A. Title: Propane and Ethane in the Liquid State. Citation: Justus Liebigs Ann. Chem.,1894,282, 229-45,,,,,,,,,,,,,,
260.9377776,324.743,0,Liquid-Gas,Experimental - Rejected,NIST,Authors: Reamer, H. H.;Sage, B. H. Title: Volumetric and phase behavior of propene-propane system Citation: Ind. Eng. Chem.,1951,43, 1628-1634,,,,,,,,,,,,,
261.123,322.7,2.1,Liquid-Gas,Experimental,NIST,Authors: Dong, X.;Gong, M.;Liu, J.;Wu, J. Title: Experimental measurement of vapor pressures and (vapor + liquid) equilibrium  for {1,1,1,2-tetrafluoroethane (R134a) + propane (R290)} by a recirculation  apparatus with view windows Citation: J. Chem. Thermodyn.,2011,43, 505-510,,,,,,,,
263.15237,342.252,1.961,Liquid-Gas,Experimental - Rejected,NIST,Authors: Skripka, V. G.;Nikitina, I. E.;Zhdanovich, L. A.;Sirotin, A. G.;Ben'yaminovich, O. A. Title: Liquid-vapor phase equilibrium at low temperatures in binary systems formed by components of natural gas Citation: Gaz. Prom-st.,1970, 15(12), 35-6,,,,,,,,,,
266.50532,385.4,0,Liquid-Gas,Experimental,NIST,Authors: Hipkin, H. G. Title: Experimental Vapor-Liquid Equilibrium Data for Propane-Isobutane Citation: AIChE J.,1966,12,484,,,,,,,,,,,,,,
268.15,407.9,2,Liquid-Gas,Experimental,NIST,Authors: Lim, J. S.;Park, J. -Y.;Lee, B.-G. Title: High Pressure Vapor-Liquid Equilibria of Binary System 1,1,1-trifluoroethane (HFC-143a)+Propane (HC-290) Citation: Korean J. Chem. Eng.,2005,22, 932-937,,,,,,,,,,
268.153991888,415.432,0,Liquid-Gas,Experimental - Rejected,NIST,Authors: Hainlen, A. Title: Propane and Ethane in the Liquid State. Citation: Justus Liebigs Ann. Chem.,1894,282, 229-45,,,,,,,,,,,,,,
268.60364,413.033,2.4,Liquid-Gas,Experimental,NIST,Authors: Dana, L. I.;Jenkins, A. C.;Burdick, H. E.;Timm, R. C. Title: Thermodynamic Properties of Butane, Isobutane, and Propane Citation: Refrig. Eng.,1926,12,387,,,,,,,,,
268.613632,392.634,2.4,Liquid-Gas,Experimental - Rejected,NIST,Authors: Dana, L. I.;Jenkins, A. C.;Burdick, H. E.;Timm, R. C. Title: Thermodynamic Properties of Butane, Isobutane, and Propane Citation: Refrig. Eng.,1926,12,387,,,,,,,,,
269.999,430.73,0.16,Liquid-Gas,Experimental,NIST,Authors: McLinden, M. O. Title: Thermodynamic Properties of Propane. I. p-?-T Behavior from (265 to 500) K with Pressures to 36 MPa Citation: J. Chem. Eng. Data,2009,54, 3181-3191,,,,,,,,,,,,,,
270,430.425,0.676,Liquid-Gas,Experimental,NIST,Authors: Glos, S.;Kleinrahm, R.;Wagner, W. Title: Measurement of the (p,q,T) relation of propane, propylene, n-butane, and isobutane in the temperature range from (95 to 340) K at pressures up to 12 MPa using an accurate two-sinker densimeter Citation: J. Chem. Thermodyn.,2004,36, 1037-1059,,,,,,,
270,433.6,1.1,Liquid-Gas,Experimental - Rejected,NIST,Authors: Yucelen, B.;Kidnay, A. J. Title: Vapor-Liquid Equiliblria in the Nitrogen + Carbon Dioxide + Propane System from 240 to 330 K at Pressures to 15 MPa Citation: J. Chem. Eng. Data,1999,44, 926-931,,,,,,,,,,,,,
273.15,475.622525,2.941995,Liquid-Gas,Experimental,NIST,Authors: Hakuta, T.;Nagahama, K.;Hirata, M. Title: Binary Vapor-Liquid Equilibrium for C3 Hydrocarbons Citation: Bull. Jpn. Pet. Inst.,1969,11,10/05/26,,,,,,,,,,,,
273.15,473,0,Liquid-Gas,Experimental,NIST,Authors: Noda, K.;Inoue, K.;Asai, T.;Ishida, K. Title: Isothermal vapor-liquid and liquid-liquid equilibria for the propane- ammonia and propylene-ammonia systems Citation: J. Chem. Eng. Data,1993,38,09/11/26,,,,,,,,,,,
273.15,474.6,2.5,Liquid-Gas,Experimental,NIST,Authors: Park, Y. M.;Jung, M. Y. Title: Vapor-Liquid Equilibria for the Pentafluoroethane (HFC-125) + Propane (R-290) System Citation: J. Chem. Eng. Data,2002,47, 818-822,,,,,,,,,,,,,
273.15,461.9487,23.097435,Liquid-Gas,Experimental - Rejected,NIST,Authors: Akers, W. W.;Kelley, R. E.;Lipscomb, T. G. Title: Carbon Dioxide - Propane System Citation: Ind. Eng. Chem.,1954,46,2535,,,,,,,,,,,,
273.15,506.624,5.333,Liquid-Gas,Experimental - Rejected,NIST,Authors: Olszewski, K. Citation: Chem. Ber.,1894,27,3305,,,,,,,,,,,,,,
273.250000876,469,4,Liquid-Gas,Experimental - Rejected,NIST,Authors: Holcomb, C. D.;Magee, J. W.;Haynes, W. M. Title: Density Measurements on Natural Gas Liquids Citation: Research Report RR-147,1995, Gas Processors Association Project No. 916, Tulsa OK,,,,,,,,,,,,
274.149382837,516.758,0,Liquid-Gas,Experimental - Rejected,NIST,Authors: Hainlen, A. Title: Propane and Ethane in the Liquid State. Citation: Justus Liebigs Ann. Chem.,1894,282, 229-45,,,,,,,,,,,,,,
274.999729927,500,40,Liquid-Gas,Experimental,NIST,Authors: Rabe, D. Title: Experimental determination of dynamic viscosity and density of binary liquid mixtures of n-heptane with CO2, CH4, C2H6, C3H8 and of toluene with CH4 and C3H8 Citation: Dr.Eng. Thesis, Technical University Berlin, Berlin (1981),,,,,,,,,,,,
275.137,503.9,2.1,Liquid-Gas,Experimental,NIST,Authors: Dong, X.;Gong, M.;Liu, J.;Wu, J. Title: Experimental measurement of vapor pressures and (vapor + liquid) equilibrium  for {1,1,1,2-tetrafluoroethane (R134a) + propane (R290)} by a recirculation  apparatus with view windows Citation: J. Chem. Thermodyn.,2011,43, 505-510,,,,,,,,
277.593751182,548.133,1.379,Liquid-Gas,Experimental - Rejected,NIST,Authors: Kahre, L. C. Title: Liquid Density of Light Hydrocarbon Mixtures Citation: J. Chem. Eng. Data,1973,18, 267-270,,,,,,,,,,,,,,
280,583.1,1.2,Liquid-Gas,Experimental,NIST,Authors: Miyamoto, H.;Uematsu, M. Title: Measurements of Vapor Pressures from 280 to 369 K and (p, rho, T) Properties from 340 to 400 K at Pressures to 200 MPa for Propane Citation: Int. J. Thermophys.,2006,27, 1052-1060,,,,,,,,,,,
280.001,581.94,0.15,Liquid-Gas,Experimental,NIST,Authors: McLinden, M. O. Title: Thermodynamic Properties of Propane. I. p-?-T Behavior from (265 to 500) K with Pressures to 36 MPa Citation: J. Chem. Eng. Data,2009,54, 3181-3191,,,,,,,,,,,,,,
280.213,585.8,20,Liquid-Gas,Experimental,NIST,Authors: Qi, Y.;Zhang, H.;Liu, Y.;Wu, W.;Chen, X.;Yang, X. Title: PVTx properties in the gas phase for binary R290/R134a system Citation: J. Chem. Thermodyn.,2014,70, 111-121,,,,,,,,,
283.148055,636.72,0.49,Liquid-Gas,Experimental,NIST,Authors: Thomas, R. H. P.;Harrison, R. H. Title: Pressure-Volume-Temperature Relations of Propane Citation: J. Chem. Eng. Data,1982,27,01/11/26,,,,,,,,,,,,,
283.149,646.7,5.1,Liquid-Gas,Experimental - Rejected,NIST,Authors: Higashi, Y.;Funakura, M.;Yoshida, Y. Title: VAPOR-LIQUID EQUILIBRIUM FOR PROPANE/ISO-BUTANE MIXTURE Citation: Joint Meeting of NR Commissions B1, B2, E1, and E2,1994, Padova, Italy, September 21-23, pp 493-500,,,,,,,
283.15,636.8,1.4,Liquid-Gas,Experimental,NIST,Authors: Gong, M.;Guo, H.;Dong, X.;Li, H.;Wu, J. Title: (Vapor + liquid) phase equilibrium measurements for {trifluoroiodomethane (R13I1) + propane (R290)} from T = (258.150 to 283.150) K Citation: J. Chem. Thermodyn.,2014,79, 167-170,,,,,,,,,,
283.15,637.2,2.1,Liquid-Gas,Experimental,NIST,Authors: Lim, J. S.;Park, J. -Y.;Lee, K.-S.;Kim, J. -D.;Lee, B. G. Title: Measurement of Vapor-Liquid Equilibria for the Binary Mixture of Pentafluoroethane (HFC-125) + Propane (R-290) Citation: J. Chem. Eng. Data,2004,49, 750-755,,,,,,,,,,
283.15,632,8,Liquid-Gas,Experimental - Rejected,NIST,Authors: Lim, J. S.;Seong, G.;Roh, H.-K. Title: Vapor-Liquid Equilibria for Propane (R-290) + 1,1,1,2,3,3,3-Heptafluoropropane (HFC-227ea) at Various Temperatures Citation: J. Chem. Eng. Data,2007,52, 2250-2256,,,,,,
283.154,644.1,0,Liquid-Gas,Experimental - Rejected,NIST,Authors: Higashi, Y.;Funakura, M.;Yoshida, Y. Title: Vapor-liquid equilibrium for propane/iso-butane mixture Citation: Sci. Tech. Froid,1994, , 493-500,,,,,,,,,,,,
285.642427805,719.407,0,Liquid-Gas,Experimental - Rejected,NIST,Authors: Hainlen, A. Title: Propane and Ethane in the Liquid State. Citation: Justus Liebigs Ann. Chem.,1894,282, 229-45,,,,,,,,,,,,,,
288.15,735,2.2,Liquid-Gas,Experimental,NIST,Authors: Lee, B. G.;Yang, W.-J.;Lim, J. S. Title: Vapor-Liquid Equilibria for the Binary System Difluoromethane (HFC-32) + Propane (HC-290) at Seven Temperatures [(268.15,278.15,283.15,288.15,298.15,308.15, and 318.15) K] Citation: J. Chem. Eng. Data,2003,48, 841-846,,,,,,
288.26,734,2,Liquid-Gas,Experimental,NIST,Authors: Coquelet, C.;Chareton, A.;Valtz, A.;Baba-Ahmed, A.;Richon, D. Title: Vapor-Liquid Equilibrium Data for the Azeotropic Difluoromethane + Propane System at Temperatures from 294.83 to 343.26 K and Pressures up to 5.4 MPa Citation: J. Chem. Eng. Data,2003,48, 317-323,,,,,,,,,,
288.70198832,744.63,6.89,Liquid-Gas,Experimental,NIST,Authors: Kahre, L. C. Title: Liquid Density of Light Hydrocarbon Mixtures Citation: J. Chem. Eng. Data,1973,18, 267-270,,,,,,,,,,,,,,
289.154,752,2.3,Liquid-Gas,Experimental,NIST,Authors: Dong, X.;Gong, M.;Liu, J.;Wu, J. Title: Experimental measurement of vapor pressures and (vapor + liquid) equilibrium  for {1,1,1,2-tetrafluoroethane (R134a) + propane (R290)} by a recirculation  apparatus with view windows Citation: J. Chem. Thermodyn.,2011,43, 505-510,,,,,,,,
290,768.6,1.2,Liquid-Gas,Experimental,NIST,Authors: Kayukawa, Y.;Hasumoto, M.;Kano, Y.;Watanabe, K. Title: Liquid-Phase Thermodynamic Properties for Propane (1), n-Butane (2), and Isobutane (3) Citation: J. Chem. Eng. Data,2005,50, 556-564,,,,,,,,,
291.059248,786.069,4,Liquid-Gas,Experimental - Rejected,NIST,Authors: Dana, L. I.;Jenkins, A. C.;Burdick, H. E.;Timm, R. C. Title: Thermodynamic Properties of Butane, Isobutane, and Propane Citation: Refrig. Eng.,1926,12,387,,,,,,,,,
293.15,836.2,3.4,Liquid-Gas,Experimental,NIST,Authors: Ho, Q. N. N.;Yoo, K. S.;Lee, B. G.;Lim, J. S. Title: Measurement of vapor liquid equilibria for the binary mixture of propylene (R-1270) + propane (R-290) Citation: Fluid Phase Equilib.,2006,245, 63-70,,,,,,,,,,,
293.15,839.7,1.2,Liquid-Gas,Experimental,NIST,Authors: Hou, S.-X.;Duan, Y. -Y. Title: Isothermal vapor liquid equilibria for the pentafluoroethane + propane and pentafluoroethane + 1,1,1,2,3,3,3-heptafluoropropane systems Citation: Fluid Phase Equilib.,2010,290, 121 (-126),,,,,,,
293.15,832.94,26.13,Liquid-Gas,Experimental,NIST,Authors: Park, Y.;Kang, J.;Choi, J.;Kim, H. Title: Vapor-Liquid Equilibria for the 1,1-Difluoroethane (HFC-152a) + Propane (R-290) System Citation: J. Chem. Eng. Data,2007,52, 1203-1208,,,,,,,,,,
293.151,845.3,5.2,Liquid-Gas,Experimental - Rejected,NIST,Authors: Higashi, Y.;Funakura, M.;Yoshida, Y. Title: VAPOR-LIQUID EQUILIBRIUM FOR PROPANE/ISO-BUTANE MIXTURE Citation: Joint Meeting of NR Commissions B1, B2, E1, and E2,1994, Padova, Italy, September 21-23, pp 493-500,,,,,,,
293.155,844.9,0,Liquid-Gas,Experimental - Rejected,NIST,Authors: Higashi, Y.;Funakura, M.;Yoshida, Y. Title: Vapor-liquid equilibrium for propane/iso-butane mixture Citation: Sci. Tech. Froid,1994, , 493-500,,,,,,,,,,,,
294.2485556,861.84,6.89,Liquid-Gas,Experimental,NIST,Authors: Reamer, H. H.;Sage, B. H.;Lacey, W. N. Title: Phase Equilibria in Hydrocarbon Systems: Volumetric and Phase Behavior of the Methane-Propane System Citation: Ind. Eng. Chem.,1950,42, 534-539,,,,,,,,,,,,
294.2485556,861.84,6.89,Liquid-Gas,Experimental,NIST,Authors: Reamer, H. H.;Sage, B. H.;Lacey, W. N. Title: Phase equilibria in hydrocarbon systems: Volumetric and phase behavior of the propane - carbon dioxide system Citation: Ind. Eng. Chem.,1951,43, 2515-2520,,,,,,,,,,,,
294.31183666,859.2936,8.6874,Liquid-Gas,Experimental,NIST,Authors: Manley, D. B.;Swift, G. W. Title: Relative Volatility of Propane-Propene System by Integration of General Coexistence Citation: J. Chem. Eng. Data,1971,16, 301-7,,,,,,,,,,,,,
298.00001289,948,4,Liquid-Gas,Experimental,NIST,Authors: Llovell, F.;Florusse, L. J.;Peters, C. J.;Vega, L. F. Title: Vapor-Liquid and Critical Behavior of Binary Systems of Hydrogen Chloride and n-Alkanes: Experimental Data and Soft-SAFT Modeling Citation: J. Phys. Chem. B,2007,111, 10180-10188,,,,,,,,,,,
298.136,930.8,0,Liquid-Gas,Experimental - Rejected,NIST,Authors: Schindler, D. L.;Swift, G. W.;Kurata, F. Title: More low temperature v-l design data Citation: Hydrocarbon Process.,1966,45, 205-10,,,,,,,,,,,,
298.15,952.2,1.1,Liquid-Gas,Experimental,NIST,Authors: Bobbo, S.;Camporese, R.;Scalabrin, G. Title: Isothermal vapour -liquid equilibrium measurements for the binary mixtures HFC-125 + HFC-245fa and HC-290 + HFC-245fa Citation: High Temp. - High Pressures,2000,32, 441-447,,,,,,,,,,,,
298.15,954.8,6.8,Liquid-Gas,Experimental,NIST,Authors: Lim, J. S.;Park, J. -Y.;Kang, j. W.;Lee, B. G. Title: Measurement of vapor liquid equilibria for the binary systems of propane + 1,1,1,2-tetrafluoroethane and 1,1,1-trifluoroethane + propane at various temperatures Citation: Fluid Phase Equilib.,2006,243, 57-63,,,,,,
298.16,951.2,3.7,Liquid-Gas,Experimental,NIST,Authors: Bobbo, S.;Fedele, L.;Camporese, R.;Stryjek, R. Title: Isothermal vapor-liquid equilibrium for the three binary systems 1,1,1,2,3,3-hexafluoropropane with dimethyl ether or propane, and 1,1,1,3,3,3-hexafluoropropane with dimethyl ether Citation: Fluid Phase Equilib.,2000,174,03/12/26
299.78534,1020,0,Liquid-Gas,Experimental - Rejected,NIST,Authors: Hipkin, H. G. Title: Experimental Vapor-Liquid Equilibrium Data for Propane-Isobutane Citation: AIChE J.,1966,12,484,,,,,,,,,,,,,,
299.999,997.43,0.16,Liquid-Gas,Experimental,NIST,Authors: McLinden, M. O. Title: Thermodynamic Properties of Propane. I. p-?-T Behavior from (265 to 500) K with Pressures to 36 MPa Citation: J. Chem. Eng. Data,2009,54, 3181-3191,,,,,,,,,,,,,,
300.3508929,1006.6,1.6,Liquid-Gas,Experimental,NIST,Authors: Kratzke, H.;Muller, S. Title: Thermodynamic quantities for propane. 3. The thermodynamic behavior of saturated and compressed liquid propane Citation: J. Chem. Thermodyn.,1984,16, 1157-74,,,,,,,,,,,,,
300.73496,1053.78,15.2,Liquid-Gas,Experimental - Rejected,NIST,Authors: Francis, A. W.;Robbins, G. W. Title: The Vapor Pressures of Propane and Propylene Citation: J. Am. Chem. Soc.,1933,55,4339,,,,,,,,,,,,,
301.073313768,1034.21,6.88786,Liquid-Gas,Experimental - Rejected,NIST,Authors: Sage, B. H.;Schaafsma, J. G.;Lacey, W. N. Title: Phase Equilibria in Hydrocarbon Systems: Pressure-Volume-Temperature Relations and Thermal Properties of Propane. Citation: Ind. Eng. Chem.,1934,26, 1218-1224,,,,,,,,,,,,
301.90447164,1061.89,0,Liquid-Gas,Experimental - Rejected,NIST,Authors: Deschner, W. W.;Brown, G. G. Title: P-V-T Relations for Propane Citation: Ind. Eng. Chem.,1940,32, 836-840,,,,,,,,,,,,,
301.9045716,1062.9,0,Liquid-Gas,Experimental - Rejected,NIST,Authors: Deschner, W. W.;Brown, G. G. Title: P-V-T Relations for Propane Citation: Ind. Eng. Chem.,1940,32, 836-840,,,,,,,,,,,,,
301.934459563,1053.577,0,Liquid-Gas,Experimental - Rejected,NIST,Authors: Deschner, W. W.;Brown, G. G. Title: P-V-T Relations for Propane Citation: Ind. Eng. Chem.,1940,32, 836-840,,,,,,,,,,,,,
302.934056844,1080.73,0,Liquid-Gas,Experimental - Rejected,NIST,Authors: Deschner, W. W.;Brown, G. G. Title: P-V-T Relations for Propane Citation: Ind. Eng. Chem.,1940,32, 836-840,,,,,,,,,,,,,
303.133976258,1092.28,0,Liquid-Gas,Experimental - Rejected,NIST,Authors: Deschner, W. W.;Brown, G. G. Title: P-V-T Relations for Propane Citation: Ind. Eng. Chem.,1940,32, 836-840,,,,,,,,,,,,,
303.134,1124.7,10.67,Liquid-Gas,Experimental - Rejected,NIST,Authors: Olszewski, K. Citation: Chem. Ber.,1894,27,3305,,,,,,,,,,,,,,
303.141,1086.9,5.4,Liquid-Gas,Experimental - Rejected,NIST,Authors: Higashi, Y.;Funakura, M.;Yoshida, Y. Title: VAPOR-LIQUID EQUILIBRIUM FOR PROPANE/ISO-BUTANE MIXTURE Citation: Joint Meeting of NR Commissions B1, B2, E1, and E2,1994, Padova, Italy, September 21-23, pp 493-500,,,,,,,
303.143055,1063.91,11.15,Liquid-Gas,Experimental - Rejected,NIST,Authors: Poll, H.;Huemer, H.;Moser, F. Title: An apparatuas for determination of vapor-liquid equilibria at elevated pressure Citation: Monatsh. Chem.,1980,111, 1159-1164,,,,,,,,,,,,
303.15,1078.3,3.8,Liquid-Gas,Experimental,NIST,Authors: Kim, J.-H.;Kim, M. S.;Kim, Y. Title: Vapor-liquid equilibria for pentafluoroethane + propane and difluoromethane + propane systems over a temperature range from 253.15 to 323.15 K Citation: Fluid Phase Equilib.,2003,211, 273-287,,,,,,,,,,,,
303.15,1078.4,3.2,Liquid-Gas,Experimental,NIST,Authors: Lim, J. S.;Ho, Q. N. N.;Park, J. -Y.;Lee, B. G. Title: Measurement of Vapor-Liquid Equilibria for the Binary Mixture of Propane (R-290) + Isobutane (R-600a) Citation: J. Chem. Eng. Data,2004,49, 192-198,,,,,,,,,,,
303.15,1090.6,5.5,Liquid-Gas,Experimental - Rejected,NIST,Authors: Kang, Y. W. Title: Phase equilibria for the binary mixtures containing hydrogen fluoride and non-polar compound Citation: Fluid Phase Equilib.,1999,154, 139-151,,,,,,,,,,,,,,
304.593387506,1124.81,0,Liquid-Gas,Experimental,NIST,Authors: Deschner, W. W.;Brown, G. G. Title: P-V-T Relations for Propane Citation: Ind. Eng. Chem.,1940,32, 836-840,,,,,,,,,,,,,
305.03324,1195.64,15.2,Liquid-Gas,Experimental - Rejected,NIST,Authors: Francis, A. W.;Robbins, G. W. Title: The Vapor Pressures of Propane and Propylene Citation: J. Am. Chem. Soc.,1933,55,4339,,,,,,,,,,,,,
305.1332,1185.5,15.2,Liquid-Gas,Experimental - Rejected,NIST,Authors: Francis, A. W.;Robbins, G. W. Title: The Vapor Pressures of Propane and Propylene Citation: J. Am. Chem. Soc.,1933,55,4339,,,,,,,,,,,,,
306.662551095,1182.87,0,Liquid-Gas,Experimental - Rejected,NIST,Authors: Deschner, W. W.;Brown, G. G. Title: P-V-T Relations for Propane Citation: Ind. Eng. Chem.,1940,32, 836-840,,,,,,,,,,,,,
307.072424,1164.438,6.66612,Liquid-Gas,Experimental - Rejected,NIST,Authors: Dana, L. I.;Jenkins, A. C.;Burdick, H. E.;Timm, R. C. Title: Thermodynamic Properties of Butane, Isobutane, and Propane Citation: Refrig. Eng.,1926,12,387,,,,,,,,,
308.03204,1266.56,15.2,Liquid-Gas,Experimental - Rejected,NIST,Authors: Francis, A. W.;Robbins, G. W. Title: The Vapor Pressures of Propane and Propylene Citation: J. Am. Chem. Soc.,1933,55,4339,,,,,,,,,,,,,
308.179,1219.8,20.1,Liquid-Gas,Experimental,NIST,Authors: Qi, Y.;Zhang, H.;Liu, Y.;Wu, W.;Chen, X.;Yang, X. Title: PVTx properties in the gas phase for binary R290/R134a system Citation: J. Chem. Thermodyn.,2014,70, 111-121,,,,,,,,,
308.211534,1219.4,5.3,Liquid-Gas,Experimental,NIST,Authors: Uchytil, P.;Wichterle, I. Title: Liquid-Vapor critical region of the most volatile component of a ternary System I. Vapour-liquid equilibria in the ethane-propane-n-butane system system. Citation: Fluid Phase Equilib.,1983,15, 209-17,,,,,,,,,,,,,
308.331874532,1231.707,0,Liquid-Gas,Experimental - Rejected,NIST,Authors: Deschner, W. W.;Brown, G. G. Title: P-V-T Relations for Propane Citation: Ind. Eng. Chem.,1940,32, 836-840,,,,,,,,,,,,,
309.6314,1327.36,16.21,Liquid-Gas,Experimental - Rejected,NIST,Authors: Francis, A. W.;Robbins, G. W. Title: The Vapor Pressures of Propane and Propylene Citation: J. Am. Chem. Soc.,1933,55,4339,,,,,,,,,,,,,
309.977,1271,2.3,Liquid-Gas,Experimental,NIST,Authors: Outcalt, S.L.;Lee, B.-C. Title: A Small-Volume Apparatus for the Measurement of Phase Equilibria Citation: J. Res. Natl. Inst. Stand. Technol.,2004,109, 525-531,,,,,,,,,,,,,
309.998,1271.8,0.24,Liquid-Gas,Experimental,NIST,Authors: McLinden, M. O. Title: Thermodynamic Properties of Propane. I. p-?-T Behavior from (265 to 500) K with Pressures to 36 MPa Citation: J. Chem. Eng. Data,2009,54, 3181-3191,,,,,,,,,,,,,,
310,1272.35,0.24,Liquid-Gas,Experimental,NIST,Authors: McLinden, M. O. Title: Thermodynamic Properties of Propane. I. p-?-T Behavior from (265 to 500) K with Pressures to 36 MPa Citation: J. Chem. Eng. Data,2009,54, 3181-3191,,,,,,,,,,,,,,
310.89073,1300.4202,13.237934,Liquid-Gas,Experimental,NIST,Authors: Laurance, D. R.;Swift, G. W. Title: Relative Volatility of Propane-Propene System from 100-160 deg F Citation: J. Chem. Eng. Data,1972,17,333,,,,,,,,,,,,,
310.91852166,1313.451,20.6773771,Liquid-Gas,Experimental - Rejected,NIST,Authors: Miranda, R. D.;Robinson, D. B.;Kalra, H. Title: Equilibrium-Phase Properties of Propane-Carbonyl Sulfide System Citation: J. Chem. Eng. Data,1976,21, 62-5,,,,,,,,,,,,
312.1304,1388.15,16.21,Liquid-Gas,Experimental - Rejected,NIST,Authors: Francis, A. W.;Robbins, G. W. Title: The Vapor Pressures of Propane and Propylene Citation: J. Am. Chem. Soc.,1933,55,4339,,,,,,,,,,,,,
312.670120897,1356,4,Liquid-Gas,Experimental,NIST,Authors: Holcomb, C. D.;Magee, J. W.;Haynes, W. M. Title: Density Measurements on Natural Gas Liquids Citation: Research Report RR-147,1995, Gas Processors Association Project No. 916, Tulsa OK,,,,,,,,,,,,
312.99,1361,7,Liquid-Gas,Experimental,NIST,Authors: Subramoney, S. C.;Naidoo, P.;Valtz, A.;Coquelet, C.;Richon, D.;Ramjugernath, D. Title: Experimental (vapour + liquid) equilibrium data and modelling for binary mixtures of decafluorobutane with propane and 1-butene Citation: J. Chem. Thermodyn.,2013,67, 134-142,,,,,,,,,
313.09007,1378,11,Liquid-Gas,Experimental - Rejected,NIST,Authors: Galivel-Solastiouk, F.;Laugier, S.;Richon, D. Title: Vapor-liquid equilibrium data for the propane-methanol and propane-methanol-carbon dioxide system Citation: Fluid Phase Equilib.,1986,28,73,,,,,,,,,,,,
313.140055,1351.068,76.1964,Liquid-Gas,Experimental,NIST,Authors: Eng, W. W. Y. Citation: M.Sc. Thesis, Brigham Young University, Provo, UT (1977),,,,,,,,,,,,,,
313.140055,1350.358,11.4497,Liquid-Gas,Experimental - Rejected,NIST,Authors: Eng, W. W. Y. Citation: M.Sc. Thesis, Brigham Young University, Provo, UT (1977),,,,,,,,,,,,,,
313.140055,1334.856,11.24708,Liquid-Gas,Experimental - Rejected,NIST,Authors: Eng, W. W. Y. Citation: M.Sc. Thesis, Brigham Young University, Provo, UT (1977),,,,,,,,,,,,,,
313.15,1369.8,34.1,Liquid-Gas,Experimental,NIST,Authors: Kim, J. H.;Kim, M. S. Title: Vapor liquid equilibria for the carbon dioxide + propane system over a temperature range from 253.15 to 323.15K Citation: Fluid Phase Equilib.,2005,238, 13-19,,,,,,,,,,,,,
313.15,1366,17,Liquid-Gas,Experimental,NIST,Authors: Lim, J. S.;Seong, G.;Roh, H.-K. Title: Vapor-Liquid Equilibria for Propane (R-290) + 1,1,1,2,3,3,3-Heptafluoropropane (HFC-227ea) at Various Temperatures Citation: J. Chem. Eng. Data,2007,52, 2250-2256,,,,,,
313.15,1366,21,Liquid-Gas,Experimental,NIST,Authors: Seong, G.;Kim, A. R.;Yoo, K.-P.;Lim, J. S. Title: Measurement of VLE data for propane+1,1-difluoroethane at various temperatures from 268.15 to 333.15K Citation: Korean J. Chem. Eng.,2009,26, 206-213,,,,,,,,,,
313.15,1366,17,Liquid-Gas,Experimental,NIST,Authors: Seong, G.;Yoo, K.-P.;Lim, J. S. Title: Vapor-Liquid Equilibria for Propane (R290) + n-Butane (R600) at Various Temperatures Citation: J. Chem. Eng. Data,2008,53, 2783-2786,,,,,,,,,,,,
313.72982,1448.95,17.23,Liquid-Gas,Experimental - Rejected,NIST,Authors: Francis, A. W.;Robbins, G. W. Title: The Vapor Pressures of Propane and Propylene Citation: J. Am. Chem. Soc.,1933,55,4339,,,,,,,,,,,,,
314,1396.09,0.27,Liquid-Gas,Experimental,NIST,Authors: McLinden, M. O. Title: Thermodynamic Properties of Propane. I. p-?-T Behavior from (265 to 500) K with Pressures to 36 MPa Citation: J. Chem. Eng. Data,2009,54, 3181-3191,,,,,,,,,,,,,,
315,1428.32,0.27,Liquid-Gas,Experimental,NIST,Authors: McLinden, M. O. Title: Thermodynamic Properties of Propane. I. p-?-T Behavior from (265 to 500) K with Pressures to 36 MPa Citation: J. Chem. Eng. Data,2009,54, 3181-3191,,,,,,,,,,,,,,
315.1294,1519.88,17.23,Liquid-Gas,Experimental - Rejected,NIST,Authors: Francis, A. W.;Robbins, G. W. Title: The Vapor Pressures of Propane and Propylene Citation: J. Am. Chem. Soc.,1933,55,4339,,,,,,,,,,,,,
316.52898,1540.14,18.24,Liquid-Gas,Experimental - Rejected,NIST,Authors: Francis, A. W.;Robbins, G. W. Title: The Vapor Pressures of Propane and Propylene Citation: J. Am. Chem. Soc.,1933,55,4339,,,,,,,,,,,,,
316.68453332,1476.86,0,Liquid-Gas,Experimental - Rejected,NIST,Authors: Zanolini, D. A. Title: Measurement of vapor pressures of volatile hydrocarbons Citation: M.Sc. Thesis, Pennsylvania State University, University Park, PA (1964),,,,,,,,,,,,,,
317.1318571,1499.3,2.4,Liquid-Gas,Experimental,NIST,Authors: Kratzke, H. Title: Thermodynamic quantities for propane. 1. The vapour pressure of liquid propane Citation: J. Chem. Thermodyn.,1980,12, 305-309,,,,,,,,,,,,,,
317.62865,1600.94,17.23,Liquid-Gas,Experimental - Rejected,NIST,Authors: Francis, A. W.;Robbins, G. W. Title: The Vapor Pressures of Propane and Propylene Citation: J. Am. Chem. Soc.,1933,55,4339,,,,,,,,,,,,,
318.128345286,1547.13,0,Liquid-Gas,Experimental - Rejected,NIST,Authors: Deschner, W. W.;Brown, G. G. Title: P-V-T Relations for Propane Citation: Ind. Eng. Chem.,1940,32, 836-840,,,,,,,,,,,,,
318.22,1537,3,Liquid-Gas,Experimental,NIST,Authors: Coquelet, C.;Chareton, A.;Valtz, A.;Baba-Ahmed, A.;Richon, D. Title: Vapor-Liquid Equilibrium Data for the Azeotropic Difluoromethane + Propane System at Temperatures from 294.83 to 343.26 K and Pressures up to 5.4 MPa Citation: J. Chem. Eng. Data,2003,48, 317-323,,,,,,,,,,
318.258303752,1547.435,0,Liquid-Gas,Experimental - Rejected,NIST,Authors: Deschner, W. W.;Brown, G. G. Title: P-V-T Relations for Propane Citation: Ind. Eng. Chem.,1940,32, 836-840,,,,,,,,,,,,,
318.32844,1621.2,18.24,Liquid-Gas,Experimental - Rejected,NIST,Authors: Francis, A. W.;Robbins, G. W. Title: The Vapor Pressures of Propane and Propylene Citation: J. Am. Chem. Soc.,1933,55,4339,,,,,,,,,,,,,
319.997,1598.43,0.27,Liquid-Gas,Experimental,NIST,Authors: McLinden, M. O. Title: Thermodynamic Properties of Propane. I. p-?-T Behavior from (265 to 500) K with Pressures to 36 MPa Citation: J. Chem. Eng. Data,2009,54, 3181-3191,,,,,,,,,,,,,,
320,1598.77,0.27,Liquid-Gas,Experimental,NIST,Authors: McLinden, M. O. Title: Thermodynamic Properties of Propane. I. p-?-T Behavior from (265 to 500) K with Pressures to 36 MPa Citation: J. Chem. Eng. Data,2009,54, 3181-3191,,,,,,,,,,,,,,
320.62775,1712.39,18.24,Liquid-Gas,Experimental - Rejected,NIST,Authors: Francis, A. W.;Robbins, G. W. Title: The Vapor Pressures of Propane and Propylene Citation: J. Am. Chem. Soc.,1933,55,4339,,,,,,,,,,,,,
323.137055,1718.5,123.7,Liquid-Gas,Experimental,NIST,Authors: Miksovsky, J.;Wichterle, I. Title: Vapour-Liquid Equilibria in the Ethane-Proane System at High Pressures Citation: Collect. Czech. Chem. Commun.,1975,40,365,,,,,,,,,,,,,
323.15,1708.2,0.6,Liquid-Gas,Experimental - Rejected,NIST,Authors: Giles, N. F.;Wilson, G. M. Title: Phase equilibira on seven binary mixtures Citation: J. Chem. Eng. Data,2000,45, 146-153,,,,,,,,,,,,,
323.342646177,1723.69,6.88786,Liquid-Gas,Experimental,NIST,Authors: Sage, B. H.;Schaafsma, J. G.;Lacey, W. N. Title: Phase Equilibria in Hydrocarbon Systems: Pressure-Volume-Temperature Relations and Thermal Properties of Propane. Citation: Ind. Eng. Chem.,1934,26, 1218-1224,,,,,,,,,,,,
323.466898,1702.26,9.33257,Liquid-Gas,Experimental - Rejected,NIST,Authors: Dana, L. I.;Jenkins, A. C.;Burdick, H. E.;Timm, R. C. Title: Thermodynamic Properties of Butane, Isobutane, and Propane Citation: Refrig. Eng.,1926,12,387,,,,,,,,,
324.62655,1874.51,19.25,Liquid-Gas,Experimental - Rejected,NIST,Authors: Francis, A. W.;Robbins, G. W. Title: The Vapor Pressures of Propane and Propylene Citation: J. Am. Chem. Soc.,1933,55,4339,,,,,,,,,,,,,
324.916101568,1879.78,0,Liquid-Gas,Experimental - Rejected,NIST,Authors: Deschner, W. W.;Brown, G. G. Title: P-V-T Relations for Propane Citation: Ind. Eng. Chem.,1940,32, 836-840,,,,,,,,,,,,,
324.916521,1782,5.6,Liquid-Gas,Experimental,NIST,Authors: Uchytil, P.;Wichterle, I. Title: Liquid-Vapor critical region of the most volatile component of a ternary System I. Vapour-liquid equilibria in the ethane-propane-n-butane system system. Citation: Fluid Phase Equilib.,1983,15, 209-17,,,,,,,,,,,,,
324.998,1782.59,0.27,Liquid-Gas,Experimental,NIST,Authors: McLinden, M. O. Title: Thermodynamic Properties of Propane. I. p-?-T Behavior from (265 to 500) K with Pressures to 36 MPa Citation: J. Chem. Eng. Data,2009,54, 3181-3191,,,,,,,,,,,,,,
326.114717646,1722.53,0,Liquid-Gas,Experimental - Rejected,NIST,Authors: Hainlen, A. Title: Propane and Ethane in the Liquid State. Citation: Justus Liebigs Ann. Chem.,1894,282, 229-45,,,,,,,,,,,,,,
327.495747,1878.82,0,Liquid-Gas,Experimental,NIST,Authors: Clark Title: Molecular Thermodynamics and Phase Equilibria in the Propane-Methyl Chloride System Citation: Ph.D. Thesis, University of Illinois, Urbana, IL (1973),,,,,,,,,,,,,,,
327.49584697,1892.61,0,Liquid-Gas,Experimental - Rejected,NIST,Authors: Clark Title: Molecular Thermodynamics and Phase Equilibria in the Propane-Methyl Chloride System Citation: Ph.D. Thesis, University of Illinois, Urbana, IL (1973),,,,,,,,,,,,,,,
328.135555,1925.2,149.1,Liquid-Gas,Experimental,NIST,Authors: Prasad, D. H. Title: R & D Notes: P-V-T Relations of Propane in the Range 373.15-423.15 K and 0.2-4.0 MPa Citation: AIChE J.,1982,28, 695-6,,,,,,,,,,,,,,
329.395177,1935.15,0,Liquid-Gas,Experimental - Rejected,NIST,Authors: Barber, J. R. Title: Intermolecular Forces in the Critical Azeotropic System Propane-perfluorobutane: Description of Forces in the Vapor Region via Second Virial Coeff. and the Liquid Region via Internal Pressure amd Inte Citation: Ph.D. Thesis, Ohio State University, Columbus, OH (1968),,,,,,,,,,,,,,
329.998,1982.26,0.27,Liquid-Gas,Experimental,NIST,Authors: McLinden, M. O. Title: Thermodynamic Properties of Propane. I. p-?-T Behavior from (265 to 500) K with Pressures to 36 MPa Citation: J. Chem. Eng. Data,2009,54, 3181-3191,,,,,,,,,,,,,,
330.001,1982.35,0.27,Liquid-Gas,Experimental,NIST,Authors: McLinden, M. O. Title: Thermodynamic Properties of Propane. I. p-?-T Behavior from (265 to 500) K with Pressures to 36 MPa Citation: J. Chem. Eng. Data,2009,54, 3181-3191,,,,,,,,,,,,,,
330.1249,2067.03,20.26,Liquid-Gas,Experimental - Rejected,NIST,Authors: Francis, A. W.;Robbins, G. W. Title: The Vapor Pressures of Propane and Propylene Citation: J. Am. Chem. Soc.,1933,55,4339,,,,,,,,,,,,,
330.335594495,2027.06,0,Liquid-Gas,Experimental - Rejected,NIST,Authors: Scheeline, H. W.;Gilliland, E. R. Title: Vapor-Liquid Equilibrium in the System Propane-Isobutylene Citation: Ind. Eng. Chem.,1939,31,1050,,,,,,,,,,,,,
330.574031842,2009.781,0,Liquid-Gas,Experimental,NIST,Authors: Deschner, W. W.;Brown, G. G. Title: P-V-T Relations for Propane Citation: Ind. Eng. Chem.,1940,32, 836-840,,,,,,,,,,,,,
331.1246,2137.96,20.26,Liquid-Gas,Experimental - Rejected,NIST,Authors: Francis, A. W.;Robbins, G. W. Title: The Vapor Pressures of Propane and Propylene Citation: J. Am. Chem. Soc.,1933,55,4339,,,,,,,,,,,,,
331.63467,2068.42,16.72,Liquid-Gas,Experimental - Rejected,NIST,Authors: Kay, W. B. Title: Vapor-Liquid Equilibrium Relationships of Binary Systems. Propane- n-Alkane Systems, n-Hexane and n-Heptane Citation: J. Chem. Eng. Data,1971,16, 137-40,,,,,,,,,,,,,
332.13457,2068.42,16.72,Liquid-Gas,Experimental,NIST,Authors: Kay, W. B. Title: Vapor-Liquid Equilibrium Relationships of Binary Systems. Propane- n-Alkane Systems, n-Hexane and n-Heptane Citation: J. Chem. Eng. Data,1971,16, 137-40,,,,,,,,,,,,,
333.001023958,2113,5,Liquid-Gas,Experimental,NIST,Authors: Llovell, F.;Florusse, L. J.;Peters, C. J.;Vega, L. F. Title: Vapor-Liquid and Critical Behavior of Binary Systems of Hydrogen Chloride and n-Alkanes: Experimental Data and Soft-SAFT Modeling Citation: J. Phys. Chem. B,2007,111, 10180-10188,,,,,,,,,,,
333.124,2137.4,0,Liquid-Gas,Experimental - Rejected,NIST,Authors: Schindler, D. L.;Swift, G. W.;Kurata, F. Title: More low temperature v-l design data Citation: Hydrocarbon Process.,1966,45, 205-10,,,,,,,,,,,,
333.13437,2116.35,1.64,Liquid-Gas,Experimental,NIST,Authors: Thomas, R. H. P.;Harrison, R. H. Title: Pressure-Volume-Temperature Relations of Propane Citation: J. Chem. Eng. Data,1982,27,01/11/26,,,,,,,,,,,,,
333.15,2115.4,0.9,Liquid-Gas,Experimental,NIST,Authors: Giles, N. F.;Wilson, G. M. Title: Phase equilibira on seven binary mixtures Citation: J. Chem. Eng. Data,2000,45, 146-153,,,,,,,,,,,,,
333.932884269,2159.641,0,Liquid-Gas,Experimental - Rejected,NIST,Authors: Deschner, W. W.;Brown, G. G. Title: P-V-T Relations for Propane Citation: Ind. Eng. Chem.,1940,32, 836-840,,,,,,,,,,,,,
334.124,2269.68,25.33,Liquid-Gas,Experimental - Rejected,NIST,Authors: Francis, A. W.;Robbins, G. W. Title: The Vapor Pressures of Propane and Propylene Citation: J. Am. Chem. Soc.,1933,55,4339,,,,,,,,,,,,,
334.766666648,2200.12,6.77,Liquid-Gas,Experimental - Rejected,NIST,Authors: Mousa, A. H. N. Title: The Physical properties of highly purified purified samnples of propane and n-hexane Citation: J. Chem. Thermodyn.,1977,9, 1063-5,,,,,,,,,,,,,,
335.001,2198.02,0.28,Liquid-Gas,Experimental,NIST,Authors: McLinden, M. O. Title: Thermodynamic Properties of Propane. I. p-?-T Behavior from (265 to 500) K with Pressures to 36 MPa Citation: J. Chem. Eng. Data,2009,54, 3181-3191,,,,,,,,,,,,,,
335.0129,2189.09,0,Liquid-Gas,Experimental - Rejected,NIST,Authors: Zanolini, D. A. Title: Measurement of vapor pressures of volatile hydrocarbons Citation: M.Sc. Thesis, Pennsylvania State University, University Park, PA (1964),,,,,,,,,,,,,,
336.639,2275.013,0,Liquid-Gas,Experimental,NIST,Authors: Perry, R. E.;Thodos, G. Title: Vapor Pressures of the Light Normal Saturated Hydrocarbons Citation: Ind. Eng. Chem.,1952,44, 1649-53,,,,,,,,,,,,,
337.4573,2306.3,0,Liquid-Gas,Experimental,NIST,Authors: Zanolini, D. A. Title: Measurement of vapor pressures of volatile hydrocarbons Citation: M.Sc. Thesis, Pennsylvania State University, University Park, PA (1964),,,,,,,,,,,,,,
338.6892588,2365.4533,23.993755,Liquid-Gas,Experimental,NIST,Authors: Laurance, D. R.;Swift, G. W. Title: Relative Volatility of Propane-Propene System from 100-160 deg F Citation: J. Chem. Eng. Data,1972,17,333,,,,,,,,,,,,,
339.998,2430.39,0.28,Liquid-Gas,Experimental,NIST,Authors: McLinden, M. O. Title: Thermodynamic Properties of Propane. I. p-?-T Behavior from (265 to 500) K with Pressures to 36 MPa Citation: J. Chem. Eng. Data,2009,54, 3181-3191,,,,,,,,,,,,,,
340,2431.45,3.78,Liquid-Gas,Experimental,NIST,Authors: Glos, S.;Kleinrahm, R.;Wagner, W. Title: Measurement of the (p,q,T) relation of propane, propylene, n-butane, and isobutane in the temperature range from (95 to 340) K at pressures up to 12 MPa using an accurate two-sinker densimeter Citation: J. Chem. Thermodyn.,2004,36, 1037-1059,,,,,,,
340.001,2430.71,0.28,Liquid-Gas,Experimental,NIST,Authors: McLinden, M. O. Title: Thermodynamic Properties of Propane. I. p-?-T Behavior from (265 to 500) K with Pressures to 36 MPa Citation: J. Chem. Eng. Data,2009,54, 3181-3191,,,,,,,,,,,,,,
340.062976,2439.9,6.1,Liquid-Gas,Experimental,NIST,Authors: Uchytil, P.;Wichterle, I. Title: Liquid-Vapor critical region of the most volatile component of a ternary System I. Vapour-liquid equilibria in the ethane-propane-n-butane system system. Citation: Fluid Phase Equilib.,1983,15, 209-17,,,,,,,,,,,,,
340.091590281,2253.47,0,Liquid-Gas,Experimental - Rejected,NIST,Authors: Deschner, W. W.;Brown, G. G. Title: P-V-T Relations for Propane Citation: Ind. Eng. Chem.,1940,32, 836-840,,,,,,,,,,,,,
340.091590281,2453.889,0,Liquid-Gas,Experimental - Rejected,NIST,Authors: Deschner, W. W.;Brown, G. G. Title: P-V-T Relations for Propane Citation: Ind. Eng. Chem.,1940,32, 836-840,,,,,,,,,,,,,
340.2749124,2443.25,0,Liquid-Gas,Experimental,NIST,Authors: Teichman, J. Title: Pressure-Volume-Temperature Measurement with Liquid Propane and Benzene Citation: Dissertation, Ruhr-Univerisitat, Bochum (1978),,,,,,,,,,,,,,,
340.498214085,2465.09,7.57,Liquid-Gas,Experimental - Rejected,NIST,Authors: Mousa, A. H. N. Title: The Physical properties of highly purified purified samnples of propane and n-hexane Citation: J. Chem. Thermodyn.,1977,9, 1063-5,,,,,,,,,,,,,,
343,2608,5,Liquid-Gas,Experimental - Rejected,NIST,Authors: Aalto, M.;Liukkonen, S. Title: Bubble Point Pressures and Densities for the Binary Systems of Propane with Triacontane, Hexatriacontane, Tetracontane, Pentacontane, and Squalane at 353-373 K and 4.00-7.00 MPa Citation: J. Chem. Eng. Data,1996,41, 79-83,,,,,,,,,
343.377161378,2585.53,13.7895,Liquid-Gas,Experimental - Rejected,NIST,Authors: Sage, B. H.;Schaafsma, J. G.;Lacey, W. N. Title: Phase Equilibria in Hydrocarbon Systems: Pressure-Volume-Temperature Relations and Thermal Properties of Propane. Citation: Ind. Eng. Chem.,1934,26, 1218-1224,,,,,,,,,,,,
344.00189397,2651.03,0,Liquid-Gas,Experimental - Rejected,NIST,Authors: Clark Title: Molecular Thermodynamics and Phase Equilibria in the Propane-Methyl Chloride System Citation: Ph.D. Thesis, University of Illinois, Urbana, IL (1973),,,,,,,,,,,,,,,
344.26,2641.4,12.1,Liquid-Gas,Experimental,NIST,Authors: Yucelen, B.;Kidnay, A. J. Title: Vapor-Liquid Equiliblria in the Nitrogen + Carbon Dioxide + Propane System from 240 to 330 K at Pressures to 15 MPa Citation: J. Chem. Eng. Data,1999,44, 926-931,,,,,,,,,,,,,
344.273885,2646.9,0,Liquid-Gas,Experimental,NIST,Authors: Reamer, H. H.;Sage, B. H. Title: Volumetric and phase behavior of propene-propane system Citation: Ind. Eng. Chem.,1951,43, 1628-1634,,,,,,,,,,,,,
344.609611305,2677.82,0,Liquid-Gas,Experimental - Rejected,NIST,Authors: Deschner, W. W.;Brown, G. G. Title: P-V-T Relations for Propane Citation: Ind. Eng. Chem.,1940,32, 836-840,,,,,,,,,,,,,
345,2681.72,0.28,Liquid-Gas,Experimental,NIST,Authors: McLinden, M. O. Title: Thermodynamic Properties of Propane. I. p-?-T Behavior from (265 to 500) K with Pressures to 36 MPa Citation: J. Chem. Eng. Data,2009,54, 3181-3191,,,,,,,,,,,,,,
345.271195965,2744.11,62.1218,Liquid-Gas,Experimental - Rejected,NIST,Authors: Gilliland, E. R.;Scheeline, H. W. Title: High Pressure Vapor-Liquid Equilibrium. For the Systems Propylene-Isobutane isobutane and propane + hydrogen sulfide Citation: Ind. Eng. Chem.,1940,32,48,,,,,,,,,,,,,
346.930915,2757.89,22.27,Liquid-Gas,Experimental - Rejected,NIST,Authors: Kay, W. B. Title: Vapor-Liquid Equilibrium Relationships of Binary Systems. Propane- n-Alkane Systems, n-Hexane and n-Heptane Citation: J. Chem. Eng. Data,1971,16, 137-40,,,,,,,,,,,,,
347.04887677,2790,4,Liquid-Gas,Experimental,NIST,Authors: Holcomb, C. D.;Magee, J. W.;Haynes, W. M. Title: Density Measurements on Natural Gas Liquids Citation: Research Report RR-147,1995, Gas Processors Association Project No. 916, Tulsa OK,,,,,,,,,,,,
348.1,2860,0,Liquid-Gas,Experimental - Rejected,NIST,Authors: Gros, H. P.;Zabaloy, M. S.;Brignole, E. A. Title: High-Pressure Vapor-Liquid Equilibria for Propane + 2-Butanol, Propylene + 2-Butanol, and Propane + 2-Butanol + 2-Propanol Citation: J. Chem. Eng. Data,1996,41, 335-338,,,,,,,,,,
348.176870018,2889.282,0,Liquid-Gas,Experimental - Rejected,NIST,Authors: Deschner, W. W.;Brown, G. G. Title: P-V-T Relations for Propane Citation: Ind. Eng. Chem.,1940,32, 836-840,,,,,,,,,,,,,
348.206842134,2870.94,0,Liquid-Gas,Experimental - Rejected,NIST,Authors: Deschner, W. W.;Brown, G. G. Title: P-V-T Relations for Propane Citation: Ind. Eng. Chem.,1940,32, 836-840,,,,,,,,,,,,,
348.550429,2852.84,0,Liquid-Gas,Experimental - Rejected,NIST,Authors: Barber, J. R. Title: Intermolecular Forces in the Critical Azeotropic System Propane-perfluorobutane: Description of Forces in the Vapor Region via Second Virial Coeff. and the Liquid Region via Internal Pressure amd Inte Citation: Ph.D. Thesis, Ohio State University, Columbus, OH (1968),,,,,,,,,,,,,,
349.884676162,2930.27,13.7895,Liquid-Gas,Experimental - Rejected,NIST,Authors: Sage, B. H.;Schaafsma, J. G.;Lacey, W. N. Title: Phase Equilibria in Hydrocarbon Systems: Pressure-Volume-Temperature Relations and Thermal Properties of Propane. Citation: Ind. Eng. Chem.,1934,26, 1218-1224,,,,,,,,,,,,
350,2951.53,0.28,Liquid-Gas,Experimental,NIST,Authors: McLinden, M. O. Title: Thermodynamic Properties of Propane. I. p-?-T Behavior from (265 to 500) K with Pressures to 36 MPa Citation: J. Chem. Eng. Data,2009,54, 3181-3191,,,,,,,,,,,,,,
350,2963,0,Liquid-Gas,Experimental - Rejected,NIST,Authors: Horizoe, H.;Tanimoto, T.;Yamamoto, I.;Kano, Y. Citation: J. Chem. Eng. Jpn.,1993,26,482,,,,,,,,,,,
351.60298139,3068.324,0,Liquid-Gas,Experimental - Rejected,NIST,Authors: Deschner, W. W.;Brown, G. G. Title: P-V-T Relations for Propane Citation: Ind. Eng. Chem.,1940,32, 836-840,,,,,,,,,,,,,
353,3170,6,Liquid-Gas,Experimental - Rejected,NIST,Authors: Aalto, M.;Liukkonen, S. Title: Bubble Point Pressures and Densities for the Binary Systems of Propane with Triacontane, Hexatriacontane, Tetracontane, Pentacontane, and Squalane at 353-373 K and 4.00-7.00 MPa Citation: J. Chem. Eng. Data,1996,41, 79-83,,,,,,,,,
353.123,3102.6,0,Liquid-Gas,Experimental - Rejected,NIST,Authors: Schindler, D. L.;Swift, G. W.;Kurata, F. Title: More low temperature v-l design data Citation: Hydrocarbon Process.,1966,45, 205-10,,,,,,,,,,,,
353.140252804,3139.05,14.1855,Liquid-Gas,Experimental,NIST,Authors: Clegg, H. P.;Rowlinson, J. S. Title: Physical Properties of Some Fluorine Compounds and Their Solutions II. Part 2. The System Sulfur Hexafluoride + Propane Citation: Trans. Faraday Soc.,1955,51, 1333-40,,,,,,,,,,,,,
353.4019731,3145.1,5,Liquid-Gas,Experimental,NIST,Authors: Kratzke, H. Title: Thermodynamic quantities for propane. 1. The vapour pressure of liquid propane Citation: J. Chem. Thermodyn.,1980,12, 305-309,,,,,,,,,,,,,,
353.41,3134,5,Liquid-Gas,Experimental,NIST,Authors: Coquelet, C.;Chareton, A.;Valtz, A.;Baba-Ahmed, A.;Richon, D. Title: Vapor-Liquid Equilibrium Data for the Azeotropic Difluoromethane + Propane System at Temperatures from 294.83 to 343.26 K and Pressures up to 5.4 MPa Citation: J. Chem. Eng. Data,2003,48, 317-323,,,,,,,,,,
354.999,3241.63,0.29,Liquid-Gas,Experimental,NIST,Authors: McLinden, M. O. Title: Thermodynamic Properties of Propane. I. p-?-T Behavior from (265 to 500) K with Pressures to 36 MPa Citation: J. Chem. Eng. Data,2009,54, 3181-3191,,,,,,,,,,,,,,
355.002,3241.89,0.29,Liquid-Gas,Experimental,NIST,Authors: McLinden, M. O. Title: Thermodynamic Properties of Propane. I. p-?-T Behavior from (265 to 500) K with Pressures to 36 MPa Citation: J. Chem. Eng. Data,2009,54, 3181-3191,,,,,,,,,,,,,,
357.187837,3353.61,0,Liquid-Gas,Experimental - Rejected,NIST,Authors: Barber, J. R. Title: Intermolecular Forces in the Critical Azeotropic System Propane-perfluorobutane: Description of Forces in the Vapor Region via Second Virial Coeff. and the Liquid Region via Internal Pressure amd Inte Citation: Ph.D. Thesis, Ohio State University, Columbus, OH (1968),,,,,,,,,,,,,,
357.18793697,3359.33,0,Liquid-Gas,Experimental,NIST,Authors: Barber, J. R. Title: Intermolecular Forces in the Critical Azeotropic System Propane-perfluorobutane: Description of Forces in the Vapor Region via Second Virial Coeff. and the Liquid Region via Internal Pressure amd Inte Citation: Ph.D. Thesis, Ohio State University, Columbus, OH (1968),,,,,,,,,,,,,,
357.223867291,3406.01,0,Liquid-Gas,Experimental - Rejected,NIST,Authors: Scheeline, H. W.;Gilliland, E. R. Title: Vapor-Liquid Equilibrium in the System Propane-Isobutylene Citation: Ind. Eng. Chem.,1939,31,1050,,,,,,,,,,,,,
357.927615,3447.36,27.83,Liquid-Gas,Experimental - Rejected,NIST,Authors: Kay, W. B. Title: Vapor-Liquid Equilibrium Relationships of Binary Systems. Propane- n-Alkane Systems, n-Hexane and n-Heptane Citation: J. Chem. Eng. Data,1971,16, 137-40,,,,,,,,,,,,,
357.960452257,3428.94,0,Liquid-Gas,Experimental,NIST,Authors: Deschner, W. W.;Brown, G. G. Title: P-V-T Relations for Propane Citation: Ind. Eng. Chem.,1940,32, 836-840,,,,,,,,,,,,,
358.037807104,3447.38,20.6843,Liquid-Gas,Experimental,NIST,Authors: Sage, B. H.;Schaafsma, J. G.;Lacey, W. N. Title: Phase Equilibria in Hydrocarbon Systems: Pressure-Volume-Temperature Relations and Thermal Properties of Propane. Citation: Ind. Eng. Chem.,1934,26, 1218-1224,,,,,,,,,,,,
358.1185577,3431.03,0,Liquid-Gas,Experimental,NIST,Authors: Teichman, J. Title: Pressure-Volume-Temperature Measurement with Liquid Propane and Benzene Citation: Dissertation, Ruhr-Univerisitat, Bochum (1978),,,,,,,,,,,,,,,
358.123,3439.98,0,Liquid-Gas,Experimental,NIST,Authors: Leach, S. Citation: J. Chim. Phys. Phys.-Chim. Biol.,1955,52,492,,,,,,,,,,,,,,
358.127555,3447.38,67.13,Liquid-Gas,Experimental,NIST,Authors: Kay, W. B. Title: Vapor-Liquid Equilibrium Relations of Binary Systems. The Propane - n-Alkane Systems. n-Butane and n-Pentane. Citation: J. Chem. Eng. Data,1970,15, 46-52,,,,,,,,,,,,,,
358.127555,3441.2,7,Liquid-Gas,Experimental,NIST,Authors: Uchytil, P.;Wichterle, I. Title: Liquid-Vapor critical region of the most volatile component of a ternary System I. Vapour-liquid equilibria in the ethane-propane-n-butane system system. Citation: Fluid Phase Equilib.,1983,15, 209-17,,,,,,,,,,,,,
359.94710897,3533.49,0,Liquid-Gas,Experimental - Rejected,NIST,Authors: Barber, J. R. Title: Intermolecular Forces in the Critical Azeotropic System Propane-perfluorobutane: Description of Forces in the Vapor Region via Second Virial Coeff. and the Liquid Region via Internal Pressure amd Inte Citation: Ph.D. Thesis, Ohio State University, Columbus, OH (1968),,,,,,,,,,,,,,
359.999,3554.47,0.29,Liquid-Gas,Experimental,NIST,Authors: McLinden, M. O. Title: Thermodynamic Properties of Propane. I. p-?-T Behavior from (265 to 500) K with Pressures to 36 MPa Citation: J. Chem. Eng. Data,2009,54, 3181-3191,,,,,,,,,,,,,,
360,3552.2,5.5,Liquid-Gas,Experimental,NIST,Authors: Kayukawa, Y.;Hasumoto, M.;Kano, Y.;Watanabe, K. Title: Liquid-Phase Thermodynamic Properties for Propane (1), n-Butane (2), and Isobutane (3) Citation: J. Chem. Eng. Data,2005,50, 556-564,,,,,,,,,
360,3554.45,0.29,Liquid-Gas,Experimental,NIST,Authors: McLinden, M. O. Title: Thermodynamic Properties of Propane. I. p-?-T Behavior from (265 to 500) K with Pressures to 36 MPa Citation: J. Chem. Eng. Data,2009,54, 3181-3191,,,,,,,,,,,,,,
360,3556.3,7.2,Liquid-Gas,Experimental,NIST,Authors: Miyamoto, H.;Uematsu, M. Title: Measurements of Vapor Pressures from 280 to 369 K and (p, rho, T) Properties from 340 to 400 K at Pressures to 200 MPa for Propane Citation: Int. J. Thermophys.,2006,27, 1052-1060,,,,,,,,,,,
361.23684798,3617.54,0,Liquid-Gas,Experimental - Rejected,NIST,Authors: Barber, J. R. Title: Intermolecular Forces in the Critical Azeotropic System Propane-perfluorobutane: Description of Forces in the Vapor Region via Second Virial Coeff. and the Liquid Region via Internal Pressure amd Inte Citation: Ph.D. Thesis, Ohio State University, Columbus, OH (1968),,,,,,,,,,,,,,
361.28683798,3656.29,0,Liquid-Gas,Experimental - Rejected,NIST,Authors: Clark Title: Molecular Thermodynamics and Phase Equilibria in the Propane-Methyl Chloride System Citation: Ph.D. Thesis, University of Illinois, Urbana, IL (1973),,,,,,,,,,,,,,,
362.338055734,3729.59,11.38,Liquid-Gas,Experimental - Rejected,NIST,Authors: Mousa, A. H. N. Title: The Physical properties of highly purified purified samnples of propane and n-hexane Citation: J. Chem. Thermodyn.,1977,9, 1063-5,,,,,,,,,,,,,,
362.60657398,3714.14,0,Liquid-Gas,Experimental - Rejected,NIST,Authors: Barber, J. R. Title: Intermolecular Forces in the Critical Azeotropic System Propane-perfluorobutane: Description of Forces in the Vapor Region via Second Virial Coeff. and the Liquid Region via Internal Pressure amd Inte Citation: Ph.D. Thesis, Ohio State University, Columbus, OH (1968),,,,,,,,,,,,,,
362.723910479,3792.12,20.6843,Liquid-Gas,Experimental - Rejected,NIST,Authors: Sage, B. H.;Schaafsma, J. G.;Lacey, W. N. Title: Phase Equilibria in Hydrocarbon Systems: Pressure-Volume-Temperature Relations and Thermal Properties of Propane. Citation: Ind. Eng. Chem.,1934,26, 1218-1224,,,,,,,,,,,,
363,3810,8,Liquid-Gas,Experimental - Rejected,NIST,Authors: Aalto, M.;Liukkonen, S. Title: Bubble Point Pressures and Densities for the Binary Systems of Propane with Triacontane, Hexatriacontane, Tetracontane, Pentacontane, and Squalane at 353-373 K and 4.00-7.00 MPa Citation: J. Chem. Eng. Data,1996,41, 79-83,,,,,,,,,
363.15,3767,16,Liquid-Gas,Experimental,NIST,Authors: Im, J.;Lee, G.;Shin, M. S.;Lee, J.;Kim, H. Title: Vapor liquid equilibria of the 1,1,1-trifluoroethane (HFC-143a) + propane (HC-290) system Citation: Fluid Phase Equilib.,2006,248, 19-23,,,,,,,,
363.212748423,3850,0,Liquid-Gas,Experimental - Rejected,NIST,Authors: Glowka, S. Title: Liquid-vapour equlibira and thermodynamic functions of propane + sulphur dioxide and propane + dimethyl ether systems up to 300 c Citation: Bull. Acad. Pol. Sci.-Chim.,1972,20,163,,,,,,,,,,,,,,
363.378523345,3782.766,0,Liquid-Gas,Experimental,NIST,Authors: Deschner, W. W.;Brown, G. G. Title: P-V-T Relations for Propane Citation: Ind. Eng. Chem.,1940,32, 836-840,,,,,,,,,,,,,
363.999,3822.43,0.29,Liquid-Gas,Experimental,NIST,Authors: McLinden, M. O. Title: Thermodynamic Properties of Propane. I. p-?-T Behavior from (265 to 500) K with Pressures to 36 MPa Citation: J. Chem. Eng. Data,2009,54, 3181-3191,,,,,,,,,,,,,,
364.999,3892.08,0.3,Liquid-Gas,Experimental,NIST,Authors: McLinden, M. O. Title: Thermodynamic Properties of Propane. I. p-?-T Behavior from (265 to 500) K with Pressures to 36 MPa Citation: J. Chem. Eng. Data,2009,54, 3181-3191,,,,,,,,,,,,,,
366.060924506,3725.62,0,Liquid-Gas,Experimental - Rejected,NIST,Authors: Deschner, W. W.;Brown, G. G. Title: P-V-T Relations for Propane Citation: Ind. Eng. Chem.,1940,32, 836-840,,,,,,,,,,,,,
366.45663333,3916.22,0,Liquid-Gas,Experimental - Rejected,NIST,Authors: Hipkin, H. G. Title: Experimental Vapor-Liquid Equilibrium Data for Propane-Isobutane Citation: AIChE J.,1966,12,484,,,,,,,,,,,,,,
366.847146486,4136.85,20.6843,Liquid-Gas,Experimental - Rejected,NIST,Authors: Sage, B. H.;Schaafsma, J. G.;Lacey, W. N. Title: Phase Equilibria in Hydrocarbon Systems: Pressure-Volume-Temperature Relations and Thermal Properties of Propane. Citation: Ind. Eng. Chem.,1934,26, 1218-1224,,,,,,,,,,,,
367.12557,4045,3.13,Liquid-Gas,Experimental,NIST,Authors: Thomas, R. H. P.;Harrison, R. H. Title: Pressure-Volume-Temperature Relations of Propane Citation: J. Chem. Eng. Data,1982,27,01/11/26,,,,,,,,,,,,,
368.001,4108.52,0.3,Liquid-Gas,Experimental,NIST,Authors: McLinden, M. O. Title: Thermodynamic Properties of Propane. I. p-?-T Behavior from (265 to 500) K with Pressures to 36 MPa Citation: J. Chem. Eng. Data,2009,54, 3181-3191,,,,,,,,,,,,,,
368.081343053,4119,8,Liquid-Gas,Experimental,NIST,Authors: Llovell, F.;Florusse, L. J.;Peters, C. J.;Vega, L. F. Title: Vapor-Liquid and Critical Behavior of Binary Systems of Hydrogen Chloride and n-Alkanes: Experimental Data and Soft-SAFT Modeling Citation: J. Phys. Chem. B,2007,111, 10180-10188,,,,,,,,,,,
368.165362,4108,164,Liquid-Gas,Experimental,NIST,Authors: Barber, J. R.;Kay, W. B.;Teja, A. S. Title: A study of the volumetric and phase behavior of binary systems: part II. vapor-liquid equilibria and azeotropic states of propane + perfluorocyclobutane mixtures. Citation: AIChE J.,1982,28,138,,,,,,,,,,,,
368.32533,4136.84,33.39,Liquid-Gas,Experimental,NIST,Authors: Kay, W. B. Title: Vapor-Liquid Equilibrium Relationships of Binary Systems. Propane- n-Alkane Systems, n-Hexane and n-Heptane Citation: J. Chem. Eng. Data,1971,16, 137-40,,,,,,,,,,,,,
368.854842268,4181.28,0,Liquid-Gas,Experimental,NIST,Authors: Deschner, W. W.;Brown, G. G. Title: P-V-T Relations for Propane Citation: Ind. Eng. Chem.,1940,32, 836-840,,,,,,,,,,,,,
368.92254547,4184.3,6.5,Liquid-Gas,Experimental,NIST,Authors: Honda, Y.;Sato, T,;Uematsu, M. Title: Critical parameters for propane determined by the image analysis Citation: J. Chem. Thermodyn.,2008,40, 208-211,,,,,,,,,,,
369.25524398,4192.15,0,Liquid-Gas,Experimental,NIST,Authors: Barber, J. R. Title: Intermolecular Forces in the Critical Azeotropic System Propane-perfluorobutane: Description of Forces in the Vapor Region via Second Virial Coeff. and the Liquid Region via Internal Pressure amd Inte Citation: Ph.D. Thesis, Ohio State University, Columbus, OH (1968),,,,,,,,,,,,,,
369.60517398,4207.87,0,Liquid-Gas,Experimental - Rejected,NIST,Authors: Clark Title: Molecular Thermodynamics and Phase Equilibria in the Propane-Methyl Chloride System Citation: Ph.D. Thesis, University of Illinois, Urbana, IL (1973),,,,,,,,,,,,,,,
369.62583135,4065.463,0,Liquid-Gas,Experimental - Rejected,NIST,Authors: Deschner, W. W.;Brown, G. G. Title: P-V-T Relations for Propane Citation: Ind. Eng. Chem.,1940,32, 836-840,,,,,,,,,,,,,
369.745046,4217.87,0,Liquid-Gas,Experimental - Rejected,NIST,Authors: Barber, J. R. Title: Intermolecular Forces in the Critical Azeotropic System Propane-perfluorobutane: Description of Forces in the Vapor Region via Second Virial Coeff. and the Liquid Region via Internal Pressure amd Inte Citation: Ph.D. Thesis, Ohio State University, Columbus, OH (1968),,,,,,,,,,,,,,
369.895016,4232.42,0,Liquid-Gas,Experimental - Rejected,NIST,Authors: Barber, J. R. Title: Intermolecular Forces in the Critical Azeotropic System Propane-perfluorobutane: Description of Forces in the Vapor Region via Second Virial Coeff. and the Liquid Region via Internal Pressure amd Inte Citation: Ph.D. Thesis, Ohio State University, Columbus, OH (1968),,,,,,,,,,,,,,
369.922122741,4260,20,Liquid-Gas,Experimental,NIST,Authors: Barber, J. R.;Kay, W. B.;Teja, A. S. Title: A study of the volumetric and phase behavior of binary systems: part I. critical properties of propane + perfluorocyclobutane mixtures. Citation: AIChE J.,1982,28, 134-8,,,,,,,,,,,,
369.922122741,4243,10,Liquid-Gas,Experimental,NIST,Authors: Brunner, E. Title: Fluid mixtures at high pressures II. Phase separation and critical phenomena of (ethane + an n-alkanol) and of (ethene + methanol) and (propane + methanol) Citation: J. Chem. Thermodyn.,1985,17,871,,,,,,,,,,,,,,
369.922122741,4244,5,Liquid-Gas,Experimental,NIST,Authors: Holcomb, C. D.;Magee, J. W.;Haynes, W. M. Title: Density Measurements on Natural Gas Liquids Citation: Research Report RR-147,1995, Gas Processors Association Project No. 916, Tulsa OK,,,,,,,,,,,,
369.922122741,4249.1699722,7.99791846,Liquid-Gas,Experimental,NIST,Authors: Kay, W. B.;Rambosek, G. M. Title: Liquid-Vapor Equilibrium Relations in Binary Systems. Propane-Hydrogen Sulfide Systems Citation: Ind. Eng. Chem.,1953,45, 221-6,,,,,,,,,,,,,
369.922122741,4253.73,4.94,Liquid-Gas,Experimental,NIST,Authors: Mousa, A. H. N. Title: The Physical properties of highly purified purified samnples of propane and n-hexane Citation: J. Chem. Thermodyn.,1977,9, 1063-5,,,,,,,,,,,,,,
369.922122741,4247.5,10,Liquid-Gas,Experimental,NIST,Authors: Sychev, V. V.;Vasserman, A. A.;Kozlov, A. D.;Tsymarny, V. A. Citation: Thermodynamic Properties of Propane,1989, Standards Publishing House: Moscow,,,,,,,,,,,,
369.922122741,4255,0,Liquid-Gas,Experimental,NIST,Authors: Weaver, D. L. Title: Determination of the Critical Temperature and Pressure of Binary Mixtures Composed of Polar and Nonpolar Components Citation: M.Sc. Thesis, Ohio State University, Columbus, OH (1973),,,,,,,,,,,,,,
369.922122741,4353,0,Liquid-Gas,Experimental - Rejected,NIST,Authors: Glowka, S. Title: Liquid-vapour equlibira and thermodynamic functions of propane + sulphur dioxide and propane + dimethyl ether systems up to 300 c Citation: Bull. Acad. Pol. Sci.-Chim.,1972,20,163,,,,,,,,,,,,,,
369.922122741,4914.2625,607.95,Liquid-Gas,Experimental - Rejected,NIST,Authors: Hainlen, A. Title: Propane and Ethane in the Liquid State. Citation: Justus Liebigs Ann. Chem.,1894,282, 229-45,,,,,,,,,,,,,,
369.922122741,4349.88225,101.31993,Liquid-Gas,Experimental - Rejected,NIST,Authors: Kreglewski, A. Title: The Pre- and Post-critical Region of One-component Systems VI. Isotherms and Isochores of Propane Citation: Rocz. Chem.,1953,27, 125-33,,,,,,,,,,,,,,
369.922122741,4559.625,405.3,Liquid-Gas,Experimental - Rejected,NIST,Authors: Lebeau, P. Citation: Bull. Soc. Chim. Fr.,1905,33,1137,,,,,,,,,,,,,,
369.922122741,4458.3,202.65,Liquid-Gas,Experimental - Rejected,NIST,Authors: Olszewski, K. Title: On the liquefaction of gases Citation: Philos. Mag.,1895,39,188,,,,,,,,,,,,,,
369.922122741,4289,0,Liquid-Gas,Experimental - Rejected,NIST,Authors: Sage, B. H.;Lacey, W. N. Title: Phase Equilibria in Hydrocarbon Systems Citation: Ind. Eng. Chem.,1940,32, 992-996,,,,,,,,,,,,,
369.922122741,4435.3835772,199.94796,Liquid-Gas,Experimental - Rejected,NIST,Authors: Sage, B. H.;Schaafsma, J. G.;Lacey, W. N. Title: Phase Equilibria in Hydrocarbon Systems: Pressure-Volume-Temperature Relations and Thermal Properties of Propane. Citation: Ind. Eng. Chem.,1934,26, 1218-1224,,,,,,,,,,,,
369.922122741,4385.07253,206.7738,Liquid-Gas,Experimental - Rejected,NIST,Authors: Scheeline, H. W.;Gilliland, E. R. Title: Vapor-Liquid Equilibrium in the System Propane-Isobutylene Citation: Ind. Eng. Chem.,1939,31,1050,,,,,,,,,,,,,
369.994996,4260.55,0,Liquid-Gas,Experimental - Rejected,NIST,Authors: Barber, J. R. Title: Intermolecular Forces in the Critical Azeotropic System Propane-perfluorobutane: Description of Forces in the Vapor Region via Second Virial Coeff. and the Liquid Region via Internal Pressure amd Inte Citation: Ph.D. Thesis, Ohio State University, Columbus, OH (1968),,,,,,,,,,,,,,
