Temperature ( K ),density ( kg/m 3 ),Uncertainty,Phase,Quality,Source,Set Label,,,,,,,,,,,,,,,
193.495,899.92,0.38,Liquid-Gas,Experimental,NIST,Authors: Archibald, E. H.;Ure, W. Title: The density and viscosity of acetone at low temperatures Citation: J. Chem. Soc.,1924,125,726,,,,,,,,,,
195.145,900,8,Liquid-Gas,Experimental,NIST,Authors: Stern, O. Title: The kinetic theory of osmotic pressure of concentrated solutions and the validity of henry's law for concentrated solutions of carbon dioxide in organic solvents at low temperatures Citation: Z. Phys. Chem., Stoechiom. Verwandschaftsl.,1913,81, 441-76,,,,,,,,,,
196.635,895.05,0.5,Liquid-Gas,Experimental,NIST,Authors: Timmermans, J. Title: New research on the density of liquids below zero Citation: Bull. Soc. Chim. Belg.,1907,21,395,,,,,,,,,,,
200.095,917,6,Liquid-Gas,Experimental - Rejected,NIST,Authors: Jaeger, F. M. Title: Uber die Temperaturabhangigkeit der molekuran freien uberflackenenergie von flussigkeiten im temperaturbereich von -80 bis +1650 C Citation: Z. Anorg. Allg. Chem.,1917,101, 1-214,,,,,,,,,,,
218.09208,870.2,4.5,Liquid-Gas,Experimental - Rejected,NIST,Authors: Shakhova, S. F.;Braude, G. E. Title: Phase equilibria and volume relations in the systems acetone + acetylene hydrocarbons Citation: Khim. Prom-st. (Moscow),1963, , 436-40,,,,,,,,,,
223.058695,866.865671642,1.29382936066,Liquid-Gas,Experimental - Rejected,NIST,Authors: Hicks, P. J.;Prausnitz, J. M. Title: Solubility of acetone and isopropyl ether in compressed nitrogen, methane and carbon dioxide Citation: J. Chem. Eng. Data,1981,26, 74-80,,,,,,,,,
223.08808,868,0,Liquid-Gas,Experimental,NIST,Authors: Sears, P.G.;Wilhoit, E.D.;Dawson, L.R. Title: Conductances of potassiuim thiocyanate and tetra-n-butylammonium iodide in acetone at several temperatures within the range 25 to -50 Citation: J. Phys. Chem.,1956,60, 169-171,,,,,,,,,
233.057695,856.637168142,1.26347664918,Liquid-Gas,Experimental,NIST,Authors: Hicks, P. J.;Prausnitz, J. M. Title: Solubility of acetone and isopropyl ether in compressed nitrogen, methane and carbon dioxide Citation: J. Chem. Eng. Data,1981,26, 74-80,,,,,,,,,
233.08206,854.1,4.3,Liquid-Gas,Experimental - Rejected,NIST,Authors: Shakhova, S. F.;Braude, G. E. Title: Phase equilibria and volume relations in the systems acetone + acetylene hydrocarbons Citation: Khim. Prom-st. (Moscow),1963, , 436-40,,,,,,,,,,
233.157685,856.8,0.3,Liquid-Gas,Experimental,NIST,Authors: Terent'eva, A. A.;Krumgal'z, B. S.;Gerzhberg, Yu. I. Title: Density and viscosity of acetone and methyl ethyl ketone at temp. below 0. Citation: Zh. Prikl. Khim. (Leningrad),1973,46,1143,,,,,,,,,
233.182,857.46,0.3715,Liquid-Gas,Experimental,NIST,Authors: Archibald, E. H.;Ure, W. Title: The density and viscosity of acetone at low temperatures Citation: J. Chem. Soc.,1924,125,726,,,,,,,,,,
234.820688,855.88,0.97,Liquid-Gas,Experimental,NIST,Authors: Felsing, W. A.;Durban, S. A. Title: The vapor pressures, densities, and some derived quantities for acetone Citation: J. Am. Chem. Soc.,1926,48,2885,,,,,,,,
248.07008,838.7,4.1,Liquid-Gas,Experimental - Rejected,NIST,Authors: Shakhova, S. F.;Braude, G. E. Title: Phase equilibria and volume relations in the systems acetone + acetylene hydrocarbons Citation: Khim. Prom-st. (Moscow),1963, , 436-40,,,,,,,,,,
253.6656,845,5,Liquid-Gas,Experimental - Rejected,NIST,Authors: Jaeger, F. M. Title: Uber die Temperaturabhangigkeit der molekuran freien uberflackenenergie von flussigkeiten im temperaturbereich von -80 bis +1650 C Citation: Z. Anorg. Allg. Chem.,1917,101, 1-214,,,,,,,,,,,
259.6608,835,1.5,Liquid-Gas,Experimental - Rejected,NIST,Authors: Faust, O. Title: The Viscosity of Liquid Mixtures, their dependence on Temperature and the relation between the Viscosity of Liquids with their Vapor Pressures Citation: Z. Phys. Chem., Stoechiom. Verwandschaftsl.,1912,79,97,,,,,,,,,
263.05808,825,0,Liquid-Gas,Experimental,NIST,Authors: Sears, P.G.;Wilhoit, E.D.;Dawson, L.R. Title: Conductances of potassiuim thiocyanate and tetra-n-butylammonium iodide in acetone at several temperatures within the range 25 to -50 Citation: J. Phys. Chem.,1956,60, 169-171,,,,,,,,,
263.05808,823.1,4,Liquid-Gas,Experimental,NIST,Authors: Shakhova, S. F.;Braude, G. E. Title: Phase equilibria and volume relations in the systems acetone + acetylene hydrocarbons Citation: Khim. Prom-st. (Moscow),1963, , 436-40,,,,,,,,,,
263.15,825.12,0.74,Liquid-Gas,Experimental,NIST,Authors: Wu, L.;Wang, C.;Hu, X.;Li, H.;Han, S.-J. Title: (Vapour + liquid) equilibria for (2-ethoxypropene + acetone) and (2-ethoxypropene + butanone) Citation: J. Chem. Thermodyn.,2006,38, 889-892,,,,,,,
267.1548,820.67,0.58,Liquid-Gas,Experimental,NIST,Authors: Felsing, W. A.;Durban, S. A. Title: The vapor pressures, densities, and some derived quantities for acetone Citation: J. Am. Chem. Soc.,1926,48,2885,,,,,,,,
273.100015873,812.307692308,1.13609467456,Liquid-Gas,Experimental,NIST,Authors: Hicks, P. J.;Prausnitz, J. M. Title: Solubility of acetone and isopropyl ether in compressed nitrogen, methane and carbon dioxide Citation: J. Chem. Eng. Data,1981,26, 74-80,,,,,,,,,
273.100015873,815.647648889,0.531896632046,Liquid-Gas,Experimental - Rejected,NIST,Authors: Gupta, A. C.;Hanks, R. W. Title: Liquid phase pvt data for binary mixtures of toluene with nitroethane and acetone, and benzene with acetonitrile, nitromethane, and ethanol Citation: Thermochim. Acta,1977,21, 143-152 (Derived),,,,,,,
273.15,813.98,0.3628,Liquid-Gas,Experimental,NIST,Authors: Archibald, E. H.;Ure, W. Title: The density and viscosity of acetone at low temperatures Citation: J. Chem. Soc.,1924,125,726,,,,,,,,,,
273.15,814.4,2,Liquid-Gas,Experimental,NIST,Authors: Kopp, H. Title: Specific volumes of liquid compounds Citation: Justus Liebigs Ann. Chem.,1854,92, 1-32,,,,,,,,,,,
273.15,812.5,0.3,Liquid-Gas,Experimental,NIST,Authors: Terent'eva, A. A.;Krumgal'z, B. S.;Gerzhberg, Yu. I. Title: Density and viscosity of acetone and methyl ethyl ketone at temp. below 0. Citation: Zh. Prikl. Khim. (Leningrad),1973,46,1143,,,,,,,,,
273.15,812.46,0.2,Liquid-Gas,Experimental,NIST,Authors: Timmermans, J. Citation: Bull. Soc. Chim. Belg.,1912,26,205,,,,,,,,,,,
273.15,815,1.5,Liquid-Gas,Experimental - Rejected,NIST,Authors: Faust, O. Title: The Viscosity of Liquid Mixtures, their dependence on Temperature and the relation between the Viscosity of Liquids with their Vapor Pressures Citation: Z. Phys. Chem., Stoechiom. Verwandschaftsl.,1912,79,97,,,,,,,,,
273.15,817.9,1,Liquid-Gas,Experimental - Rejected,NIST,Authors: Pribram;Handl Citation: Monatsh. Chem.,1881,2,643,,,,,,,,,,,,
273.15,809.5,0.5,Liquid-Gas,Experimental - Rejected,NIST,Authors: Walden, P. Title: Organic solution and ionization media: III viscosity and its relationship to conductivity Citation: Z. Phys. Chem., Stoechiom. Verwandschaftsl.,1906,55,207,,,,,,,,,,
273.15,817.77,0.88,Liquid-Gas,Experimental - Rejected,NIST,Authors: Wu, L.;Wang, C.;Hu, X.;Li, H.;Han, S.-J. Title: (Vapour + liquid) equilibria for (2-ethoxypropene + acetone) and (2-ethoxypropene + butanone) Citation: J. Chem. Thermodyn.,2006,38, 889-892,,,,,,,
273.15019988,790.53,0.3,Liquid-Gas,Experimental - Rejected,NIST,Authors: Young, W. G. Title: The Specific Gravity of Acetone-Water Mixtures Citation: J. Soc. Chem. Ind. (London),1933,52,449,,,,,,,,,,,
273.154997,736,0.5,Liquid-Gas,Experimental - Rejected,NIST,Authors: Faust, O. Title: The Viscosity of Liquid Mixtures, their dependence on Temperature and the relation between the Viscosity of Liquids with their Vapor Pressures Citation: Z. Phys. Chem., Stoechiom. Verwandschaftsl.,1912,79,97,,,,,,,,,
273.159994,811,1.5,Liquid-Gas,Experimental - Rejected,NIST,Authors: Faust, O. Title: The Viscosity of Liquid Mixtures, their dependence on Temperature and the relation between the Viscosity of Liquids with their Vapor Pressures Citation: Z. Phys. Chem., Stoechiom. Verwandschaftsl.,1912,79,97,,,,,,,,,
273.24994,818,5,Liquid-Gas,Experimental - Rejected,NIST,Authors: Jaeger, F. M. Title: Uber die Temperaturabhangigkeit der molekuran freien uberflackenenergie von flussigkeiten im temperaturbereich von -80 bis +1650 C Citation: Z. Anorg. Allg. Chem.,1917,101, 1-214,,,,,,,,,,,
277.1476,808.134,0.25,Liquid-Gas,Experimental,NIST,Authors: Squibb, E. R. Title: Improvement in the Manufacture of Acetone. Citation: J. Am. Chem. Soc.,1895,17, 187-201,,,,,,,,,,,
283.09403,804.181745074,1.22874573031,Liquid-Gas,Experimental - Rejected,NIST,Authors: Bingham, E. C.;Brown, D. F. Title: The Mixture Law Citation: J. Rheol.,1932,3, 95-112,,,,,,,,,,
283.09807,803.652968037,0.444805849197,Liquid-Gas,Experimental - Rejected,NIST,Authors: Costas, M.;Patterson, D. Title: Heat capacities of water + organic solvent mixtures Citation: J. Chem. Soc., Faraday Trans. 1,1985,81,2381,,,,,,,,,
283.15,802.6,1.6,Liquid-Gas,Experimental,NIST,Authors: Yang, L.;Luo, T.-L.;Lian, H.-L.;Liu, G.-J. Title: Density and Viscosity of (2,2-Dichloro-N,N-di-2-propenylacetamide + Acetone) and (2,2-Dichloro-N,N-di-2-propenylacetamide + Ethanol) at T = (278.15 to 313.15) K Citation: J. Chem. Eng. Data,2010,55, 1364-1367,,,,
283.154,801.669,0.145,Liquid-Gas,Experimental,NIST,Authors: Estrada-Baltazar, A.;De Leon-Rodriguez, A.;Hall, K. R.;Ramos-Estrada, M.;Iglesias-Silva, G. A. Title: Experimental Densities and Excess Volumes for Binary Mixtures Containing Propionic Acid, Acetone and Water from 283.15 K to 323.15 K at Atmospheric Pressure Citation: J. Chem. Eng. Data,2003,48, 1425-1431,,,,,,
283.363868,807.3,0.5,Liquid-Gas,Experimental - Rejected,NIST,Authors: Thorpe, T. E. Title: On the Relation Between the Molecular Weights of Substances and their Specific Gravities in the Liquid State Citation: J. Chem. Soc.,1880,37,141,,,,,,,,,,,
284.413238,806.08,0.5,Liquid-Gas,Experimental - Rejected,NIST,Authors: Thorpe, T. E. Title: On the Relation Between the Molecular Weights of Substances and their Specific Gravities in the Liquid State Citation: J. Chem. Soc.,1880,37,141,,,,,,,,,,,
284.54316,803,5,Liquid-Gas,Experimental - Rejected,NIST,Authors: Jaeger, F. M. Title: Uber die Temperaturabhangigkeit der molekuran freien uberflackenenergie von flussigkeiten im temperaturbereich von -80 bis +1650 C Citation: Z. Anorg. Allg. Chem.,1917,101, 1-214,,,,,,,,,,,
286.59193,798.98,0.4,Liquid-Gas,Experimental,NIST,Authors: Schwers, F. Citation: Bull. Cl. Sci. Acad. R. Belg.,1912, ,719,,,,,,,,,,,
286.771822,801.3,1,Liquid-Gas,Experimental - Rejected,NIST,Authors: Prytz, K. Title: Experimental investigations of the refractive index Citation: Ann. Phys. (Leipzig),1880,11, 104-20,,,,,,,,,,,
287.04166,799.43,0.7,Liquid-Gas,Experimental - Rejected,NIST,Authors: Kopp, H. Citation: Justus Liebigs Ann. Chem.,1848,64,212,,,,,,,,,,,
287.1416,718.5,0.5,Liquid-Gas,Experimental - Rejected,NIST,Authors: Faust, O. Title: The Viscosity of Liquid Mixtures, their dependence on Temperature and the relation between the Viscosity of Liquids with their Vapor Pressures Citation: Z. Phys. Chem., Stoechiom. Verwandschaftsl.,1912,79,97,,,,,,,,,
287.54136,798.8,8.5,Liquid-Gas,Experimental,NIST,Authors: Worley, R. P. Title: XXX. The Surface Tension of Mixtures. Part II. Mixtures of Perfectly Miscible Liquids and the Relation between Their Surface Tensions and Vapor Pressures Citation: J. Chem. Soc.,1914,105,273,,,,,,,,,,,
288.111018,796.75,0.3,Liquid-Gas,Experimental,NIST,Authors: Rakovskii, A. V.;Frost, A. V. Citation: Tr. Inst. Chist. Khim. Reakt.,1930,9,95,,,,,,,,,,
288.141,797.2,0.5,Liquid-Gas,Experimental,NIST,Authors: Capitani, C.;Mugnaini, E. Title: Rapid determination of the water + acetone + isopropanol mixture Citation: Chim. Ind. (Milan, Italy),1952,34,193,,,,,,,,,
288.141,795.81,0.5,Liquid-Gas,Experimental,NIST,Authors: Perkin, W. H. Title: On the Magnetic Rotary Polarisation of Compounds in Relation to their Chemical Consitution; with Observations on the Preparation and Relative Densities of the Bodies Examined Citation: J. Chem. Soc.,1884,45, 421-580,,,,,,,,,,,
288.141,795,0.4,Liquid-Gas,Experimental,NIST,Authors: Quinlan, J. E.;Amis, E. S. Citation: J. Am. Chem. Soc.,1955,77,4187,,,,,,,,,,
288.141,789.98,2,Liquid-Gas,Experimental - Rejected,NIST,Authors: Doroshevskii, A. G. Title: Mutual action of associated liquids Citation: Zh. Russ. Fiz.-Khim. O-va, Chast Khim.,1911,43,46,,,,,,,,,,
288.141,793,1.5,Liquid-Gas,Experimental - Rejected,NIST,Authors: Faust, O. Title: The Viscosity of Liquid Mixtures, their dependence on Temperature and the relation between the Viscosity of Liquids with their Vapor Pressures Citation: Z. Phys. Chem., Stoechiom. Verwandschaftsl.,1912,79,97,,,,,,,,,
288.146555,795.71,0.23,Liquid-Gas,Experimental,NIST,Authors: French, H. T. Title: Excess Enthalpies of (Acetone + Water) at 278.15,288.15,298.15, 308.15 318.15 and 323.15 K Citation: J. Chem. Thermodyn.,1989,21,801,,,,,,,,
288.15,795.8,0.2,Liquid-Gas,Experimental,NIST,Authors: Casas, L. M.;Tourino, A.;Orge, B.;Marino, G.;Iglesias, M.;Tojo, J. Title: Thermophysical Properties of Acetone or Methanol + n-Alkane (C9 to C12) Mixtures Citation: J. Chem. Eng. Data,2002,47, 887-893,,,,,,
288.6407,811.7,1,Liquid-Gas,Experimental - Rejected,NIST,Authors: Gladstone, J. H.;Dale, T. P. Title: Researches on the refraction, dispersion, and sensitiveness of liquids Citation: Philos. Trans. R. Soc. London,1863,153,317,,,,,,,,
288.69596682,795.5,0.5,Liquid-Gas,Experimental,NIST,Authors: Nicholls, J. R. Citation: Analyst,1929,54,9,,,,,,,,,,,
291.1392,794.06,0.5,Liquid-Gas,Experimental,NIST,Authors: McElroy, R.;Krug, S. Citation: J. Soc. Chem. Ind. (London),1893,12,177,,,,,,,,,,
291.1392,800,0.5,Liquid-Gas,Experimental - Rejected,NIST,Authors: Cheneveau, C. Citation: Ann. Chim. Phys.,1907,12,289,,,,,,,,,,,
291.1392,795.8,0.5,Liquid-Gas,Experimental - Rejected,NIST,Authors: Eisele, I. Citation: Ann. Phys. (Leipzig),1925,76,396,,,,,,,,,,,
291.1392,810,0.6,Liquid-Gas,Experimental - Rejected,NIST,Authors: Faust, O. Title: The Viscosity of Liquid Mixtures, their dependence on Temperature and the relation between the Viscosity of Liquids with their Vapor Pressures Citation: Z. Phys. Chem., Stoechiom. Verwandschaftsl.,1912,79,97,,,,,,,,,
291.1392,790,2,Liquid-Gas,Experimental - Rejected,NIST,Authors: Parthasarathy, P. S.;Chari, S. S.;Srinivasan, D. Citation: J. Phys. Radium,1953,14,541,,,,,,,,,
291.209158,795.12,0.3,Liquid-Gas,Experimental - Rejected,NIST,Authors: Schwers, F. Title: Density and Refractive Index of Solutions. New Contributions to the Study of Solutions II. Study of the Variation of Contractions of Solutions Under the Influence of Temperature Citation: J. Chim. Phys. Phys.-Chim. Biol.,1911,9,15,,,,,,,,,,,
292.1386,794.0692,0.4826,Liquid-Gas,Experimental - Rejected,NIST,Authors: Schall, C.;Kossakowsky, L. Title: The theory of vaporization Citation: Z. Phys. Chem., Stoechiom. Verwandschaftsl.,1891,8, 241-71,,,,,,,,,
292.98809,793.7,1.1,Liquid-Gas,Experimental - Rejected,NIST,Authors: Kurtz, S. S.;Wikingsson, A. E.;Camin, D. L.;Thompson, A. R. Title: Refractive Index and Density of Acetone-Water Solutions Citation: J. Chem. Eng. Data,1965,10,330,,,,,,,,
293,791.3,0.71,Liquid-Gas,Experimental,NIST,Authors: Qin, A.;Hoffman, D. E.;Munk, P. Title: Excess volume of mixtures of selected alkyl esters and ketones with aromatic hydrocarbons Citation: J. Chem. Eng. Data,1992,37, 66-70,,,,,,,,,
293,791.44,2.39,Liquid-Gas,Experimental,NIST,Authors: Qin, A.;Hoffman, D. E.;Munk, P. Title: Excess volumes of mixtures of alkanes with carbonyl compounds Citation: J. Chem. Eng. Data,1992,37, 55-61,,,,,,,,,
293.08803,790.5,4.6,Liquid-Gas,Experimental,NIST,Authors: Kudryavtseva, L. S.;Susarev, M. P. Title: Liquid-vapor equilibrium in chloroform-hexane and acetone-chloroform systems. Citation: Zh. Prikl. Khim. (Leningrad),1963,36, 1231-1237,,,,,,,,,,
293.08803,790.5,9.3,Liquid-Gas,Experimental,NIST,Authors: Marinichev, A. N.;Susarev, M. P. Title: Investigations of phase equilibria in the system acetone + methanol + cyclohexane Citation: Zh. Prikl. Khim. (Leningrad),1965,38,1054,,,,,,,,,,
293.09538,792,5,Liquid-Gas,Experimental,NIST,Authors: Byk, S. Sh.;Fomina, V. I.;Vlasova, V. I.;Moiseeva, T. P. Title: Liquid-vapor equilibrium in the systems allyl alcohol + acetone and allyl alcohol + acetaldehyde Citation: Zh. Prikl. Khim. (Leningrad),1976,49, 662-3,,,,,,,,
293.09538,790,4.6,Liquid-Gas,Experimental,NIST,Authors: Kraus, J.;Linek, J. Title: Liquid-vapor equilibrium. XLVIII. The systems acetone-benzene, acetone-toluene, benzene-methyl ethyl ketone, methyl ethyl ketone-toluene and methyl ethyl ketone-ethylbenzene Citation: Collect. Czech. Chem. Commun.,1971,36,2547,,,,,,,
293.09538,790.3,0.8,Liquid-Gas,Experimental,NIST,Authors: Waradzin, W.;Surovy, J. Title: Equilibrium data of the liquid-vapour systems containing acetone, vinyl acetate, crotonaldehyde, and acetic acid: I experimental data for isothermal binary systems processed by means of the wilson eq Citation: Chem. Zvesti,1975,29,783,,,,,,,
293.09538,794.6,4.6,Liquid-Gas,Experimental - Rejected,NIST,Authors: Kupriyanova, Z. N.;Belugin, V. F.;Shakhova, G. B. Title: Influence of potassium chloride on liquid-vapor equilibrium in the system acetone + water at 760 mm Citation: Zh. Prikl. Khim. (Leningrad),1973,46, 234-237,,,,,,,,,
293.1,789.7,0.3,Liquid-Gas,Experimental,NIST,Authors: Qun-Fang, L.;Ruisen, L.;Dan-Yan, N.;Yu-Chun, H. Title: Thermal Conductivities of Some Organic Solvents and Their Binary Mixtures Citation: J. Chem. Eng. Data,1997,42, 971-974,,,,,,,,
293.1,790.23,5,Liquid-Gas,Experimental,NIST,Authors: Tong, Z.;Zhao, C.;Lu, H. Title: Excess enthalpies for ketone-alcohol systems Citation: Thermochim. Acta,1990,169, 323-30,,,,,,,,,
293.138,791.0355,0.2758,Liquid-Gas,Experimental,NIST,Authors: Beare, W. G.;McVicar, G. A.;Ferguson, J. B. Title: The partial pressures of vapors of volatile liquids in the presence of inert gases Citation: J. Phys. Chem.,1931,35,1068,,,,,,,,,
293.138,790.35,4.59,Liquid-Gas,Experimental,NIST,Authors: Belousov, V. P.;Sokolova, E. P. Title: Heats of Mixing of Liquids IV. Heats of Miuxing in Acetone-Water, Methyl Ethyl Ketone-Water, and Cycvlohexanone-Water Citation: Vestn. Leningr. Univ., Ser. 4: Fiz. Khim.,1966,21,90,,,,,,,
293.138,790.2,0.3,Liquid-Gas,Experimental,NIST,Authors: Cook, N. C. Citation: Unpublished, Final Rep. Stand. Proj. on Oxygenated Compounds, ,1952, Penn. State Univ., College Park, PA,,,,,,,,
293.138,790.9,0.3,Liquid-Gas,Experimental,NIST,Authors: Frontas'ev, V. P.;Shraiber, L. S. Title: Refractometric Investigations of Some Organic Liquids Citation: Uch. Zap. Sarat. Gos. Univ.,1960,69,225,,,,,,,,,,
293.138,789.94,3.61,Liquid-Gas,Experimental,NIST,Authors: Howard, K. S.;Pike, F. P. Title: Viscosities and Densities of Acetone-Benzene and Acetone-Acetic Acid Systems up to Their Normal Boiling Points Normal Boiling Points Citation: J. Chem. Eng. Data,1959,4, 331-3,,,,,,,,,,
293.138,791.8,1,Liquid-Gas,Experimental,NIST,Authors: Landolt, H. Title: The influence of the atomic combination of liquid compounds containing carbon, hydrogen and oxygen on the transmission of light Citation: Ann. Phys. (Leipzig),1864,122,545,,,,,,,,,,
293.138,790,2,Liquid-Gas,Experimental,NIST,Authors: Milas, N. A.;Perry, L. H. Citation: J. Am. Chem. Soc.,1946,68,1938,,,,,,,,,,
293.138,791.1,0.5,Liquid-Gas,Experimental,NIST,Authors: Olivier, S. C. J. Citation: Recl. Trav. Chim. Pays-Bas,1937,56, 247-62,,,,,,,,,,,
293.138,790.61,0.3,Liquid-Gas,Experimental,NIST,Authors: Young, W. G. Title: The Specific Gravity of Acetone-Water Mixtures Citation: J. Soc. Chem. Ind. (London),1933,52,449,,,,,,,,,,,
293.138,792.644261256,1.19374135731,Liquid-Gas,Experimental - Rejected,NIST,Authors: Bingham, E. C.;Brown, D. F. Title: The Mixture Law Citation: J. Rheol.,1932,3, 95-112,,,,,,,,,,
293.138,796,4.7,Liquid-Gas,Experimental - Rejected,NIST,Authors: Cowan, D. M.;Jeffery, G. H.;Vogel, A. I. Title: Physical Properties and Chemical Constitution. V. Alkyl Ketones. Citation: J. Chem. Soc.,1940, , 171-176,,,,,,,,,
293.138,799.7,2,Liquid-Gas,Experimental - Rejected,NIST,Authors: Gartenmeister, R. Title: The Viscosity of Liquid Carbon Compounds and its Relationship to Chemical Consitution Citation: Z. Phys. Chem., Stoechiom. Verwandschaftsl.,1890,6,524,,,,,,,,,,
293.138,792.9,0.5,Liquid-Gas,Experimental - Rejected,NIST,Authors: Jacobson, B. Title: On the adiabatic compressibility of aqueous solutions Citation: Ark. Kemi,1950,2, 177-210,,,,,,,,,,,
293.138,794.74,5,Liquid-Gas,Experimental - Rejected,NIST,Authors: Jahn, H. Citation: Ann. Phys. (Leipzig),1891,43,280,,,,,,,,,,,
293.138,792.695410064,0.216379481108,Liquid-Gas,Experimental - Rejected,NIST,Authors: Joerges-Heyden, M.;Nikuradse, A. Title: The concentration dependence of the volume effect and dipole moment of binary and ternary mixtures of some organic liquids. Citation: Z. Naturforsch., A: Astrophys. Phys. Phys. Chem.,1950,5, 259-69,,,,,,,,,
293.138,793.7,1.1,Liquid-Gas,Experimental - Rejected,NIST,Authors: Kurtz, S. S.;Wikingsson, A. E.;Camin, D. L.;Thompson, A. R. Title: Refractive Index and Density of Acetone-Water Solutions Citation: J. Chem. Eng. Data,1965,10,330,,,,,,,,
293.138,797,2,Liquid-Gas,Experimental - Rejected,NIST,Authors: Malosse, H. Citation: C. R. Hebd. Seances Acad. Sci.,1912,154,1697,,,,,,,,,,,
293.138,812.5,0.3,Liquid-Gas,Experimental - Rejected,NIST,Authors: Richards, T. W.;Shipley, J. W. Title: The Compressibility of Certain Typical Hydrocarbons, Alcohols and Ketones Citation: J. Am. Chem. Soc.,1916,38, 989-99,,,,,,,,,
293.14537,791.5,4.3,Liquid-Gas,Experimental,NIST,Authors: Atoyan, V. A.;Mamedov, I. A. Title: Complex study of acoustic and viscous properties of dimethyl ketone in a wide range of temperatures and pressures Citation: Zh. Fiz. Khim.,1976,50, 2976-2978,,,,,,,,,,
293.14537,790.2,0.3,Liquid-Gas,Experimental,NIST,Authors: Bauer, H.;Meerlender, G Title: Precise Viscosity Measurement of Newtonian Liquids with .nu.>1 mm2/s for the Selection of Suitable Standards Citation: Rheol. Acta,1984,23,514,,,,,,,,,,
293.14537,789.5,0.8,Liquid-Gas,Experimental,NIST,Authors: Gu, Y.;Zhang, B.;Lin, Z.;Chen, K. Title: Ternary liquid-liquid equilibrium of acetone - isobutyraldehyde - water Citation: Shiyou Huagong,1983,12, 664-672,,,,,,,,
293.14537,790.04,0.32,Liquid-Gas,Experimental,NIST,Authors: Holzapfel, K.;Goetze, G.;Demiriz, A. M.;Kohler, F. Title: Volume and isothermal compressibility of some normal alkanes (C5-C16) + 2,3 -dimethylbutane, + methylcyclopentane, + butylcyclohexane, + be nzene, + 2- propanone, or + tetrachloromethane. Citation: Int. DATA Ser., Sel. Data Mixtures, Ser. A,1987, , 30-56
293.14537,790.9,4.6,Liquid-Gas,Experimental,NIST,Authors: Tsuji, K.;Ichikawa, K.;Yamamoto, H. Title: Solubilities of Oxygen and Nitrogen in Acetone-Water Mixed Solvent Citation: Kagaku Kogaku Ronbunshu,1987,6,825,,,,,,,,,
293.15,790.694,0.489,Liquid-Gas,Experimental,NIST,Authors: Alonso, I.;Alonso, V.;Mozo, I.;Garcia de la Fuente, I.;Gonzalez, J. A.;Cobos, J. C. Title: Thermodynamics of Ketone + Amine Mixtures. I. Volumetric and Speed of Sound Data at (293.15,298.15, and 303.15) K for 2-Propanone + Aniline, + N-Methylaniline, or + Pyridine Systems Citation: J. Chem. Eng. Data,2010,55, 2505-2511,,
293.15,790.04,0.34,Liquid-Gas,Experimental,NIST,Authors: Enders, S.;Kahl, H.;Winkelmann, J. Title: Surface Tension of the Ternary System Water + Acetone + Toluene Citation: J. Chem. Eng. Data,2007,52, 1072-1079,,,,,,,,,
293.15,791.11,0.15,Liquid-Gas,Experimental,NIST,Authors: Gonzalez, B.;Dominguez, D.;Tojo, J. Title: Physical properties of the binary systems methylcyclopentane with ketones (acetone, butanone and 2-pentanone) at T = (293.15,298.15, and 303.15) K. New UNIFAC-VISCO interaction parameters Citation: J. Chem. Thermodyn.,2006,38, 707-716,,,,,,
293.15,789.96,0.154,Liquid-Gas,Experimental,NIST,Authors: Krakowiak, J. Title: Apparent molar volumes and compressibilities of tetrabutyl-ammonium bromide in organic solvents Citation: J. Chem. Thermodyn.,2011,43, 882-894,,,,,,,,,,,
293.15,790.21,1.01,Liquid-Gas,Experimental,NIST,Authors: Li, H.;Han, Y.;Huang, C.;Yang, C. Title: (Liquid + liquid) equilibria for (water + 1-propanol or acetone + .beta.-citronellol) at different temperatures Citation: J. Chem. Thermodyn.,2015,86, 20-26,,,,,,,,
293.15,790.1,0.4,Liquid-Gas,Experimental,NIST,Authors: Papaioannou, D.;Ziakas, D.;Panayioton, C. Title: Volumetric Properties of Binary Mixtures 1. 2-Propanone + 2,2,4-Trimethyl- pentane and n-Heptane + Ethanol Mixtures Citation: J. Chem. Eng. Data,1991,36, 35-39,,,,,,,
293.15,790.08,0.4,Liquid-Gas,Experimental,NIST,Authors: Shen, S.;Wang, Y.;Feng, H.;Shi, J. Title: Measurement of excess enthalpies for alkane-ketone systems Citation: Nanjing Huagong Xueyuan Xuebao,1991,13, 50-2,,,,,,,,
293.15,790.5,4.5,Liquid-Gas,Experimental,NIST,Authors: Vasil'eva, I. I.;Gryaznov, A. K.;Zakoshanskii, V. M.;Naumova, A. A.;Polyakov, A. A. Title: Liquid-vapor equilibria in the acetone-phenol system Citation: Zh. Prikl. Khim. (Leningrad),1991,64, 444-8,,,,,,,
293.15,784.3,2,Liquid-Gas,Experimental - Rejected,NIST,Authors: Dong, J.;Wang, H.;Lin, C.;Huang, Z.;Ye, C. Title: Liquid Liquid Equilibrium for the Ternary System Acetone Oxime Methyl Ether Acetone Water Citation: J. Chem. Eng. Data,2013,58, 1602-1605,,,,,,,
293.15,782.9,4.46,Liquid-Gas,Experimental - Rejected,NIST,Authors: Govindarajan, S.;Kannappan, V.;Naresh, M. D.;Venkataboopathy, K.;Lokanadam, B. Title: Ultrasonic studies on the molecular interaction of gallic acid in aqueous methanol and acetone solutions and the role of gallic acid as viscosity reducer Citation: J. Mol. Liq.,2003,107, 289-316,,,,,,,
293.15,788,1,Liquid-Gas,Experimental - Rejected,NIST,Authors: Hu, F.-H.;Wang, L. -S.;Cai, S.-F. Title: Solubilities of Methyldiphenylphosphine Oxide in Selected Solvents Citation: J. Chem. Eng. Data,2010,55, 492-495,,,,,,,,,
293.15,784.4,5,Liquid-Gas,Experimental - Rejected,NIST,Authors: Jiang, H.;Li, H.;Wang, C.;Tan, T.;Han, S.-J. Title: (Vapour + liquid) equilibria for (2,2-dimethoxypropane + methanol) and (2,2-dimethoxypropane + acetone) Citation: J. Chem. Thermodyn.,2003,35, 1567-1572,,,,,
293.15,784.5,0.3,Liquid-Gas,Experimental - Rejected,NIST,Authors: Wormald, C. J.;Mayr, J. C. Title: Benzene-dimethyl Ketone Association. Excess Molar Enthalpy of (Cyclohexane + Dimethyl Ketone)(g) and (Benzene + Dimethyl Ketone)(g) from Temperatures of 353.2 to 403.2 K Citation: J. Chem. Soc., Faraday Trans.,1998,94, 207-12,,,,,,,,,
293.15,784.6,3,Liquid-Gas,Experimental - Rejected,NIST,Authors: Yi, W.;Wang, C.;Li, H.;Han, S. Title: Isothermal and Isobaric Vapor-Liquid Equilibria of the Ternary System of 2,2-Dimethoxypropane + Acetone + Methanol Citation: J. Chem. Eng. Data,2005,50, 1837-1840,,,,,,,
293.657792,792.016473943,0.771566816846,Liquid-Gas,Experimental - Rejected,NIST,Authors: Tyrer, D. Title: Latent Heats of Vaporizationn of Mixed Liquids. Part III. Mixtures of Associated with Non-associated Liquids. New Criteria for the Detection of Solvates in Mixtures of Liquids Citation: J. Chem. Soc. Trans.,1912,101, 1104-13,,,,,,,,,,,
295.1,791,7,Liquid-Gas,Experimental,NIST,Authors: Salem, A. -B. S. H. Title: Liquid-liquid equilibria for the systems triethylene glycol-toluene- heptane, propylene carbonate-toluene-heptane and propylene carbonate-o- xylene-heptane Citation: Fluid Phase Equilib.,1993,86, 351-361,,,,,,,,,,
295.1372,789.86,0.5,Liquid-Gas,Experimental,NIST,Authors: McElroy, R.;Krug, S. Citation: J. Soc. Chem. Ind. (London),1893,12,177,,,,,,,,,,
295.3871,789.84,0.87,Liquid-Gas,Experimental - Rejected,NIST,Authors: Felsing, W. A.;Durban, S. A. Title: The vapor pressures, densities, and some derived quantities for acetone Citation: J. Am. Chem. Soc.,1926,48,2885,,,,,,,,
295.9948,789.9,1.4,Liquid-Gas,Experimental - Rejected,NIST,Authors: Kerchove, F. V.;De Vijlder, M. Title: Some Physicochemical Properties of the Binary Mixtures Heptane-Propanone and Heptane-Ethyl Acetate Citation: J. Chem. Eng. Data,1977,22, 333-337,,,,,,,,,,
295.9948,789.1,1.1,Liquid-Gas,Experimental - Rejected,NIST,Authors: Singh, S.;Sivanarayana, K.;Kushwaha, R.;Prakash, S. Title: Ultrasound study of binary mixtures of acetone with ethylene glycol, benzene and toluene Citation: J. Chem. Eng. Data,1979,24, 279-81,,,,,,,
296.09478,786.193,0.808,Liquid-Gas,Experimental,NIST,Authors: Prasad, N.;Prakash, S. Title: Sound Velocities and related Properties in Ternary Solutions of 0-Xylene Citation: J. Chem. Eng. Data,1977,22, 49-50,,,,,,,,,,
296.1368,770,1.5,Liquid-Gas,Experimental - Rejected,NIST,Authors: Faust, O. Title: The Viscosity of Liquid Mixtures, their dependence on Temperature and the relation between the Viscosity of Liquids with their Vapor Pressures Citation: Z. Phys. Chem., Stoechiom. Verwandschaftsl.,1912,79,97,,,,,,,,,
297.1364,787.48,0.5,Liquid-Gas,Experimental - Rejected,NIST,Authors: McElroy, R.;Krug, S. Citation: J. Soc. Chem. Ind. (London),1893,12,177,,,,,,,,,,
298,784.2,0.7,Liquid-Gas,Experimental,NIST,Authors: McLure, I. A.;Pegg, I. L. Title: Excess volumes of (hexadecane + propanone) at the temperatures T = 299.15 K and T = 305.15 K and orthobaric densities of propanone from T = 288.15 K to T = 323.15 K Citation: J. Chem. Thermodyn.,1996,28, 319-328,,,,,,,,,,
298.08602,785.2,1.1,Liquid-Gas,Experimental,NIST,Authors: Adams, W. A.;Laidler, K. J. Title: Effects of Pressure and Temperature on the structure of liquid acetone Citation: Can. J. Chem.,1967,45, 123-139,,,,,,,,,,
298.08602,785.01,0.77,Liquid-Gas,Experimental,NIST,Authors: Brown, I.;Fock, W. Title: Heats of mixing III. Acetone and alcohol solutions Citation: Aust. J. Chem.,1957,10,417,,,,,,,,,,
298.08602,783.9302,499,Liquid-Gas,Experimental,NIST,Authors: Brunjes, A. S.;Bogart, M. J. P. Title: Vapor-liquid equilibria for commercially important systems of organic solvents: the binary systems ethanol - n-butanol; acetone - water, and isopropanol - water Citation: Ind. Eng. Chem.,1943,35,255,,,,,,,,,
298.08602,785.3,0.9,Liquid-Gas,Experimental,NIST,Authors: Kurtz, S. S.;Camin, D. L.;Thompson, A. R. Title: Refractive index + density slope associated with volume change on mixing Citation: J. Chem. Eng. Data,1965,10, 335-339,,,,,,,,,
298.08602,784.83,5.16,Liquid-Gas,Experimental,NIST,Authors: Schnelle, K. B.;Canjar, L. N. Title: Vapor-liquid phase equilibrium at atmospheric pressure Citation: Chem. Eng. Sci.,1962,17, 189-202,,,,,,,,,,
298.08602,781.707,0.8,Liquid-Gas,Experimental - Rejected,NIST,Authors: Murphy, N. F.;Lastovica, J. E.;Fallis, J. G. Title: Correlation of Interfacial Tension of Two-Phase Three-Component Systems Citation: Ind. Eng. Chem.,1957,49, 1035-1042,,,,,,,,,
298.08602,787.078,0.7,Liquid-Gas,Experimental - Rejected,NIST,Authors: Teitel'baum, B. Ya.;Ganelina, S. G.;Gortalova, T. A. Title: Polythermal investigation of surface tension of aqueous solutions of acetone, methyl ethyl ketone, pyridine, and cloral Citation: Zh. Fiz. Khim.,1951,25, 1043-1049,,,,,,
298.09438,785.2,5,Liquid-Gas,Experimental,NIST,Authors: Eduljee, G. H.;Boyes, A. P. Title: Viscosity of Some Binary Liquid Mixtures of Oleic Acid and Triolein with Selected Solvents Citation: J. Chem. Eng. Data,1980,25,249,,,,,,,,,,
298.09438,784.8,0.5,Liquid-Gas,Experimental,NIST,Authors: Maripuri, V. O.;Ratcliff, G. A. Title: Measurement of isothermal vapor-liquid equilibria for acetone + n-heptane mixtures using modified gillespie still Citation: J. Chem. Eng. Data,1972,17, 366-9,,,,,,,,,,
298.09438,785.13,0.68,Liquid-Gas,Experimental,NIST,Authors: Prakash, S.;Sivanarayana, K.;Prakash, O. Title: Thermodynamic and transport properties of binary liquid systems Citation: Can. J. Chem.,1980,58, 942-5,,,,,,,,,
298.09438,795.1,0.8,Liquid-Gas,Experimental - Rejected,NIST,Authors: Paz Andrade, M. I.;Casas, M. I. Title: Enthalpies of mixtures of the acetone + methanol, acetone + propanol and acetone + butanol systems at 25 c Citation: An. Quim.,1970,66, 709-12,,,,,,,,,
298.1,784.65,0.56,Liquid-Gas,Experimental,NIST,Authors: Grolier, J.-P. E.;Roux-Desgranges, G.;Berkane, M.;Wilhelm, E. Title: Heat Capacities and Densities of Mixtures of Very Polar Substances. 3. Mixtures Containing either Trichloromethane or 1,4-Dioxane or Diisopropyletherl Citation: J. Solution Chem.,1994,23, 153-166,,,,,,,
298.136,784,3,Liquid-Gas,Experimental,NIST,Authors: Amer, H. H.;Paxton, R. R.;Van Winkle, M. Title: Ternary methyl alcohol-ethyl alcohol-acetone and three related binary solutions. Refractive indexes and bubble points Citation: Anal. Chem.,1953,25, 1204-1206,,,,,,,,,
298.136,784.9,0.5,Liquid-Gas,Experimental,NIST,Authors: Anisimov, V. I. Title: Dependence of the Index of Refraction of a Binary Liquid System on the Specific Gravities and Concentrations of its Components. Citation: Zh. Fiz. Khim.,1953,27,674,,,,,,,,,,,
298.136,786,0.5,Liquid-Gas,Experimental,NIST,Authors: Dunstan, A. E.;Hilditch, T. P. Title: Determination of Viscosity and Other Physical Properties. Part II. Influence of Association of Unsaturted Groups Citation: Ber. Bunsen-Ges. Phys. Chem.,1912,18,185,,,,,,,,,,
298.136,785.01,0.3,Liquid-Gas,Experimental,NIST,Authors: Hughes, O. L.;Hartley, H. Citation: Philos. Mag.,1933,15,610,,,,,,,,,,
298.136,784.9,0.7,Liquid-Gas,Experimental,NIST,Authors: Reinders, W.;De Minjer, C. H. Title: Vapour-liquid equilibria in the ternary systems. chloroform + benzene Citation: Recl. Trav. Chim. Pays-Bas,1940,59, 369-91,,,,,,,,,,
298.136,784.6,0.8,Liquid-Gas,Experimental,NIST,Authors: Schaefer, K.;Rohr, F. J. Title: Thermal investigations of acetone with n-hydrocarbons Citation: Z. Phys. Chem. (Munich),1960,24, 130-51,,,,,,,,,,
298.136,784.5,0,Liquid-Gas,Experimental,NIST,Authors: Sears, P.G.;Wilhoit, E.D.;Dawson, L.R. Title: Conductances of potassiuim thiocyanate and tetra-n-butylammonium iodide in acetone at several temperatures within the range 25 to -50 Citation: J. Phys. Chem.,1956,60, 169-171,,,,,,,,,
298.136,784,1,Liquid-Gas,Experimental,NIST,Authors: Treybal, R. E.;Weber, L. D.;Daley, J. F. Title: The system acetone-water-1,1,2-trichloroethane - ternary liquid and binary vapour equilibria. Citation: Ind. Eng. Chem.,1946,38,817,,,,,,,
298.136,785.4,0.5,Liquid-Gas,Experimental,NIST,Authors: Walden, P. Title: Organic solution and ionization media: III viscosity and its relationship to conductivity Citation: Z. Phys. Chem., Stoechiom. Verwandschaftsl.,1906,55,207,,,,,,,,,,
298.136,794.1,5,Liquid-Gas,Experimental - Rejected,NIST,Authors: Carswell, H. E.;Adkins, H. Title: The Relation of the Structure of Ketones to their Reactivity and Affinity in Acetal Formation Citation: J. Am. Chem. Soc.,1928,50,235,,,,,,,,,,
298.136,781,1.5,Liquid-Gas,Experimental - Rejected,NIST,Authors: Faust, O. Title: The Viscosity of Liquid Mixtures, their dependence on Temperature and the relation between the Viscosity of Liquids with their Vapor Pressures Citation: Z. Phys. Chem., Stoechiom. Verwandschaftsl.,1912,79,97,,,,,,,,,
298.136,787.54,0.4,Liquid-Gas,Experimental - Rejected,NIST,Authors: Getman, F. H. Citation: J. Am. Chem. Soc.,1908,30,1077,,,,,,,,,,,
298.136,787.959971633,0.620880916897,Liquid-Gas,Experimental - Rejected,NIST,Authors: Hubbard, J. C. Title: Physical properties of binary liquid mixtures Citation: Z. Phys. Chem., Stoechiom. Verwandschaftsl.,1910,74, 207-32,,,,,,,,,,
298.136,787.978598501,0.620910271696,Liquid-Gas,Experimental - Rejected,NIST,Authors: Hubbard, J. C. Title: Physical properties of binary liquid mixtures Citation: Z. Phys. Chem., Stoechiom. Verwandschaftsl.,1910,74, 207-32,,,,,,,,,,
298.136,786.48,0.77,Liquid-Gas,Experimental - Rejected,NIST,Authors: Kelley, K. K. Title: The heat capacities of isopropyl alcohol and acetone from 16 to 298 K and the corresponding entropies and free energies Citation: J. Am. Chem. Soc.,1929,51, 1145-51,,,,,,,,,,,
298.136,786.28,0.5,Liquid-Gas,Experimental - Rejected,NIST,Authors: McElroy, R.;Krug, S. Citation: J. Soc. Chem. Ind. (London),1893,12,177,,,,,,,,,,
298.136,787.4,0.5,Liquid-Gas,Experimental - Rejected,NIST,Authors: Peacock, D. H. Title: CLXXIV. Rotatory Power and Refractivity. Part II. The Rotatory Powers, Refractivities, and Molecular Solution Volumes of Camphor, Bromocamphor, and Ethyl Tartrate in Certain Solvents Citation: J. Chem. Soc.,1915,107, 1547-67,,,,,,,
298.136,794.95,0.5,Liquid-Gas,Experimental - Rejected,NIST,Authors: Pfeiffer, G. J.;Adkins, H. Title: The Relation of the Structure of Ketones to Their Reactivity and Affinity in Acetal Formation II. Citation: J. Am. Chem. Soc.,1931,53,1043,,,,,,,,,,
298.136,786.4,0.5,Liquid-Gas,Experimental - Rejected,NIST,Authors: Willard, H. H.;Smith, G. F. Title: The Perchalorates of the Alkali and A;kaline Earth Metals and Ammonium. Their Solubility in Water and Other Solvents Citation: J. Am. Chem. Soc.,1923,45,286,,,,,,,,,,
298.14437,784.16,0.47,Liquid-Gas,Experimental,NIST,Authors: Awwad, A. M. Title: Title Citation: Int. DATA Ser.,1988,16(1),56,,,,,,,,,,,
298.14437,784.46,0.12,Liquid-Gas,Experimental,NIST,Authors: Berti, P.;Cabani, S.;Mollica, V. Title: Limiting partial molar volumes at 298.15 K of some open chain and cyclic organic compounds in 1-octanol Citation: Fluid Phase Equilib.,1987,32, 195-203,,,,,,,,,
298.14437,784.7,0.8,Liquid-Gas,Experimental,NIST,Authors: Kato, M.;Sato, T.;Konishi, H.;Hirata, M. Title: New method for measuring ternary vapor-liquid equilibria dew, bubble and condensation point method Citation: J. Chem. Eng. Jpn.,1971,4, 311-8,,,,,,,
298.14437,784.8,0.9,Liquid-Gas,Experimental,NIST,Authors: Mato, F.;Hernandez, J. L. Title: Viscosities of Binary Liquid Mixtures. II. Citation: An. Quim.,1969,65, 9-18,,,,,,,,,,
298.14437,785,5,Liquid-Gas,Experimental,NIST,Authors: Ochi, K.;Lu, B. C. -Y. Citation: Fluid Phase Equilib.,1977,1,185,,,,,,,,,,
298.14437,785.12,3.96,Liquid-Gas,Experimental,NIST,Authors: Tasic, A. Z.;Djordjevic, B. D.;Serbanovic, S. P.;Grozdanic, D. K. Title: Diffusion coefficients for the liquid system acetone-cyclohexane at 298.15 K Citation: J. Chem. Eng. Data,1981,26,118,,,,,,,,
298.14437,785.3,0.3,Liquid-Gas,Experimental,NIST,Authors: Zhang, G.;Hayduk, W. Title: The Solubilitv of Isobutane and Isobutylene in J Associated Solvents Citation: Can. J. Chem. Eng.,1984,62, 713-718,,,,,,,,,,
298.14437,788,0.8,Liquid-Gas,Experimental - Rejected,NIST,Authors: Campbell, A. N.;Musbally, G. M. Title: Vapor pressures and vapor = liquid equilibria in the system: (1) acetone - chloroform, (2) acetone-carbon tetrachloride, (3) benzene-carbon tetrachloride Citation: Can. J. Chem.,1970,48, 3173-3184,,,,,,,,
298.14437,786.459038592,0.42597645963,Liquid-Gas,Experimental - Rejected,NIST,Authors: Costas, M.;Patterson, D. Title: Heat capacities of water + organic solvent mixtures Citation: J. Chem. Soc., Faraday Trans. 1,1985,81,2381,,,,,,,,,
298.14437,790.012758815,0.139696316601,Liquid-Gas,Experimental - Rejected,NIST,Authors: Holzapfel, K.;Goetze, G.;Demiriz, A. M.;Kohler, F. Title: Volume and isothermal compressibility of some normal alkanes (C5-C16) + 2,3 -dimethylbutane, + methylcyclopentane, + butylcyclohexane, + be nzene, + 2- propanone, or + tetrachloromethane. Citation: Int. DATA Ser., Sel. Data Mixtures, Ser. A,1987, , 30-56
298.15,784.868,0.196,Liquid-Gas,Experimental,NIST,Authors: Alonso, I.;Alonso, V.;Mozo, I.;Garcia de la Fuente, I.;Gonzalez, J. A.;Cobos, J. C. Title: Thermodynamics of ketone+amine mixtures  Part II. Volumetric and speed of sound data at (293.15, 298.15 and 303.15) K for  2-propanone+dipropylamine, + dibutylamine or + triethylamine systems Citation: J. Mol. Liq.,2010,155, 109-114,,,,
298.15,784.37,0.16,Liquid-Gas,Experimental,NIST,Authors: Comelli, F.;Francesconi, R. Title: Excess Molar Enthalpies for Propylene Carbonate + Linear and Cyclic Ketones at 298.15 K Citation: J. Chem. Eng. Data,1995,40, 805-7,,,,,,,,,,
298.15,784.1,1.2,Liquid-Gas,Experimental,NIST,Authors: Deenadayalu, N.;Bhujrajh, P. Title: Density, Speed of Sound, and Derived Thermodynamic Properties of Ionic Liquids [EMIM]+[BETI]- or ([EMIM]+[CH3(OCH2CH2)2OSO3]- + Methanol or + Acetone) at T = (298.15 or 303.15 or 313.15) K Citation: J. Chem. Eng. Data,2008,53, 1098-1102,,,,,,,,
298.15,784.4,5,Liquid-Gas,Experimental,NIST,Authors: Dragoescu, D.;Barhala, A.;Vilcu, R. Title: Isothermal vapour-liquid equilibrium data for the binary propan-2-oneqchloroalkanes mixtures at temperatures from 298.15 K to 313.15 K Citation: Fluid Phase Equilib.,1999,157, 41-51,,,,,,,,,
298.15,783.8,1.9,Liquid-Gas,Experimental,NIST,Authors: Fang, J.;Zhang, M.;Zhu, P.;Ouyang, J.;Gong, J.;Chen, W.;Xu, F. Title: Solubility and solution thermodynamics of sorbic acid in eight pure organic solvents Citation: J. Chem. Thermodyn.,2015,85, 202-209,,,,,
298.15,784.33,3.87,Liquid-Gas,Experimental,NIST,Authors: Fenclova, D.;Dohnal, V. Title: (Vapor + liquid) equilibria and excess molar volumes of {1,1,2- trichlorotrifluoroethane (Freon 113) + an oxygenated solvent or n-hexane} Citation: J. Chem. Thermodyn.,1991,23, 911-21,,,,,,,,
298.15,784.37,0.47,Liquid-Gas,Experimental,NIST,Authors: Francesconi, R.;Comelli, F. Title: Excess molar enthalpies of binary mixtures containing dimethyl carbonate or diethyl carbonate and one of six methyl n-alkyl ketones. Application of an extended cell model Citation: Thermochim. Acta,1995,264, 95-104,,,,,,,,,,
298.15,784.28,0.19,Liquid-Gas,Experimental,NIST,Authors: Gomes de Azevedo, R.;Szydlowski, J.;Pires, P. F.;Esperanca, J. M. S. S.;Guedes, H. J. R.;Rebelo, L. P. N. Title: A novel non-intrusive microcell for sound-speed measurements in liquids. Speed of sound and thermodynamic properties of 2-propanone at pressures up to 160 MPa Citation: J. Chem. Thermodyn.,2004,36, 211-222,,,,,,
298.15,785.094,0.151,Liquid-Gas,Experimental,NIST,Authors: gonzales, j. a.;Alonso, I.;Fuente, I. G. d. l.;Cobos, J. C. Title: Thermodynamics of ketone + amine mixtures. Part X. Excess molarenthalpies at 298.15 K for N,N,N-triethylamine + 2-alkanone systems.Characterization of tertiary amine + 2-alkanone, and ofamino-ketone + n-alkane mixtures in terms of DISQUAC Citation: Fluid Phase Equilib.,2013,356, 117-125,,,,,
298.15,784.1,0.2,Liquid-Gas,Experimental,NIST,Authors: Iglesias, M.;Orge, B.;Tojo, J. Title: Densities and Refractive Indices for Acetone + Methanol + 1-Propanol at 298 .15 K Citation: J. Chem. Eng. Data,1996,41, 218-21,,,,,,,,,
298.15,784.65,0.12,Liquid-Gas,Experimental,NIST,Authors: Ivanov, E. V.;Smirnov, V. I. Title: Water as a solute in aprotic dipolar solvents. 1. D2O-H2O solute isotope effects on the enthalpy of  water dissolution in acetone, tetrahydrofuran and 1,4-dioxane at 298.15 K Citation: Thermochim. Acta,2010,511, 194-197,,,,,,,,
298.15,784.1,0.7,Liquid-Gas,Experimental,NIST,Authors: Kojima, K.;Tochigi, K.;Kurihara, K.;Nakamichi, M. Title: Isobaric vapor-liquid equilibria for acetone + chloroform + benzene and the three constituent binary systems Citation: J. Chem. Eng. Data,1991,36,343,,,,,,,,
298.15,784.59,0.41,Liquid-Gas,Experimental,NIST,Authors: Lorenzi, L. D.;Fermeglia, M.;Torriano, G. Title: Densities and Viscosities of 1,1,1-Trichloroethane with 13 Different Solvents at 298.15 K Citation: J. Chem. Eng. Data,1995,40, 1172-1177,,,,,,,
298.15,784.52,0.3,Liquid-Gas,Experimental,NIST,Authors: Nagata, I.;Tamura, K. Title: Ternary Vapor-Liquid Equilibria of Ethanol + Acetone + Benzene at 318.15 K Citation: J. Chem. Eng. Data,1996,41, 870-872,,,,,,,,,,
298.15,784.1,0.2,Liquid-Gas,Experimental,NIST,Authors: Orge, B.;Iglesias, M.;Marino, G.;Tojo, J. Title: Thermodynamic Properties of (Acetone + Methanol + 2-Butanol) at T = 298.15 K Citation: J. Chem. Thermodyn.,1999,31, 497-512,,,,,,,,
298.15,784.39,0.61,Liquid-Gas,Experimental,NIST,Authors: Ouyang, G.;Yang, Y.;Lu, S. S.;Huang, Z.-Q.;Kang, B. Title: Excess Molar Volumes and Surface Tensions of Xylene with Acetone or 2-Butanone at 298.15 K Citation: J. Chem. Eng. Data,2004,49, 330-332,,,,,,,
298.15,785.18,0.22,Liquid-Gas,Experimental,NIST,Authors: Peng, I.-H.;Tu, C. -H. Title: Densities and Viscosities of Acetone, Diisopropyl Ether, Ethanol, and Methyl Ethyl Ketone with a Five-Component Hydrocarbon Mixture from 288.15 K to 308.15 K Citation: J. Chem. Eng. Data,2002,47, 1457-61,,,,,,,
298.15,784.71,0.3,Liquid-Gas,Experimental,NIST,Authors: Resa, J. M.;Gonzalez, C.;Betolaza, M. A.;Ruiz, A. Title: Behaviour of butyl ether as entrainer for the extractive distillation of the azeotropic mixture propanone+diisopropyl ether. Isobaric VLE data of the azeotropic components with the entrainer Citation: Fluid Phase Equilib.,1999,156, 89-99,,,,,,,,
298.15,784.8,0.6,Liquid-Gas,Experimental,NIST,Authors: Savaroglu, G.;Aral, E. Title: Ultrasonic velocity and isentropic compressibilities of the ternary mixture benzene + acetone + chloroform and their corresponding binary mixtures at 298.15K Citation: J. Mol. Liq.,2003,105, 79-92,,,,,,,,,,
298.15,783.81,0.5,Liquid-Gas,Experimental,NIST,Authors: Silva, D. E. S.;Albuquerque, L. M. P. C.;Calado, A. R. T.;Pinheiro, L. M. V.;Segurado, M. A. P. Title: Partial Molar Volumes of Butyltriethylammonium Iodide in Single Nonaqueous Solvents at 298.15 K Citation: J. Chem. Eng. Data,2010,55, 1100-1104,,,,,,,
298.15,785.36,0.81,Liquid-Gas,Experimental,NIST,Authors: Tian, Y.;Wang, X.;Wang, J. Title: Densities and Viscosities of 1-Butyl-3-methylimidazolium Tetrafluoroborate + Molecular Solvent Binary Mixtures Citation: J. Chem. Eng. Data,2008,53, 2056-2059,,,,,,,,,
298.15,784.28,4.5,Liquid-Gas,Experimental,NIST,Authors: Wang, R.;Shi, J. Title: Measurement and Estimation of Liquid Densities of Acetone-Cyclohexane System at Various Temperatures and Pressures Citation: Nanjing Huagong Xueyuan Xuebao,1995,17, 144-148,,,,,,,,,,
298.15,784.28,4.56,Liquid-Gas,Experimental,NIST,Authors: Wang, R.;Shi, J. Title: Measurement and Prediction of the Liquid Densities for Ethanol - Acetone Citation: Gaoxiao Huaxue Gongcheng Xuebao,1996,10, 134-139,,,,,,,,,,
298.15,784.233,0.311,Liquid-Gas,Experimental,NIST,Authors: Zafarani-Moattar, M. T.;Shekaari, H. Title: Density and speed of sound of lithium bromide with organic solvents: Measurement and correlation Citation: J. Chem. Thermodyn.,2007,39, 1649-1660,,,,,,,,,,
298.15,780.8,0.7,Liquid-Gas,Experimental - Rejected,NIST,Authors: Agarwal, D.;Singh, M. Title: Densities and Viscosities of Binary Liquid Mixtures of Trichloroethylene and Tetrachloroethylene with Some Polar and Nonpolar Solvents Citation: J. Chem. Eng. Data,2004,49, 1218-1224,,,,,,,,,,
298.15,780.8,6,Liquid-Gas,Experimental - Rejected,NIST,Authors: Agarwal, D.;Singh, M. Title: Viscometric studies of molecular interactions in binary liquid mixtures of nitromethane with some polar and non-polar solvents at 298.15 K Citation: J. Indian Chem. Soc.,2004,81, 850-859,,,,,,,,,,
298.15,779,4.43,Liquid-Gas,Experimental - Rejected,NIST,Authors: Govindarajan, S.;Kannappan, V.;Naresh, M. D.;Venkataboopathy, K.;Lokanadam, B. Title: Ultrasonic studies on the molecular interaction of gallic acid in aqueous methanol and acetone solutions and the role of gallic acid as viscosity reducer Citation: J. Mol. Liq.,2003,107, 289-316,,,,,,,
298.15,787.087,0.513,Liquid-Gas,Experimental - Rejected,NIST,Authors: Marras, G.;Blanco, S. T.;Otin, S. Title: Excess molar volumes of nitrile + ketone mixtures at 298.15 K Citation: Thermochim. Acta,1994,242, 27-32,,,,,,,,,
298.15,787,1.4,Liquid-Gas,Experimental - Rejected,NIST,Authors: Yang, L.;Luo, T.-L.;Lian, H.-L.;Liu, G.-J. Title: Density and Viscosity of (2,2-Dichloro-N,N-di-2-propenylacetamide + Acetone) and (2,2-Dichloro-N,N-di-2-propenylacetamide + Ethanol) at T = (278.15 to 313.15) K Citation: J. Chem. Eng. Data,2010,55, 1364-1367,,,,
298.156,785.1,0.19,Liquid-Gas,Experimental,NIST,Authors: Domanska, U.;Lachwa, J. Title: Densities, Excess Molar Volumes, and Excess Molar Enthalpies of (N-Methyl-2-pyrrolidinone + Ketone) at T ) 298.15 K Citation: J. Chem. Eng. Data,2002,47, 1446-52,,,,,,,,
298.34433,784.4,4.6,Liquid-Gas,Experimental,NIST,Authors: Ismagilov, R. G.;Ermakov, G. V. Title: Speed of sound in some overheated organic liquids Citation: Teplofiz. Vys. Temp.,1982,20, 677-682,,,,,,,,,,
302.4,788.4,3.2,Liquid-Gas,Experimental - Rejected,NIST,Authors: Das, A. K.;Jha, B. L. Title: Molecular Interactions in Binary Mixture of DMSO-Aromatic/Aliphatic hydrocarbons Citation: J. Mol. Liq.,1991,50, 155-186,,,,,,,,,,
303.08402,780,0.8,Liquid-Gas,Experimental,NIST,Authors: Achary, M. V. R.;Rao, C. V. J. Citation: Trans. Indian Inst. Chem. Eng.,1953,6,129,,,,,,,,,,
303.08402,779.4,0.8,Liquid-Gas,Experimental,NIST,Authors: Chandramouli, V. V.;Laddha, G. S. Title: Vapour-liquid equilibria: acetone + methanol + ethylene glycol system Citation: J. Sci. Ind. Res., Sect. D,1962,21, 269-274,,,,,,,,,
303.08402,779.3,0.8,Liquid-Gas,Experimental,NIST,Authors: Rao, K. V. K.;Rao, C. V. Citation: Chem. Eng. Sci.,1957,7,97,,,,,,,,,,
303.08402,778.7,0.9,Liquid-Gas,Experimental,NIST,Authors: Subrahmanyam, V.;Dakshinamurty, P. Title: Vapor-liquid equilibrium: systems: acetone - ethyl acetate; acetone - n- propyl acetate Citation: J. Appl. Chem.,1964,14, 500-2,,,,,,,,,,
303.134,779.07,0.1,Liquid-Gas,Experimental,NIST,Authors: Mueller, C. R.;Kearns, E. R. Title: Thermodynamic Studies of the System Acetone and Chloroform Citation: J. Phys. Chem.,1958,62, 1441-5,,,,,,,,,,
303.134,781.1,0.5,Liquid-Gas,Experimental - Rejected,NIST,Authors: Bhagwat, W. V.;Subnis, M. V. Title: Application of Mixture Law to Rhechor Part I Citation: J. Indian Chem. Soc.,1948,25,165,,,,,,,,,,
303.134,757.8,0.5,Liquid-Gas,Experimental - Rejected,NIST,Authors: Bhagwat, W. V.;Subnis, M. V. Title: Application of Mixture Law to Rhechor Part I Citation: J. Indian Chem. Soc.,1948,25,165,,,,,,,,,,
303.134,781.005935645,1.21994054303,Liquid-Gas,Experimental - Rejected,NIST,Authors: Bingham, E. C.;Brown, D. F. Title: The Mixture Law Citation: J. Rheol.,1932,3, 95-112,,,,,,,,,,
303.143055,790.3,9.3,Liquid-Gas,Experimental - Rejected,NIST,Authors: Rastorguev, Yu. L.;Nemzer, V. G. Title: Apparatus for the study of thermal conductivity of high temperature working fluids in the liquid phase Citation: Teploenergetika,1968, , 78-81,,,,,,,,,,
303.145,778.876,0.144,Liquid-Gas,Experimental,NIST,Authors: Estrada-Baltazar, A.;De Leon-Rodriguez, A.;Hall, K. R.;Ramos-Estrada, M.;Iglesias-Silva, G. A. Title: Experimental Densities and Excess Volumes for Binary Mixtures Containing Propionic Acid, Acetone and Water from 283.15 K to 323.15 K at Atmospheric Pressure Citation: J. Chem. Eng. Data,2003,48, 1425-1431,,,,,,
303.15,779.4,0.2,Liquid-Gas,Experimental,NIST,Authors: Clara, R. A.;DE DOZ, M. B. G.;Solimo, H. N. Title: LIQUID-LIQUID EQUILIBRIA FOR WATER + NITROMETHANE + (I-PROPANOL, OR + ACETONE, OR + p-DIOXANE) TERNARY SYSTEMS AT 303.15K Citation: Phys. Chem. Liq.,2000,38, 439-450,,,,,,,
303.15,773.63,4.39,Liquid-Gas,Experimental - Rejected,NIST,Authors: Govindarajan, S.;Kannappan, V.;Naresh, M. D.;Venkataboopathy, K.;Lokanadam, B. Title: Ultrasonic studies on the molecular interaction of gallic acid in aqueous methanol and acetone solutions and the role of gallic acid as viscosity reducer Citation: J. Mol. Liq.,2003,107, 289-316,,,,,,,
303.15,782.4,2.4,Liquid-Gas,Experimental - Rejected,NIST,Authors: Jain, P.;Singh, M. Title: Density, Viscosity, and Excess Properties of Binary Liquid Mixtures of Propylene Carbonate with Polar and Nonpolar Solvents Citation: J. Chem. Eng. Data,2004,49, 1214-1217,,,,,,,,
303.15,780.39,0.44,Liquid-Gas,Experimental - Rejected,NIST,Authors: Kinart, C. M.;Kinart, W. J.;Cwiklinska, A. Title: Density and Viscosity at Various Temperatures for 2-Methoxyethanol + Acetone Mixtures Citation: J. Chem. Eng. Data,2002,47, 76-78,,,,,,,,,
303.15,781.2,1.5,Liquid-Gas,Experimental - Rejected,NIST,Authors: Yang, L.;Luo, T.-L.;Lian, H.-L.;Liu, G.-J. Title: Density and Viscosity of (2,2-Dichloro-N,N-di-2-propenylacetamide + Acetone) and (2,2-Dichloro-N,N-di-2-propenylacetamide + Ethanol) at T = (278.15 to 313.15) K Citation: J. Chem. Eng. Data,2010,55, 1364-1367,,,,
305.1332,692.8,0.5,Liquid-Gas,Experimental - Rejected,NIST,Authors: Faust, O. Title: The Viscosity of Liquid Mixtures, their dependence on Temperature and the relation between the Viscosity of Liquids with their Vapor Pressures Citation: Z. Phys. Chem., Stoechiom. Verwandschaftsl.,1912,79,97,,,,,,,,,
305.972864,777.62,0.92,Liquid-Gas,Experimental - Rejected,NIST,Authors: Felsing, W. A.;Durban, S. A. Title: The vapor pressures, densities, and some derived quantities for acetone Citation: J. Am. Chem. Soc.,1926,48,2885,,,,,,,,
307.6322,776.19,0.3,Liquid-Gas,Experimental - Rejected,NIST,Authors: Schwers, F. Title: Density and Refractive Index of Solutions. New Contributions to the Study of Solutions II. Study of the Variation of Contractions of Solutions Under the Influence of Temperature Citation: J. Chim. Phys. Phys.-Chim. Biol.,1911,9,15,,,,,,,,,,,
308,764,10,Liquid-Gas,Experimental - Rejected,NIST,Authors: Dash, A. K.;Paikaray, R. Title: Molecular interaction studies in ternary liquid mixture of dimethylacetamide using ultrasonic technique at 308 K Citation: Phys. Chem. Liq.,2015,53, 230-241,,,,,,,,,,
308.09157,790,1,Liquid-Gas,Experimental - Rejected,NIST,Authors: Lieberwirth, I.;Schuberth, H. Title: Isothermal vapor-liquid phase equilibrium behavior of the acetone + water system at 35 c. Citation: Z. Phys. Chem. (Leipzig),1979,260,669,,,,,,,,,,
308.1,779.23,0.42,Liquid-Gas,Experimental - Rejected,NIST,Authors: Tripathi, A. D. Title: Dielectric Properties of Mixtures of Acetylene Tetrachloride with Toluene and Acetone Citation: J. Solution Chem.,1994,23, 769-776,,,,,,,,,,,
308.132,777,0.9,Liquid-Gas,Experimental - Rejected,NIST,Authors: Worley, R. P. Title: XXX. The Surface Tension of Mixtures. Part II. Mixtures of Perfectly Miscible Liquids and the Relation between Their Surface Tensions and Vapor Pressures Citation: J. Chem. Soc.,1914,105,273,,,,,,,,,,,
308.141555,773.6,3.5,Liquid-Gas,Experimental,NIST,Authors: Deshpande, D. D.;Bhatgadde, L. G. Title: Heat Capacities at Constant Volume, Free Volumes, and Rotational Freedom in Some Liquids Citation: Aust. J. Chem.,1971,24, 1817-22,,,,,,,,
308.141555,773.6,2.4,Liquid-Gas,Experimental,NIST,Authors: Gour, S. N.;Tomar, J. S.;Varma, R. P. Title: Ultrasonic investigation of molecular interactions in binary liquid mixtures Citation: Indian J. Pure Appl. Phys.,1986,24,602,,,,,,,,,
308.141555,773,1,Liquid-Gas,Experimental,NIST,Authors: Hafez, M.;Hartland, S. Title: Densities and Viscosities of Binary Systems Toluene-Acetone and 4-Methyl-2-pentanone-Acetic acid at 20,25,35, and 45 deg C Citation: J. Chem. Eng. Data,1976,21,179,,,,,,,
308.15,773.066,0.154,Liquid-Gas,Experimental,NIST,Authors: Bhagour, S.;Solanki, S.;Hooda, N.;Sharma, D.;Sharma, V. K. Title: Thermodynamic properties of binary mixtures of the ionic liquid [emim][BF4] with acetone and dimethylsulphoxide Citation: J. Chem. Thermodyn.,2013,60, 76-86,,,,,,,
308.15,773.5,0.7,Liquid-Gas,Experimental,NIST,Authors: Rajagopal, K.;Chenthilnath, S. Title: Density and Viscosity of Ketones with Toluene at Different Temperatures and at Atmospheric Pressure Citation: J. Chem. Eng. Data,2010,55, 1060-1063,,,,,,,,,,
308.15,773.21,0.24,Liquid-Gas,Experimental,NIST,Authors: Vercher, E.;Llopis, F. J.;Gonzalez-Alfaro, M. V.;Martinez-Andreu, A. Title: Density, Speed of Sound, and Refractive Index of 1-Ethyl-3-methylimidazolium Trifluoromethanesulfonate with Acetone, Methyl Acetate, and Ethyl Acetate at Temperatures from (278.15 to 328.15) K Citation: J. Chem. Eng. Data,2010,55, 1377-1388,,,,
308.15,768.33,4.34,Liquid-Gas,Experimental - Rejected,NIST,Authors: Govindarajan, S.;Kannappan, V.;Naresh, M. D.;Venkataboopathy, K.;Lokanadam, B. Title: Ultrasonic studies on the molecular interaction of gallic acid in aqueous methanol and acetone solutions and the role of gallic acid as viscosity reducer Citation: J. Mol. Liq.,2003,107, 289-316,,,,,,,
308.15,777.84,0.44,Liquid-Gas,Experimental - Rejected,NIST,Authors: Kinart, C. M.;Kinart, W. J.;Cwiklinska, A. Title: Density and Viscosity at Various Temperatures for 2-Methoxyethanol + Acetone Mixtures Citation: J. Chem. Eng. Data,2002,47, 76-78,,,,,,,,,
308.15,775.6,1.6,Liquid-Gas,Experimental - Rejected,NIST,Authors: Yang, L.;Luo, T.-L.;Lian, H.-L.;Liu, G.-J. Title: Density and Viscosity of (2,2-Dichloro-N,N-di-2-propenylacetamide + Acetone) and (2,2-Dichloro-N,N-di-2-propenylacetamide + Ethanol) at T = (278.15 to 313.15) K Citation: J. Chem. Eng. Data,2010,55, 1364-1367,,,,
308.301932,776.228770143,0.602531103598,Liquid-Gas,Experimental - Rejected,NIST,Authors: Hubbard, J. C. Title: Physical properties of binary liquid mixtures Citation: Z. Phys. Chem., Stoechiom. Verwandschaftsl.,1910,74, 207-32,,,,,,,,,,
308.301932,776.246846497,0.602559166697,Liquid-Gas,Experimental - Rejected,NIST,Authors: Hubbard, J. C. Title: Physical properties of binary liquid mixtures Citation: Z. Phys. Chem., Stoechiom. Verwandschaftsl.,1910,74, 207-32,,,,,,,,,,
309.011648,773.9,0.96,Liquid-Gas,Experimental - Rejected,NIST,Authors: Felsing, W. A.;Durban, S. A. Title: The vapor pressures, densities, and some derived quantities for acetone Citation: J. Am. Chem. Soc.,1926,48,2885,,,,,,,,
313.13,770.5,0.5,Liquid-Gas,Experimental - Rejected,NIST,Authors: Bhagwat, W. V.;Subnis, M. V. Title: Application of Mixture Law to Rhechor Part I Citation: J. Indian Chem. Soc.,1948,25,165,,,,,,,,,,
313.13,771.3,0.5,Liquid-Gas,Experimental - Rejected,NIST,Authors: Bhagwat, W. V.;Subnis, M. V. Title: Application of Mixture Law to Rhechor Part I Citation: J. Indian Chem. Soc.,1948,25,165,,,,,,,,,,
313.140055,767.239101717,1.01352589395,Liquid-Gas,Experimental,NIST,Authors: Hicks, P. J.;Prausnitz, J. M. Title: Solubility of acetone and isopropyl ether in compressed nitrogen, methane and carbon dioxide Citation: J. Chem. Eng. Data,1981,26, 74-80,,,,,,,,,
313.140055,768.253968254,4.06483581087,Liquid-Gas,Experimental,NIST,Authors: Voronkov, A. P.;Mislavskaya, V. S.;Mushii, R. Ya.;Khodeeva, S. M. Title: Phase equilibria in acetone + acetylene system Citation: Russ. J. Phys. Chem.,1975,49,1848,,,,,,,,
313.140055,768.965973785,0.407237375234,Liquid-Gas,Experimental - Rejected,NIST,Authors: Costas, M.;Patterson, D. Title: Heat capacities of water + organic solvent mixtures Citation: J. Chem. Soc., Faraday Trans. 1,1985,81,2381,,,,,,,,,
313.15,766.91,0.37,Liquid-Gas,Experimental,NIST,Authors: Enders, S.;Kahl, H.;Winkelmann, J. Title: Surface Tension of the Ternary System Water + Acetone + Toluene Citation: J. Chem. Eng. Data,2007,52, 1072-1079,,,,,,,,,
313.15,766.7,4.5,Liquid-Gas,Experimental,NIST,Authors: Liu, H.;Luo, Z. Title: Experimental Determination of the Density and Viscosity for Liquid Mixtures Citation: Huaxue Gongcheng,1992,20, 65-68,,,,,,,,,,
313.15,764.49,4.32,Liquid-Gas,Experimental - Rejected,NIST,Authors: Govindarajan, S.;Kannappan, V.;Naresh, M. D.;Venkataboopathy, K.;Lokanadam, B. Title: Ultrasonic studies on the molecular interaction of gallic acid in aqueous methanol and acetone solutions and the role of gallic acid as viscosity reducer Citation: J. Mol. Liq.,2003,107, 289-316,,,,,,,
313.15,770.8,1.7,Liquid-Gas,Experimental - Rejected,NIST,Authors: Yang, L.;Luo, T.-L.;Lian, H.-L.;Liu, G.-J. Title: Density and Viscosity of (2,2-Dichloro-N,N-di-2-propenylacetamide + Acetone) and (2,2-Dichloro-N,N-di-2-propenylacetamide + Ethanol) at T = (278.15 to 313.15) K Citation: J. Chem. Eng. Data,2010,55, 1364-1367,,,,
313.22997,757,5,Liquid-Gas,Experimental - Rejected,NIST,Authors: Jaeger, F. M. Title: Uber die Temperaturabhangigkeit der molekuran freien uberflackenenergie von flussigkeiten im temperaturbereich von -80 bis +1650 C Citation: Z. Anorg. Allg. Chem.,1917,101, 1-214,,,,,,,,,,,
314.1297,765,0.6,Liquid-Gas,Experimental - Rejected,NIST,Authors: Faust, O. Title: The Viscosity of Liquid Mixtures, their dependence on Temperature and the relation between the Viscosity of Liquids with their Vapor Pressures Citation: Z. Phys. Chem., Stoechiom. Verwandschaftsl.,1912,79,97,,,,,,,,,
315.1294,771.1,4.5,Liquid-Gas,Experimental - Rejected,NIST,Authors: Cowan, D. M.;Jeffery, G. H.;Vogel, A. I. Title: Physical Properties and Chemical Constitution. V. Alkyl Ketones. Citation: J. Chem. Soc.,1940, , 171-176,,,,,,,,,
317.82859,763.21,0.3,Liquid-Gas,Experimental - Rejected,NIST,Authors: Schwers, F. Title: Density and Refractive Index of Solutions. New Contributions to the Study of Solutions II. Study of the Variation of Contractions of Solutions Under the Influence of Temperature Citation: J. Chim. Phys. Phys.-Chim. Biol.,1911,9,15,,,,,,,,,,,
317.97,761.17,0.19,Liquid-Gas,Experimental,NIST,Authors: Gomes de Azevedo, R.;Szydlowski, J.;Pires, P. F.;Esperanca, J. M. S. S.;Guedes, H. J. R.;Rebelo, L. P. N. Title: A novel non-intrusive microcell for sound-speed measurements in liquids. Speed of sound and thermodynamic properties of 2-propanone at pressures up to 160 MPa Citation: J. Chem. Thermodyn.,2004,36, 211-222,,,,,,
318.08857,762.2,0.7,Liquid-Gas,Experimental,NIST,Authors: Gupta, A. C.;Hanks, R. W. Title: Liquid phase pvt data for binary mixtures of toluene with nitroethane and acetone, and benzene with acetonitrile, nitromethane, and ethanol Citation: Thermochim. Acta,1977,21, 143-152,,,,,,,
318.08857,763.6,0.2,Liquid-Gas,Experimental - Rejected,NIST,Authors: Gupta, A. C.;Hanks, R. W. Title: Liquid phase pvt data for binary mixtures of toluene with nitroethane and acetone, and benzene with acetonitrile, nitromethane, and ethanol Citation: Thermochim. Acta,1977,21, 143-152,,,,,,,
318.1285,760.9,0.5,Liquid-Gas,Experimental,NIST,Authors: Brown, I.;Smith, F. Citation: Aust. J. Chem.,1962,15,03/08/26,,,,,,,,,,
318.138555,762.1,0.3,Liquid-Gas,Experimental,NIST,Authors: Deshpande, D. D.;Bhatgadde, L. G. Title: Sound velocities, adiabatic compressibilities, and free volumes in aniline solutions Citation: J. Phys. Chem.,1968,72,261,,,,,,,,
323,755.3,0.9,Liquid-Gas,Experimental,NIST,Authors: McLure, I. A.;Pegg, I. L. Title: Excess volumes of (hexadecane + propanone) at the temperatures T = 299.15 K and T = 305.15 K and orthobaric densities of propanone from T = 288.15 K to T = 323.15 K Citation: J. Chem. Thermodyn.,1996,28, 319-328,,,,,,,,,,
323.127,758.7,0.5,Liquid-Gas,Experimental - Rejected,NIST,Authors: Bhagwat, W. V.;Subnis, M. V. Title: Application of Mixture Law to Rhechor Part I Citation: J. Indian Chem. Soc.,1948,25,165,,,,,,,,,,
323.127,750,1.5,Liquid-Gas,Experimental - Rejected,NIST,Authors: Faust, O. Title: The Viscosity of Liquid Mixtures, their dependence on Temperature and the relation between the Viscosity of Liquids with their Vapor Pressures Citation: Z. Phys. Chem., Stoechiom. Verwandschaftsl.,1912,79,97,,,,,,,,,
323.144,755.314,0.143,Liquid-Gas,Experimental,NIST,Authors: Estrada-Baltazar, A.;De Leon-Rodriguez, A.;Hall, K. R.;Ramos-Estrada, M.;Iglesias-Silva, G. A. Title: Experimental Densities and Excess Volumes for Binary Mixtures Containing Propionic Acid, Acetone and Water from 283.15 K to 323.15 K at Atmospheric Pressure Citation: J. Chem. Eng. Data,2003,48, 1425-1431,,,,,,
323.15,784.36,20,Liquid-Gas,Experimental - Rejected,NIST,Authors: Chaudhari, S. Title: Vapor-liquid equilibria and excess molar volumes of diethylamine(1) + acetone(2) and diethylamine(1) + acetonitrile(2) binary systems Citation: Fluid Phase Equilib.,2002,200, 329-336,,,,,,,,,,,
324.776505,755.93,0.92,Liquid-Gas,Experimental - Rejected,NIST,Authors: Felsing, W. A.;Durban, S. A. Title: The vapor pressures, densities, and some derived quantities for acetone Citation: J. Am. Chem. Soc.,1926,48,2885,,,,,,,,
326.1261,756.3,0.9,Liquid-Gas,Experimental - Rejected,NIST,Authors: Worley, R. P. Title: XXX. The Surface Tension of Mixtures. Part II. Mixtures of Perfectly Miscible Liquids and the Relation between Their Surface Tensions and Vapor Pressures Citation: J. Chem. Soc.,1914,105,273,,,,,,,,,,,
328.1255,750.9,20.2,Liquid-Gas,Experimental,NIST,Authors: Ling, T. D.;Van Winkle, M. Title: Properties of binary mixtures as a function of composition Citation: Chem. Eng. Data Ser.,1958,3, 88-95,,,,,,,,,,
329.1252,750.6,2,Liquid-Gas,Experimental - Rejected,NIST,Authors: Schiff, R. Citation: Justus Liebigs Ann. Chem.,1883,220,71,,,,,,,,,,,
329.1252,750.6,2,Liquid-Gas,Experimental - Rejected,NIST,Authors: Schiff, R. Title: The Capillary Constants of Liquids at Their Boiling Point Citation: Justus Liebigs Ann. Chem.,1884,223, 47-106,,,,,,,,,,,
373.07438,692.252681764,0,Liquid-Gas,Experimental,NIST,Authors: Tugarev, I. A.;Avdus, Z. I.;Nozdrev, V. F. Title: Experiments of p-v-t parameters in liquid phase of acetone and benzene mixtures according to the boundary curve Citation: Zh. Fiz. Khim.,1975,49, 1256-8,,,,,,,,,
373.07438,687.337278107,3.25366758867,Liquid-Gas,Experimental,NIST,Authors: Voronkov, A. P.;Mislavskaya, V. S.;Mushii, R. Ya.;Khodeeva, S. M. Title: Phase equilibria in acetone + acetylene system Citation: Russ. J. Phys. Chem.,1975,49,1848,,,,,,,,
390.620869981,667.8,11.7,Liquid-Gas,Experimental,NIST,Authors: Campbell, A. N.;Chatterjee, R. M. Title: Orthobaric Data of Certain Pure Liquids in the Neighborhood of the Critical Point Citation: Can. J. Chem.,1968,46, 575-581,,,,,,,,,,
408.517289825,641.9,12.7,Liquid-Gas,Experimental,NIST,Authors: Campbell, A. N.;Chatterjee, R. M. Title: Orthobaric Data of Certain Pure Liquids in the Neighborhood of the Critical Point Citation: Can. J. Chem.,1968,46, 575-581,,,,,,,,,,
424.314128742,616.8,13.7,Liquid-Gas,Experimental,NIST,Authors: Campbell, A. N.;Chatterjee, R. M. Title: Orthobaric Data of Certain Pure Liquids in the Neighborhood of the Critical Point Citation: Can. J. Chem.,1968,46, 575-581,,,,,,,,,,
444.311549677,584,14.8,Liquid-Gas,Experimental,NIST,Authors: Campbell, A. N.;Chatterjee, R. M. Title: Orthobaric Data of Certain Pure Liquids in the Neighborhood of the Critical Point Citation: Can. J. Chem.,1968,46, 575-581,,,,,,,,,,
463.110685,533.823529412,0,Liquid-Gas,Experimental,NIST,Authors: Tugarev, I. A.;Avdus, Z. I.;Nozdrev, V. F. Title: Experiments of p-v-t parameters in liquid phase of acetone and benzene mixtures according to the boundary curve Citation: Zh. Fiz. Khim.,1975,49, 1256-8,,,,,,,,,
471.409546653,521.2,16.3,Liquid-Gas,Experimental,NIST,Authors: Campbell, A. N.;Chatterjee, R. M. Title: Orthobaric Data of Certain Pure Liquids in the Neighborhood of the Critical Point Citation: Can. J. Chem.,1968,46, 575-581,,,,,,,,,,
489.505644657,460.8,17.2,Liquid-Gas,Experimental,NIST,Authors: Campbell, A. N.;Chatterjee, R. M. Title: Orthobaric Data of Certain Pure Liquids in the Neighborhood of the Critical Point Citation: Can. J. Chem.,1968,46, 575-581,,,,,,,,,,
497.095863406,425.1,25.8,Liquid-Gas,Experimental,NIST,Authors: Herz, W.;Neukirch, E. Title: On Knowldge of the Critical State Citation: Z. Phys. Chem., Stoechiom. Verwandschaftsl.,1923,104, 433-450,,,,,,,,,
498.11,420.869565217,0,Liquid-Gas,Experimental,NIST,Authors: Tugarev, I. A.;Avdus, Z. I.;Nozdrev, V. F. Title: Experiments of p-v-t parameters in liquid phase of acetone and benzene mixtures according to the boundary curve Citation: Zh. Fiz. Khim.,1975,49, 1256-8,,,,,,,,,
501.789734836,395.9,17.5,Liquid-Gas,Experimental,NIST,Authors: Campbell, A. N.;Chatterjee, R. M. Title: Orthobaric Data of Certain Pure Liquids in the Neighborhood of the Critical Point Citation: Can. J. Chem.,1968,46, 575-581,,,,,,,,,,
505.11,377.142857143,0,Liquid-Gas,Experimental,NIST,Authors: Tugarev, I. A.;Avdus, Z. I.;Nozdrev, V. F. Title: Experiments of p-v-t parameters in liquid phase of acetone and benzene mixtures according to the boundary curve Citation: Zh. Fiz. Khim.,1975,49, 1256-8,,,,,,,,,
506.573074463,335.6,19.8,Liquid-Gas,Experimental,NIST,Authors: Campbell, A. N.;Chatterjee, R. M. Title: Orthobaric Data of Certain Pure Liquids in the Neighborhood of the Critical Point Citation: Can. J. Chem.,1968,46, 575-581,,,,,,,,,,
507.978697145,259.8,27.9,Liquid-Gas,Experimental - Rejected,NIST,Authors: Herz, W.;Neukirch, E. Title: On Knowldge of the Critical State Citation: Z. Phys. Chem., Stoechiom. Verwandschaftsl.,1923,104, 433-450,,,,,,,,,
508.0654593,252,14,Liquid-Gas,Experimental - Rejected,NIST,Authors: Herz, W.;Neukirch, E. Title: On Knowldge of the Critical State Citation: Z. Phys. Chem., Stoechiom. Verwandschaftsl.,1923,104, 433-450,,,,,,,,,
508.0654593,278,28,Liquid-Gas,Experimental - Rejected,NIST,Authors: Kobe, K. A.;Crawford, H. R.;Stephenson, R. W. Title: Critical Properties and Vapor Pressures of Some Ketones Citation: Ind. Eng. Chem.,1955,47, 1767-72,,,,,,,,,
508.0654593,268.888888889,0,Liquid-Gas,Experimental - Rejected,NIST,Authors: Tugarev, I. A.;Avdus, Z. I.;Nozdrev, V. F. Title: Experiments of p-v-t parameters in liquid phase of acetone and benzene mixtures according to the boundary curve Citation: Zh. Fiz. Khim.,1975,49, 1256-8,,,,,,,,,
