Temperature ( K ),density ( kg/m 3 ),Uncertainty,Phase,Quality,Source,Set Label,,,,,,,,,,
217,1177.03,0.4,Liquid-Gas,Experimental,NIST,Authors: Duschek, W.;Kleinrahm, R.;Wagner, W. Title: Measurement and correlation of the (pressure, density, temperature) relation of carbon dioxide. II. Saturated-liquid and saturated-vapo densities and the vapor pressure along the entire coexistence c Citation: J. Chem. Thermodyn.,1990,22, 841-64,,
217,1177.02,0.4,Liquid-Gas,Experimental,NIST,Authors: Duschek, W.;Kleinrahm, R.;Wagner, W. Title: Measurement and correlation of the (pressure, density, temperature) relation of carbon dioxide. II. Saturated-liquid and saturated-vapo densities and the vapor pressure along the entire coexistence c Citation: J. Chem. Thermodyn.,1990,22, 841-64,,
220,1166.17,0.41,Liquid-Gas,Experimental,NIST,Authors: Duschek, W.;Kleinrahm, R.;Wagner, W. Title: Measurement and correlation of the (pressure, density, temperature) relation of carbon dioxide. II. Saturated-liquid and saturated-vapo densities and the vapor pressure along the entire coexistence c Citation: J. Chem. Thermodyn.,1990,22, 841-64,,
220,1166.19,0.41,Liquid-Gas,Experimental,NIST,Authors: Duschek, W.;Kleinrahm, R.;Wagner, W. Title: Measurement and correlation of the (pressure, density, temperature) relation of carbon dioxide. II. Saturated-liquid and saturated-vapo densities and the vapor pressure along the entire coexistence c Citation: J. Chem. Thermodyn.,1990,22, 841-64,,
220,1166.16,0.41,Liquid-Gas,Experimental,NIST,Authors: Duschek, W.;Kleinrahm, R.;Wagner, W. Title: Measurement and correlation of the (pressure, density, temperature) relation of carbon dioxide. II. Saturated-liquid and saturated-vapo densities and the vapor pressure along the entire coexistence c Citation: J. Chem. Thermodyn.,1990,22, 841-64,,
220,1165.89157693,271.963909528,Liquid-Gas,Experimental,NIST,Authors: Gilgen, R.;Kleinrahm, R.;Wagner, W. Title: Supplementary measurements of the (pressure, density, temperature) relation of carbon dioxide in the homogeneous region at temperatures from 2 20 K to 360 K and pressures up to 13 MPa Citation: J. Chem. Thermodyn.,1992,24, 1243-50 (Derived),,
220.009,1166.194491,0.04664954,Liquid-Gas,Experimental,NIST,Authors: Diller, D. E.;Ball, M. J. Title: Shear viscosity coefficients of compressed gaseous and liquid carbon dioxide at temperatures between 220 and 320 K and at pressures to 30 MPa Citation: Int. J. Thermophys.,1985,6,619,,,,,
220.009,1165.8,7.41,Liquid-Gas,Experimental,NIST,Authors: Rabe, D. Title: Experimental determination of dynamic viscosity and density of binary liquid mixtures of n-heptane with CO2, CH4, C2H6, C3H8 and of toluene with CH4 and C3H8 Citation: Dr.Eng. Thesis, Technical University Berlin, Berlin (1981),,,,
223.058695,1153.42968374,6.92234132877,Liquid-Gas,Experimental,NIST,Authors: Popov, V. N.;Sayapov, M. Kh. Title: Density of carbon dioxide in the liquid phase Citation: Teploenergetika,1970,17, 76 (Derived),,,,,
225,1147.73,0.41,Liquid-Gas,Experimental,NIST,Authors: Duschek, W.;Kleinrahm, R.;Wagner, W. Title: Measurement and correlation of the (pressure, density, temperature) relation of carbon dioxide. II. Saturated-liquid and saturated-vapo densities and the vapor pressure along the entire coexistence c Citation: J. Chem. Thermodyn.,1990,22, 841-64,,
225.0085,1147.31463,0.045901387,Liquid-Gas,Experimental,NIST,Authors: Diller, D. E.;Ball, M. J. Title: Shear viscosity coefficients of compressed gaseous and liquid carbon dioxide at temperatures between 220 and 320 K and at pressures to 30 MPa Citation: Int. J. Thermophys.,1985,6,619,,,,,
230,1128.75,0.42,Liquid-Gas,Experimental,NIST,Authors: Duschek, W.;Kleinrahm, R.;Wagner, W. Title: Measurement and correlation of the (pressure, density, temperature) relation of carbon dioxide. II. Saturated-liquid and saturated-vapo densities and the vapor pressure along the entire coexistence c Citation: J. Chem. Thermodyn.,1990,22, 841-64,,
230.008,1129.094904,0.045153234,Liquid-Gas,Experimental,NIST,Authors: Diller, D. E.;Ball, M. J. Title: Shear viscosity coefficients of compressed gaseous and liquid carbon dioxide at temperatures between 220 and 320 K and at pressures to 30 MPa Citation: Int. J. Thermophys.,1985,6,619,,,,,
233.057695,1116.76694808,12.5367983176,Liquid-Gas,Experimental,NIST,Authors: Kirillin, V. A.;Ulybin, S. A.;Zherdev, E. N. Title: Carbon dioxide density in the -50 to +2000 range at up to 500 bars Citation: Teploenergetika,1970, , 136-141 (Derived),,,,
233.057695,1116.76694808,12.5367983176,Liquid-Gas,Experimental,NIST,Authors: Kirillin, V. A.;Ulybin, S. A.;Zherdev, E. P. Title: Experimental determination of the density of carbon dioxide at temperatures 0 to -50c and pressures up to 500 bars Citation: Teploenergetika,1970,17, 69-70 (Derived),,,,
233.0655,1116.54,0.35,Liquid-Gas,Experimental,NIST,Authors: Saleh, B.;Wendland, M. Title: Measurement of Vapor Pressures and Saturated Liquid Densities of Pure Fluids with a New Apparatus Citation: J. Chem. Eng. Data,2005,50, 429-437,,,,,
233.0677,1116.44,0.35,Liquid-Gas,Experimental,NIST,Authors: Saleh, B.;Wendland, M. Title: Measurement of Vapor Pressures and Saturated Liquid Densities of Pure Fluids with a New Apparatus Citation: J. Chem. Eng. Data,2005,50, 429-437,,,,,
233.10769,1115.50402682,10.5730165328,Liquid-Gas,Experimental,NIST,Authors: Popov, V. N.;Sayapov, M. Kh. Title: Density of carbon dioxide in the liquid phase Citation: Teploenergetika,1970,17, 76 (Derived),,,,,
233.10769,1115.50655281,1.7532071283,Liquid-Gas,Experimental,NIST,Authors: Popov, V. N.;Sayapov, M. Kh. Title: The density of liquid carbon dioxide Citation: Teploenergetika,1970, , 76 (Derived),,,,,
233.20768,1115.46497521,0.00889019679945,Liquid-Gas,Experimental,NIST,Authors: Diller, D. E.;Ball, M. J. Title: Shear viscosity coefficients of compressed gaseous and liquid carbon dioxide at temperatures between 220 and 320 K and at pressures to 30 MPa Citation: Int. J. Thermophys.,1985,6, 619 (Derived),,,,,
235,1109.18,0.43,Liquid-Gas,Experimental,NIST,Authors: Duschek, W.;Kleinrahm, R.;Wagner, W. Title: Measurement and correlation of the (pressure, density, temperature) relation of carbon dioxide. II. Saturated-liquid and saturated-vapo densities and the vapor pressure along the entire coexistence c Citation: J. Chem. Thermodyn.,1990,22, 841-64,,
235.0075,1108.278647,0.044317063,Liquid-Gas,Experimental,NIST,Authors: Diller, D. E.;Ball, M. J. Title: Shear viscosity coefficients of compressed gaseous and liquid carbon dioxide at temperatures between 220 and 320 K and at pressures to 30 MPa Citation: Int. J. Thermophys.,1985,6,619,,,,,
240,1088.9,0.45,Liquid-Gas,Experimental,NIST,Authors: Duschek, W.;Kleinrahm, R.;Wagner, W. Title: Measurement and correlation of the (pressure, density, temperature) relation of carbon dioxide. II. Saturated-liquid and saturated-vapo densities and the vapor pressure along the entire coexistence c Citation: J. Chem. Thermodyn.,1990,22, 841-64,,
240,1088.89,0.45,Liquid-Gas,Experimental,NIST,Authors: Duschek, W.;Kleinrahm, R.;Wagner, W. Title: Measurement and correlation of the (pressure, density, temperature) relation of carbon dioxide. II. Saturated-liquid and saturated-vapo densities and the vapor pressure along the entire coexistence c Citation: J. Chem. Thermodyn.,1990,22, 841-64,,
240,1088.92,0.45,Liquid-Gas,Experimental,NIST,Authors: Duschek, W.;Kleinrahm, R.;Wagner, W. Title: Measurement and correlation of the (pressure, density, temperature) relation of carbon dioxide. II. Saturated-liquid and saturated-vapo densities and the vapor pressure along the entire coexistence c Citation: J. Chem. Thermodyn.,1990,22, 841-64,,
240,1088.75308286,237.829277898,Liquid-Gas,Experimental,NIST,Authors: Gilgen, R.;Kleinrahm, R.;Wagner, W. Title: Supplementary measurements of the (pressure, density, temperature) relation of carbon dioxide in the homogeneous region at temperatures from 2 20 K to 360 K and pressures up to 13 MPa Citation: J. Chem. Thermodyn.,1992,24, 1243-50 (Derived),,
240,1089.41786145,1.27122280868,Liquid-Gas,Experimental,NIST,Authors: Lau, W. R.;Hwang, C.-A.;Holste, J. C.;Hall, K. R.;Gammon, B. E.;Marsh, K. N. Title: Densities of Carbon Dioxide + Ethane Mixtures from 240 K to 450 K at Pressures up to 35 MPa Citation: J. Chem. Eng. Data,1997,42, 900-902 (Derived),
240.007,1089.398786,0.04356891,Liquid-Gas,Experimental,NIST,Authors: Diller, D. E.;Ball, M. J. Title: Shear viscosity coefficients of compressed gaseous and liquid carbon dioxide at temperatures between 220 and 320 K and at pressures to 30 MPa Citation: Int. J. Thermophys.,1985,6,619,,,,,
243.0088,1076.52,0.35,Liquid-Gas,Experimental,NIST,Authors: Saleh, B.;Wendland, M. Title: Measurement of Vapor Pressures and Saturated Liquid Densities of Pure Fluids with a New Apparatus Citation: J. Chem. Eng. Data,2005,50, 429-437,,,,,
243.0108,1076.52,0.35,Liquid-Gas,Experimental,NIST,Authors: Saleh, B.;Wendland, M. Title: Measurement of Vapor Pressures and Saturated Liquid Densities of Pure Fluids with a New Apparatus Citation: J. Chem. Eng. Data,2005,50, 429-437,,,,,
243.05639,1076.56716176,22.8862417846,Liquid-Gas,Experimental,NIST,Authors: Kirillin, V. A.;Ulybin, S. A.;Zherdev, E. N. Title: Carbon dioxide density in the -50 to +2000 range at up to 500 bars Citation: Teploenergetika,1970, , 136-141 (Derived),,,,
243.05639,1076.56716176,22.8862417846,Liquid-Gas,Experimental,NIST,Authors: Kirillin, V. A.;Ulybin, S. A.;Zherdev, E. P. Title: Experimental determination of the density of carbon dioxide at temperatures 0 to -50c and pressures up to 500 bars Citation: Teploenergetika,1970,17, 69-70 (Derived),,,,
243.05639,1076,0,Liquid-Gas,Experimental,NIST,Authors: Vukalovich, M. P.;Timoshenko, N. I.;Kobelev, V. P. Title: Experimental study of carbon dioxide density at temperatures below 0 c Citation: Teploenergetika,1970,17, 59-60,,,,
243.116378,1071.87049254,48.2024405272,Liquid-Gas,Experimental,NIST,Authors: Popov, V. N.;Sayapov, M. Kh. Title: Density of carbon dioxide in the liquid phase Citation: Teploenergetika,1970,17, 76 (Derived),,,,,
245,1067.89,0.46,Liquid-Gas,Experimental,NIST,Authors: Duschek, W.;Kleinrahm, R.;Wagner, W. Title: Measurement and correlation of the (pressure, density, temperature) relation of carbon dioxide. II. Saturated-liquid and saturated-vapo densities and the vapor pressure along the entire coexistence c Citation: J. Chem. Thermodyn.,1990,22, 841-64,,
245.006,1067.086223,0.04268873,Liquid-Gas,Experimental,NIST,Authors: Diller, D. E.;Ball, M. J. Title: Shear viscosity coefficients of compressed gaseous and liquid carbon dioxide at temperatures between 220 and 320 K and at pressures to 30 MPa Citation: Int. J. Thermophys.,1985,6,619,,,,,
248.05539,1054,0,Liquid-Gas,Experimental,NIST,Authors: Vukalovich, M. P.;Timoshenko, N. I.;Kobelev, V. P. Title: Experimental study of carbon dioxide density at temperatures below 0 c Citation: Teploenergetika,1970,17, 59-60,,,,
248.965208,1051.52327649,3.49473297828,Liquid-Gas,Experimental,NIST,Authors: Bashkatov, N. V.;Ermakov, G. V. Title: Study of the pressure, volume, temperature data for liquid carbon dioxide in the metastability region Citation: Teplofiz. Vys. Temp.,1987,25, 178 (Derived),,,
250,1045.97,0.48,Liquid-Gas,Experimental,NIST,Authors: Duschek, W.;Kleinrahm, R.;Wagner, W. Title: Measurement and correlation of the (pressure, density, temperature) relation of carbon dioxide. II. Saturated-liquid and saturated-vapo densities and the vapor pressure along the entire coexistence c Citation: J. Chem. Thermodyn.,1990,22, 841-64,,
250.005,1046.578029,0.041852559,Liquid-Gas,Experimental,NIST,Authors: Diller, D. E.;Ball, M. J. Title: Shear viscosity coefficients of compressed gaseous and liquid carbon dioxide at temperatures between 220 and 320 K and at pressures to 30 MPa Citation: Int. J. Thermophys.,1985,6,619,,,,,
250.005,1046.6,5.95,Liquid-Gas,Experimental,NIST,Authors: Rabe, D. Title: Experimental determination of dynamic viscosity and density of binary liquid mixtures of n-heptane with CO2, CH4, C2H6, C3H8 and of toluene with CH4 and C3H8 Citation: Dr.Eng. Thesis, Technical University Berlin, Berlin (1981),,,,
253.05439,1032.26737097,18.5213976065,Liquid-Gas,Experimental,NIST,Authors: Kirillin, V. A.;Ulybin, S. A.;Zherdev, E. N. Title: Carbon dioxide density in the -50 to +2000 range at up to 500 bars Citation: Teploenergetika,1970, , 136-141 (Derived),,,,
253.05439,1032.26737097,18.5213976065,Liquid-Gas,Experimental,NIST,Authors: Kirillin, V. A.;Ulybin, S. A.;Zherdev, E. P. Title: Experimental determination of the density of carbon dioxide at temperatures 0 to -50c and pressures up to 500 bars Citation: Teploenergetika,1970,17, 69-70 (Derived),,,,
253.05439,1031.5,0,Liquid-Gas,Experimental,NIST,Authors: Vukalovich, M. P.;Timoshenko, N. I.;Kobelev, V. P. Title: Experimental study of carbon dioxide density at temperatures below 0 c Citation: Teploenergetika,1970,17, 59-60,,,,
253.164368,1029.18764581,11.9419123803,Liquid-Gas,Experimental,NIST,Authors: Popov, V. N.;Sayapov, M. Kh. Title: Density of carbon dioxide in the liquid phase Citation: Teploenergetika,1970,17, 76 (Derived),,,,,
253.2158,1031.59,0.35,Liquid-Gas,Experimental,NIST,Authors: Saleh, B.;Wendland, M. Title: Measurement of Vapor Pressures and Saturated Liquid Densities of Pure Fluids with a New Apparatus Citation: J. Chem. Eng. Data,2005,50, 429-437,,,,,
253.2199,1031.49,0.35,Liquid-Gas,Experimental,NIST,Authors: Saleh, B.;Wendland, M. Title: Measurement of Vapor Pressures and Saturated Liquid Densities of Pure Fluids with a New Apparatus Citation: J. Chem. Eng. Data,2005,50, 429-437,,,,,
254.894022,1024.08413832,3.60935142038,Liquid-Gas,Experimental,NIST,Authors: Bashkatov, N. V.;Ermakov, G. V. Title: Study of the pressure, volume, temperature data for liquid carbon dioxide in the metastability region Citation: Teplofiz. Vys. Temp.,1987,25, 178 (Derived),,,
255,1023.02,0.5,Liquid-Gas,Experimental,NIST,Authors: Duschek, W.;Kleinrahm, R.;Wagner, W. Title: Measurement and correlation of the (pressure, density, temperature) relation of carbon dioxide. II. Saturated-liquid and saturated-vapo densities and the vapor pressure along the entire coexistence c Citation: J. Chem. Thermodyn.,1990,22, 841-64,,
255.004,1022.725151,0.04092837,Liquid-Gas,Experimental,NIST,Authors: Diller, D. E.;Ball, M. J. Title: Shear viscosity coefficients of compressed gaseous and liquid carbon dioxide at temperatures between 220 and 320 K and at pressures to 30 MPa Citation: Int. J. Thermophys.,1985,6,619,,,,,
258.05339,1008.3,0,Liquid-Gas,Experimental,NIST,Authors: Vukalovich, M. P.;Timoshenko, N. I.;Kobelev, V. P. Title: Experimental study of carbon dioxide density at temperatures below 0 c Citation: Teploenergetika,1970,17, 59-60,,,,
258.05339,1008.3,0,Liquid-Gas,Experimental,NIST,Authors: Vukalovich, M. P.;Timoshenko, N. I.;Kobelev, V. P. Title: Experimental study of carbon dioxide density at temperatures below 0 c Citation: Teploenergetika,1970,17, 59-60,,,,
259.113178,1003.10731931,4.81320831893,Liquid-Gas,Experimental,NIST,Authors: Bashkatov, N. V.;Ermakov, G. V. Title: Study of the pressure, volume, temperature data for liquid carbon dioxide in the metastability region Citation: Teplofiz. Vys. Temp.,1987,25, 178 (Derived),,,
260,998.83,0.521,Liquid-Gas,Experimental,NIST,Authors: Duschek, W.;Kleinrahm, R.;Wagner, W. Title: Measurement and correlation of the (pressure, density, temperature) relation of carbon dioxide. II. Saturated-liquid and saturated-vapo densities and the vapor pressure along the entire coexistence c Citation: J. Chem. Thermodyn.,1990,22, 841-64,,
260,998.828,0.521,Liquid-Gas,Experimental,NIST,Authors: Duschek, W.;Kleinrahm, R.;Wagner, W. Title: Measurement and correlation of the (pressure, density, temperature) relation of carbon dioxide. II. Saturated-liquid and saturated-vapo densities and the vapor pressure along the entire coexistence c Citation: J. Chem. Thermodyn.,1990,22, 841-64,,
260,998.844,0.521,Liquid-Gas,Experimental,NIST,Authors: Duschek, W.;Kleinrahm, R.;Wagner, W. Title: Measurement and correlation of the (pressure, density, temperature) relation of carbon dioxide. II. Saturated-liquid and saturated-vapo densities and the vapor pressure along the entire coexistence c Citation: J. Chem. Thermodyn.,1990,22, 841-64,,
260,998.746722669,203.206369085,Liquid-Gas,Experimental,NIST,Authors: Gilgen, R.;Kleinrahm, R.;Wagner, W. Title: Supplementary measurements of the (pressure, density, temperature) relation of carbon dioxide in the homogeneous region at temperatures from 2 20 K to 360 K and pressures up to 13 MPa Citation: J. Chem. Thermodyn.,1992,24, 1243-50 (Derived),,
260,999.393797303,1.14412411401,Liquid-Gas,Experimental,NIST,Authors: Lau, W. R.;Hwang, C.-A.;Holste, J. C.;Hall, K. R.;Gammon, B. E.;Marsh, K. N. Title: Densities of Carbon Dioxide + Ethane Mixtures from 240 K to 450 K at Pressures up to 35 MPa Citation: J. Chem. Eng. Data,1997,42, 900-902 (Derived),
260.003,999.44439,0.039960172,Liquid-Gas,Experimental,NIST,Authors: Diller, D. E.;Ball, M. J. Title: Shear viscosity coefficients of compressed gaseous and liquid carbon dioxide at temperatures between 220 and 320 K and at pressures to 30 MPa Citation: Int. J. Thermophys.,1985,6,619,,,,,
260.003,998.872273,0.004004819,Liquid-Gas,Experimental,NIST,Authors: Diller, D. E.;Ball, M. J. Title: Shear viscosity coefficients of compressed gaseous and liquid carbon dioxide at temperatures between 220 and 320 K and at pressures to 30 MPa Citation: Int. J. Thermophys.,1985,6,619,,,,,
263.05239,983.756797012,21.4602657611,Liquid-Gas,Experimental,NIST,Authors: Kirillin, V. A.;Ulybin, S. A.;Zherdev, E. N. Title: Carbon dioxide density in the -50 to +2000 range at up to 500 bars Citation: Teploenergetika,1970, , 136-141 (Derived),,,,
263.05239,983.756797012,21.4602657611,Liquid-Gas,Experimental,NIST,Authors: Kirillin, V. A.;Ulybin, S. A.;Zherdev, E. P. Title: Experimental determination of the density of carbon dioxide at temperatures 0 to -50c and pressures up to 500 bars Citation: Teploenergetika,1970,17, 69-70 (Derived),,,,
263.05239,982.289267206,10.3545001924,Liquid-Gas,Experimental,NIST,Authors: Popov, V. N.;Sayapov, M. Kh. Title: Density of carbon dioxide in the liquid phase Citation: Teploenergetika,1970,17, 76 (Derived),,,,,
263.10238,982.527673783,1.88883873378,Liquid-Gas,Experimental,NIST,Authors: Popov, V. N.;Sayapov, M. Kh. Title: The density of liquid carbon dioxide Citation: Teploenergetika,1970, , 76 (Derived),,,,,
263.3148,981.93,0.35,Liquid-Gas,Experimental,NIST,Authors: Saleh, B.;Wendland, M. Title: Measurement of Vapor Pressures and Saturated Liquid Densities of Pure Fluids with a New Apparatus Citation: J. Chem. Eng. Data,2005,50, 429-437,,,,,
263.3187,981.93,0.35,Liquid-Gas,Experimental,NIST,Authors: Saleh, B.;Wendland, M. Title: Measurement of Vapor Pressures and Saturated Liquid Densities of Pure Fluids with a New Apparatus Citation: J. Chem. Eng. Data,2005,50, 429-437,,,,,
265,973.213,0.551,Liquid-Gas,Experimental,NIST,Authors: Duschek, W.;Kleinrahm, R.;Wagner, W. Title: Measurement and correlation of the (pressure, density, temperature) relation of carbon dioxide. II. Saturated-liquid and saturated-vapo densities and the vapor pressure along the entire coexistence c Citation: J. Chem. Thermodyn.,1990,22, 841-64,,
265.002,973.567098,0.038947965,Liquid-Gas,Experimental,NIST,Authors: Diller, D. E.;Ball, M. J. Title: Shear viscosity coefficients of compressed gaseous and liquid carbon dioxide at temperatures between 220 and 320 K and at pressures to 30 MPa Citation: Int. J. Thermophys.,1985,6,619,,,,,
266.571686,964.853316,0,Liquid-Gas,Experimental,NIST,Authors: Esper, G. J. Title: Direct and Indirect p-v-t Measurement of Fluids Citation: Fortschr.-Ber. VDI Z., Reihe,1987, No. 148,,,,,,
267.35464,960.4,0.5,Liquid-Gas,Experimental,NIST,Authors: Lowry, H. H.;Erickson, W. R. Title: The Densities of Coexisting Liquid and Gaseous Carbon Dioxide and the Solubility of Water in Liquid Carbon Dioxide. Citation: J. Am. Chem. Soc.,1927,49, 2729-2734,,,,,
268.061388,952.985379802,10.4226164197,Liquid-Gas,Experimental,NIST,Authors: Bashkatov, N. V.;Ermakov, G. V. Title: Study of the pressure, volume, temperature data for liquid carbon dioxide in the metastability region Citation: Teplofiz. Vys. Temp.,1987,25, 178 (Derived),,,
268.30134,956.7,0,Liquid-Gas,Experimental,NIST,Authors: Vukalovich, M. P.;Timoshenko, N. I.;Kobelev, V. P. Title: Experimental study of carbon dioxide density at temperatures below 0 c Citation: Teploenergetika,1970,17, 59-60,,,,
268.30134,956.78,0,Liquid-Gas,Experimental,NIST,Authors: Vukalovich, M. P.;Timoshenko, N. I.;Kobelev, V. P. Title: Experimental study of carbon dioxide density at temperatures below 0 c Citation: Teploenergetika,1970,17, 59-60,,,,
270,945.793,0.589,Liquid-Gas,Experimental,NIST,Authors: Duschek, W.;Kleinrahm, R.;Wagner, W. Title: Measurement and correlation of the (pressure, density, temperature) relation of carbon dioxide. II. Saturated-liquid and saturated-vapo densities and the vapor pressure along the entire coexistence c Citation: J. Chem. Thermodyn.,1990,22, 841-64,,
270.001,946.369536,0.03784774,Liquid-Gas,Experimental,NIST,Authors: Diller, D. E.;Ball, M. J. Title: Shear viscosity coefficients of compressed gaseous and liquid carbon dioxide at temperatures between 220 and 320 K and at pressures to 30 MPa Citation: Int. J. Thermophys.,1985,6,619,,,,,
270.490844444,940.628451571,6.32029880356,Liquid-Gas,Experimental,NIST,Authors: Bashkatov, N. V.;Ermakov, G. V. Title: Study of the pressure, volume, temperature data for liquid carbon dioxide in the metastability region Citation: Teplofiz. Vys. Temp.,1987,25, 178 (Derived),,,
271.35144,937.8,0.5,Liquid-Gas,Experimental,NIST,Authors: Lowry, H. H.;Erickson, W. R. Title: The Densities of Coexisting Liquid and Gaseous Carbon Dioxide and the Solubility of Water in Liquid Carbon Dioxide. Citation: J. Am. Chem. Soc.,1927,49, 2729-2734,,,,,
273.100015873,928.702935687,19.0505352479,Liquid-Gas,Experimental,NIST,Authors: Kirillin, V. A.;Ulybin, S. A.;Zherdev, E. N. Title: Carbon dioxide density in the -50 to +2000 range at up to 500 bars Citation: Teploenergetika,1970, , 136-141 (Derived),,,,
273.100015873,928.702935687,19.0505352479,Liquid-Gas,Experimental,NIST,Authors: Kirillin, V. A.;Ulybin, S. A.;Zherdev, E. P. Title: Experimental determination of the density of carbon dioxide at temperatures 0 to -50c and pressures up to 500 bars Citation: Teploenergetika,1970,17, 69-70 (Derived),,,,
273.100015873,927.797574003,3.39201713989,Liquid-Gas,Experimental,NIST,Authors: Vukalovich, M. P.;Kobelev, V. P.;Timoshenko, N. I. Title: Density of carbon dioxide at 0 - 35 c and up to 300 bars Citation: Teploenergetika,1968,15, 81-83 (Derived),,,,
273.100015873,927.6,0,Liquid-Gas,Experimental,NIST,Authors: Vukalovich, M. P.;Timoshenko, N. I.;Kobelev, V. P. Title: Experimental study of carbon dioxide density at temperatures below 0 c Citation: Teploenergetika,1970,17, 59-60,,,,
273.10004,930.955296051,13.7422464539,Liquid-Gas,Experimental,NIST,Authors: Kennedy, G. C. Title: Pressure-volume-temperature relations in carbon dioxide at elevated temperatures and pressures Citation: Am. J. Sci.,1954,252, 225-241 (Derived),,,,,,
273.15,927.957270519,0.828625798533,Liquid-Gas,Experimental,NIST,Authors: Mazzoccoli, M.;Bosio, B.;Arato, E. Title: Pressure-density-temperature measurements of binary  mixtures rich in CO2 for CCS applications Citation: J. Chem. Eng. Data,2012,57, 2774-2783 (Derived),,,,
273.17999562,926.623202135,11.349272698,Liquid-Gas,Experimental,NIST,Authors: Popov, V. N.;Sayapov, M. Kh. Title: Density of carbon dioxide in the liquid phase Citation: Teploenergetika,1970,17, 76 (Derived),,,,,
273.17999562,926.622037853,1.83816535259,Liquid-Gas,Experimental,NIST,Authors: Popov, V. N.;Sayapov, M. Kh. Title: The density of liquid carbon dioxide Citation: Teploenergetika,1970, , 76 (Derived),,,,,
273.5531,924.89,0.36,Liquid-Gas,Experimental,NIST,Authors: Saleh, B.;Wendland, M. Title: Measurement of Vapor Pressures and Saturated Liquid Densities of Pure Fluids with a New Apparatus Citation: J. Chem. Eng. Data,2005,50, 429-437,,,,,
273.5565,924.87,0.36,Liquid-Gas,Experimental,NIST,Authors: Saleh, B.;Wendland, M. Title: Measurement of Vapor Pressures and Saturated Liquid Densities of Pure Fluids with a New Apparatus Citation: J. Chem. Eng. Data,2005,50, 429-437,,,,,
274.34928,919.8,0.5,Liquid-Gas,Experimental,NIST,Authors: Lowry, H. H.;Erickson, W. R. Title: The Densities of Coexisting Liquid and Gaseous Carbon Dioxide and the Solubility of Water in Liquid Carbon Dioxide. Citation: J. Am. Chem. Soc.,1927,49, 2729-2734,,,,,
274.999729927,916.751479,0.036659497,Liquid-Gas,Experimental,NIST,Authors: Diller, D. E.;Ball, M. J. Title: Shear viscosity coefficients of compressed gaseous and liquid carbon dioxide at temperatures between 220 and 320 K and at pressures to 30 MPa Citation: Int. J. Thermophys.,1985,6,619,,,,,
275,916.137,0.638,Liquid-Gas,Experimental,NIST,Authors: Duschek, W.;Kleinrahm, R.;Wagner, W. Title: Measurement and correlation of the (pressure, density, temperature) relation of carbon dioxide. II. Saturated-liquid and saturated-vapo densities and the vapor pressure along the entire coexistence c Citation: J. Chem. Thermodyn.,1990,22, 841-64,,
279.34628,887.8,0.6,Liquid-Gas,Experimental,NIST,Authors: Lowry, H. H.;Erickson, W. R. Title: The Densities of Coexisting Liquid and Gaseous Carbon Dioxide and the Solubility of Water in Liquid Carbon Dioxide. Citation: J. Am. Chem. Soc.,1927,49, 2729-2734,,,,,
279.999,884.184819,0.035383236,Liquid-Gas,Experimental,NIST,Authors: Diller, D. E.;Ball, M. J. Title: Shear viscosity coefficients of compressed gaseous and liquid carbon dioxide at temperatures between 220 and 320 K and at pressures to 30 MPa Citation: Int. J. Thermophys.,1985,6,619,,,,,
279.999,884.184819,0.003608738,Liquid-Gas,Experimental,NIST,Authors: Diller, D. E.;Ball, M. J. Title: Shear viscosity coefficients of compressed gaseous and liquid carbon dioxide at temperatures between 220 and 320 K and at pressures to 30 MPa Citation: Int. J. Thermophys.,1985,6,619,,,,,
280,883.574,0.704,Liquid-Gas,Experimental,NIST,Authors: Duschek, W.;Kleinrahm, R.;Wagner, W. Title: Measurement and correlation of the (pressure, density, temperature) relation of carbon dioxide. II. Saturated-liquid and saturated-vapo densities and the vapor pressure along the entire coexistence c Citation: J. Chem. Thermodyn.,1990,22, 841-64,,
280,883.565,0.704,Liquid-Gas,Experimental,NIST,Authors: Duschek, W.;Kleinrahm, R.;Wagner, W. Title: Measurement and correlation of the (pressure, density, temperature) relation of carbon dioxide. II. Saturated-liquid and saturated-vapo densities and the vapor pressure along the entire coexistence c Citation: J. Chem. Thermodyn.,1990,22, 841-64,,
280,883.57,0.704,Liquid-Gas,Experimental,NIST,Authors: Duschek, W.;Kleinrahm, R.;Wagner, W. Title: Measurement and correlation of the (pressure, density, temperature) relation of carbon dioxide. II. Saturated-liquid and saturated-vapo densities and the vapor pressure along the entire coexistence c Citation: J. Chem. Thermodyn.,1990,22, 841-64,,
280,883.573,0.704,Liquid-Gas,Experimental,NIST,Authors: Duschek, W.;Kleinrahm, R.;Wagner, W. Title: Measurement and correlation of the (pressure, density, temperature) relation of carbon dioxide. II. Saturated-liquid and saturated-vapo densities and the vapor pressure along the entire coexistence c Citation: J. Chem. Thermodyn.,1990,22, 841-64,,
280,883.587,0.704,Liquid-Gas,Experimental,NIST,Authors: Duschek, W.;Kleinrahm, R.;Wagner, W. Title: Measurement and correlation of the (pressure, density, temperature) relation of carbon dioxide. II. Saturated-liquid and saturated-vapo densities and the vapor pressure along the entire coexistence c Citation: J. Chem. Thermodyn.,1990,22, 841-64,,
280,883.541,0.704,Liquid-Gas,Experimental,NIST,Authors: Duschek, W.;Kleinrahm, R.;Wagner, W. Title: Measurement and correlation of the (pressure, density, temperature) relation of carbon dioxide. II. Saturated-liquid and saturated-vapo densities and the vapor pressure along the entire coexistence c Citation: J. Chem. Thermodyn.,1990,22, 841-64,,
280,884.049779193,146.542621935,Liquid-Gas,Experimental,NIST,Authors: Gilgen, R.;Kleinrahm, R.;Wagner, W. Title: Supplementary measurements of the (pressure, density, temperature) relation of carbon dioxide in the homogeneous region at temperatures from 2 20 K to 360 K and pressures up to 13 MPa Citation: J. Chem. Thermodyn.,1992,24, 1243-50 (Derived),,
280,882.541755038,45.4237770241,Liquid-Gas,Experimental,NIST,Authors: Klimeck, J. Title: Continued development of a one-sinker densimeter for accurate measurement of the thermal properties of carbon dioxide, argon, nitrogen and methane Citation: Ph.D. Thesis, Bochum University, Germany (1997) (Derived),,,,,
280,884.177577109,1.0259329092,Liquid-Gas,Experimental,NIST,Authors: Lau, W. R.;Hwang, C.-A.;Holste, J. C.;Hall, K. R.;Gammon, B. E.;Marsh, K. N. Title: Densities of Carbon Dioxide + Ethane Mixtures from 240 K to 450 K at Pressures up to 35 MPa Citation: J. Chem. Eng. Data,1997,42, 900-902 (Derived),
281.489437334,875.504978516,0,Liquid-Gas,Experimental,NIST,Authors: Kendall, B. J.;Sage, B. H. Title: The volumetric behavior of carbon dioxide Citation: Petroleum (London),1951,14, 184-6,,,,,
281.59852,873.13856,0,Liquid-Gas,Experimental,NIST,Authors: Esper, G. J. Title: Direct and Indirect p-v-t Measurement of Fluids Citation: Fortschr.-Ber. VDI Z., Reihe,1987, No. 148,,,,,,
281.97800002,872.147175653,0,Liquid-Gas,Experimental,NIST,Authors: Kendall, B. J.;Sage, B. H. Title: The volumetric behavior of carbon dioxide Citation: Petroleum (London),1951,14, 184-6,,,,,
283.027403,864.659024644,0,Liquid-Gas,Experimental,NIST,Authors: Kendall, B. J.;Sage, B. H. Title: The volumetric behavior of carbon dioxide Citation: Petroleum (London),1951,14, 184-6,,,,,
283.08843336,863.81146381,0,Liquid-Gas,Experimental,NIST,Authors: Kendall, B. J.;Sage, B. H. Title: The volumetric behavior of carbon dioxide Citation: Petroleum (London),1951,14, 184-6,,,,,
283.09807,863.933512016,2.49701326539,Liquid-Gas,Experimental,NIST,Authors: Vukalovich, M. P.;Kobelev, V. P.;Timoshenko, N. I. Title: Density of carbon dioxide at 0 - 35 c and up to 300 bars Citation: Teploenergetika,1968,15, 81-83 (Derived),,,,
283.09807,863.7,0,Liquid-Gas,Experimental,NIST,Authors: Vukalovich, M. P.;Timoshenko, N. I.;Kobelev, V. P. Title: Experimental study of carbon dioxide density at temperatures below 0 c Citation: Teploenergetika,1970,17, 59-60,,,,
283.15,862.225958103,1.40388372887,Liquid-Gas,Experimental,NIST,Authors: Mazzoccoli, M.;Bosio, B.;Arato, E. Title: Pressure-density-temperature measurements of binary  mixtures rich in CO2 for CCS applications Citation: J. Chem. Eng. Data,2012,57, 2774-2783 (Derived),,,,
283.367989,859.688576731,11.8292310559,Liquid-Gas,Experimental,NIST,Authors: Popov, V. N.;Sayapov, M. Kh. Title: Density of carbon dioxide in the liquid phase Citation: Teploenergetika,1970,17, 76 (Derived),,,,,
283.367989,859.69432335,1.90077020147,Liquid-Gas,Experimental,NIST,Authors: Popov, V. N.;Sayapov, M. Kh. Title: The density of liquid carbon dioxide Citation: Teploenergetika,1970, , 76 (Derived),,,,,
283.5116,858.57,0.39,Liquid-Gas,Experimental,NIST,Authors: Saleh, B.;Wendland, M. Title: Measurement of Vapor Pressures and Saturated Liquid Densities of Pure Fluids with a New Apparatus Citation: J. Chem. Eng. Data,2005,50, 429-437,,,,,
283.5154,858.55,0.39,Liquid-Gas,Experimental,NIST,Authors: Saleh, B.;Wendland, M. Title: Measurement of Vapor Pressures and Saturated Liquid Densities of Pure Fluids with a New Apparatus Citation: J. Chem. Eng. Data,2005,50, 429-437,,,,,
283.647684823,856.206225681,0,Liquid-Gas,Experimental,NIST,Authors: Bierlein, J. A.;Kay, W. B. Title: Phase Equilibrium Properties of System Carbon Dioxide-Hydrogen Sulfide sulfide Citation: Ind. Eng. Chem.,1953,45,618,,,,,
283.857842,857.402134518,6.01424519577,Liquid-Gas,Experimental,NIST,Authors: Bashkatov, N. V.;Ermakov, G. V. Title: Study of the pressure, volume, temperature data for liquid carbon dioxide in the metastability region Citation: Teplofiz. Vys. Temp.,1987,25, 178 (Derived),,,
283.9655068,857.119284,0,Liquid-Gas,Experimental,NIST,Authors: Michels, A.;Blaisse, B.;Michels, C. Title: The Isotherms of Carbon Dioxide in the Neighborhood of the Critical Point and Around the Coexistence Line Citation: Proc. R. Soc. London, Ser. A,1937,160, 358-375,,,
284.30999998,854.907232396,0,Liquid-Gas,Experimental,NIST,Authors: Kendall, B. J.;Sage, B. H. Title: The volumetric behavior of carbon dioxide Citation: Petroleum (London),1951,14, 184-6,,,,,
284.34328,854.7,0.6,Liquid-Gas,Experimental,NIST,Authors: Lowry, H. H.;Erickson, W. R. Title: The Densities of Coexisting Liquid and Gaseous Carbon Dioxide and the Solubility of Water in Liquid Carbon Dioxide. Citation: J. Am. Chem. Soc.,1927,49, 2729-2734,,,,,
284.449327333,853.045145741,0,Liquid-Gas,Experimental,NIST,Authors: Kendall, B. J.;Sage, B. H. Title: The volumetric behavior of carbon dioxide Citation: Petroleum (London),1951,14, 184-6,,,,,
284.9975,848.097439,0.033930939,Liquid-Gas,Experimental,NIST,Authors: Diller, D. E.;Ball, M. J. Title: Shear viscosity coefficients of compressed gaseous and liquid carbon dioxide at temperatures between 220 and 320 K and at pressures to 30 MPa Citation: Int. J. Thermophys.,1985,6,619,,,,,
285,847.067,0.799,Liquid-Gas,Experimental,NIST,Authors: Duschek, W.;Kleinrahm, R.;Wagner, W. Title: Measurement and correlation of the (pressure, density, temperature) relation of carbon dioxide. II. Saturated-liquid and saturated-vapo densities and the vapor pressure along the entire coexistence c Citation: J. Chem. Thermodyn.,1990,22, 841-64,,
285.42043332,845.778630815,0,Liquid-Gas,Experimental,NIST,Authors: Kendall, B. J.;Sage, B. H. Title: The volumetric behavior of carbon dioxide Citation: Petroleum (London),1951,14, 184-6,,,,,
285.898457333,841.337307457,0,Liquid-Gas,Experimental,NIST,Authors: Kendall, B. J.;Sage, B. H. Title: The volumetric behavior of carbon dioxide Citation: Petroleum (London),1951,14, 184-6,,,,,
286.47530002,836.445764069,0,Liquid-Gas,Experimental,NIST,Authors: Kendall, B. J.;Sage, B. H. Title: The volumetric behavior of carbon dioxide Citation: Petroleum (London),1951,14, 184-6,,,,,
287.274853,829.9464926,0,Liquid-Gas,Experimental,NIST,Authors: Kendall, B. J.;Sage, B. H. Title: The volumetric behavior of carbon dioxide Citation: Petroleum (London),1951,14, 184-6,,,,,
287.58573336,827.122568592,0,Liquid-Gas,Experimental,NIST,Authors: Kendall, B. J.;Sage, B. H. Title: The volumetric behavior of carbon dioxide Citation: Petroleum (London),1951,14, 184-6,,,,,
287.980755764,821.063432836,0,Liquid-Gas,Experimental,NIST,Authors: Bierlein, J. A.;Kay, W. B. Title: Phase Equilibrium Properties of System Carbon Dioxide-Hydrogen Sulfide sulfide Citation: Ind. Eng. Chem.,1953,45,618,,,,,
288.146555,822.717898562,3.47907356303,Liquid-Gas,Experimental,NIST,Authors: Vukalovich, M. P.;Kobelev, V. P.;Timoshenko, N. I. Title: Density of carbon dioxide at 0 - 35 c and up to 300 bars Citation: Teploenergetika,1968,15, 81-83 (Derived),,,,
288.146555,821.5,0,Liquid-Gas,Experimental,NIST,Authors: Vukalovich, M. P.;Timoshenko, N. I.;Kobelev, V. P. Title: Experimental study of carbon dioxide density at temperatures below 0 c Citation: Teploenergetika,1970,17, 59-60,,,,
288.34088,821.6,0.6,Liquid-Gas,Experimental,NIST,Authors: Lowry, H. H.;Erickson, W. R. Title: The Densities of Coexisting Liquid and Gaseous Carbon Dioxide and the Solubility of Water in Liquid Carbon Dioxide. Citation: J. Am. Chem. Soc.,1927,49, 2729-2734,,,,,
288.619046,818.004766506,0,Liquid-Gas,Experimental,NIST,Authors: Kendall, B. J.;Sage, B. H. Title: The volumetric behavior of carbon dioxide Citation: Petroleum (London),1951,14, 184-6,,,,,
288.69626664,817.435756652,0,Liquid-Gas,Experimental,NIST,Authors: Kendall, B. J.;Sage, B. H. Title: The volumetric behavior of carbon dioxide Citation: Petroleum (London),1951,14, 184-6,,,,,
289.216234,811.532127549,18.3617672683,Liquid-Gas,Experimental,NIST,Authors: Bashkatov, N. V.;Ermakov, G. V. Title: Study of the pressure, volume, temperature data for liquid carbon dioxide in the metastability region Citation: Teplofiz. Vys. Temp.,1987,25, 178 (Derived),,,
289.80669998,807.602833152,0,Liquid-Gas,Experimental,NIST,Authors: Kendall, B. J.;Sage, B. H. Title: The volumetric behavior of carbon dioxide Citation: Petroleum (London),1951,14, 184-6,,,,,
289.951024333,806.401961941,0,Liquid-Gas,Experimental,NIST,Authors: Kendall, B. J.;Sage, B. H. Title: The volumetric behavior of carbon dioxide Citation: Petroleum (London),1951,14, 184-6,,,,,
290,804.716,0.952,Liquid-Gas,Experimental,NIST,Authors: Duschek, W.;Kleinrahm, R.;Wagner, W. Title: Measurement and correlation of the (pressure, density, temperature) relation of carbon dioxide. II. Saturated-liquid and saturated-vapo densities and the vapor pressure along the entire coexistence c Citation: J. Chem. Thermodyn.,1990,22, 841-64,,
290,804.703,0.952,Liquid-Gas,Experimental,NIST,Authors: Duschek, W.;Kleinrahm, R.;Wagner, W. Title: Measurement and correlation of the (pressure, density, temperature) relation of carbon dioxide. II. Saturated-liquid and saturated-vapo densities and the vapor pressure along the entire coexistence c Citation: J. Chem. Thermodyn.,1990,22, 841-64,,
290,806.428960947,100.542864077,Liquid-Gas,Experimental,NIST,Authors: Gilgen, R.;Kleinrahm, R.;Wagner, W. Title: Supplementary measurements of the (pressure, density, temperature) relation of carbon dioxide in the homogeneous region at temperatures from 2 20 K to 360 K and pressures up to 13 MPa Citation: J. Chem. Thermodyn.,1992,24, 1243-50 (Derived),,
290.33968,804.5,0.7,Liquid-Gas,Experimental,NIST,Authors: Lowry, H. H.;Erickson, W. R. Title: The Densities of Coexisting Liquid and Gaseous Carbon Dioxide and the Solubility of Water in Liquid Carbon Dioxide. Citation: J. Am. Chem. Soc.,1927,49, 2729-2734,,,,,
290.91713332,797.371964627,0,Liquid-Gas,Experimental,NIST,Authors: Kendall, B. J.;Sage, B. H. Title: The volumetric behavior of carbon dioxide Citation: Petroleum (London),1951,14, 184-6,,,,,
291.02799356,790.709703,0,Liquid-Gas,Experimental,NIST,Authors: Levelt Sengers, J. M. H.;Chen, W. T. Title: Vapor Pressure, Critical Isochore, and Some Metastable States of CO2 dioxide Citation: J. Chem. Phys.,1972,56, 595-608,,,
291.05258864,790.709703,0,Liquid-Gas,Experimental,NIST,Authors: Levelt Sengers, J. M. H.;Chen, W. T. Title: Vapor Pressure, Critical Isochore, and Some Metastable States of CO2 dioxide Citation: J. Chem. Phys.,1972,56, 595-608,,,
291.100779,790.709703,0,Liquid-Gas,Experimental,NIST,Authors: Levelt Sengers, J. M. H.;Chen, W. T. Title: Vapor Pressure, Critical Isochore, and Some Metastable States of CO2 dioxide Citation: J. Chem. Phys.,1972,56, 595-608,,,
291.13887138,790.709703,0,Liquid-Gas,Experimental,NIST,Authors: Levelt Sengers, J. M. H.;Chen, W. T. Title: Vapor Pressure, Critical Isochore, and Some Metastable States of CO2 dioxide Citation: J. Chem. Phys.,1972,56, 595-608,,,
291.13887138,790.709703,0,Liquid-Gas,Experimental,NIST,Authors: Levelt Sengers, J. M. H.;Chen, W. T. Title: Vapor Pressure, Critical Isochore, and Some Metastable States of CO2 dioxide Citation: J. Chem. Phys.,1972,56, 595-608,,,
291.17286458,790.709703,0,Liquid-Gas,Experimental,NIST,Authors: Levelt Sengers, J. M. H.;Chen, W. T. Title: Vapor Pressure, Critical Isochore, and Some Metastable States of CO2 dioxide Citation: J. Chem. Phys.,1972,56, 595-608,,,
291.17386438,790.709703,0,Liquid-Gas,Experimental,NIST,Authors: Levelt Sengers, J. M. H.;Chen, W. T. Title: Vapor Pressure, Critical Isochore, and Some Metastable States of CO2 dioxide Citation: J. Chem. Phys.,1972,56, 595-608,,,
291.17586398,790.709703,0,Liquid-Gas,Experimental,NIST,Authors: Levelt Sengers, J. M. H.;Chen, W. T. Title: Vapor Pressure, Critical Isochore, and Some Metastable States of CO2 dioxide Citation: J. Chem. Phys.,1972,56, 595-608,,,
291.17646386,790.709703,0,Liquid-Gas,Experimental,NIST,Authors: Levelt Sengers, J. M. H.;Chen, W. T. Title: Vapor Pressure, Critical Isochore, and Some Metastable States of CO2 dioxide Citation: J. Chem. Phys.,1972,56, 595-608,,,
291.206381667,794.585788598,0,Liquid-Gas,Experimental,NIST,Authors: Kendall, B. J.;Sage, B. H. Title: The volumetric behavior of carbon dioxide Citation: Petroleum (London),1951,14, 184-6,,,,,
291.22185478,790.709703,0,Liquid-Gas,Experimental,NIST,Authors: Levelt Sengers, J. M. H.;Chen, W. T. Title: Vapor Pressure, Critical Isochore, and Some Metastable States of CO2 dioxide Citation: J. Chem. Phys.,1972,56, 595-608,,,
291.23385238,790.709703,0,Liquid-Gas,Experimental,NIST,Authors: Levelt Sengers, J. M. H.;Chen, W. T. Title: Vapor Pressure, Critical Isochore, and Some Metastable States of CO2 dioxide Citation: J. Chem. Phys.,1972,56, 595-608,,,
291.23645186,790.709703,0,Liquid-Gas,Experimental,NIST,Authors: Levelt Sengers, J. M. H.;Chen, W. T. Title: Vapor Pressure, Critical Isochore, and Some Metastable States of CO2 dioxide Citation: J. Chem. Phys.,1972,56, 595-608,,,
291.26884538,790.709703,0,Liquid-Gas,Experimental,NIST,Authors: Levelt Sengers, J. M. H.;Chen, W. T. Title: Vapor Pressure, Critical Isochore, and Some Metastable States of CO2 dioxide Citation: J. Chem. Phys.,1972,56, 595-608,,,
291.27884338,790.709703,0,Liquid-Gas,Experimental,NIST,Authors: Levelt Sengers, J. M. H.;Chen, W. T. Title: Vapor Pressure, Critical Isochore, and Some Metastable States of CO2 dioxide Citation: J. Chem. Phys.,1972,56, 595-608,,,
291.29733968,790.709703,0,Liquid-Gas,Experimental,NIST,Authors: Levelt Sengers, J. M. H.;Chen, W. T. Title: Vapor Pressure, Critical Isochore, and Some Metastable States of CO2 dioxide Citation: J. Chem. Phys.,1972,56, 595-608,,,
291.885622,783.5,3.7,Liquid-Gas,Experimental,NIST,Authors: Bashkatov, N. V.;Ermakov, G. V. Title: Study of the pressure, volume, temperature data for liquid carbon dioxide in the metastability region Citation: Teplofiz. Vys. Temp.,1987,25,178,,,
291.941738553,783.078291815,0,Liquid-Gas,Experimental,NIST,Authors: Bierlein, J. A.;Kay, W. B. Title: Phase Equilibrium Properties of System Carbon Dioxide-Hydrogen Sulfide sulfide Citation: Ind. Eng. Chem.,1953,45,618,,,,,
291.97200002,786.694004651,0,Liquid-Gas,Experimental,NIST,Authors: Kendall, B. J.;Sage, B. H. Title: The volumetric behavior of carbon dioxide Citation: Petroleum (London),1951,14, 184-6,,,,,
292.466736,782.1552929,0,Liquid-Gas,Experimental,NIST,Authors: Kendall, B. J.;Sage, B. H. Title: The volumetric behavior of carbon dioxide Citation: Petroleum (London),1951,14, 184-6,,,,,
293.0120756,776.846868,0,Liquid-Gas,Experimental,NIST,Authors: Michels, A.;Blaisse, B.;Michels, C. Title: The Isotherms of Carbon Dioxide in the Neighborhood of the Critical Point and Around the Coexistence Line Citation: Proc. R. Soc. London, Ser. A,1937,160, 358-375,,,
293.0120756,777.19894,0,Liquid-Gas,Experimental,NIST,Authors: Michels, A.;Blaisse, B.;Michels, C. Title: The Isotherms of Carbon Dioxide in the Neighborhood of the Critical Point and Around the Coexistence Line Citation: Proc. R. Soc. London, Ser. A,1937,160, 358-375,,,
293.08243336,775.444441429,0,Liquid-Gas,Experimental,NIST,Authors: Kendall, B. J.;Sage, B. H. Title: The volumetric behavior of carbon dioxide Citation: Petroleum (London),1951,14, 184-6,,,,,
293.0826,774.28,0.41,Liquid-Gas,Experimental,NIST,Authors: Saleh, B.;Wendland, M. Title: Measurement of Vapor Pressures and Saturated Liquid Densities of Pure Fluids with a New Apparatus Citation: J. Chem. Eng. Data,2005,50, 429-437,,,,,
293.0862,774.23,0.41,Liquid-Gas,Experimental,NIST,Authors: Saleh, B.;Wendland, M. Title: Measurement of Vapor Pressures and Saturated Liquid Densities of Pure Fluids with a New Apparatus Citation: J. Chem. Eng. Data,2005,50, 429-437,,,,,
293.115376,773.762622414,0.948276410829,Liquid-Gas,Experimental,NIST,Authors: Popov, V. N.;Sayapov, M. Kh. Title: The density of liquid carbon dioxide Citation: Teploenergetika,1970, , 76 (Derived),,,,,
293.138,765.213717947,29.1098885434,Liquid-Gas,Experimental,NIST,Authors: Kennedy, G. C. Title: Pressure-volume-temperature relations in carbon dioxide at elevated temperatures and pressures Citation: Am. J. Sci.,1954,252, 225-241 (Derived),,,,,,
293.14537,777.494531938,19.0357346089,Liquid-Gas,Experimental,NIST,Authors: Kirillin, V. A.;Ulybin, S. A.;Zherdev, E. N. Title: Carbon dioxide density in the -50 to +2000 range at up to 500 bars Citation: Teploenergetika,1970, , 136-141 (Derived),,,,
293.14537,777.494531938,19.0357346089,Liquid-Gas,Experimental,NIST,Authors: Kirillin, V. A.;Ulybin, S. A.;Zherdev, E. P. Title: Carbon dioxide density on the 35,30, 20 and 10 isotherms and at pressures up to 500 bars Citation: Teploenergetika,1969,16, 92-3 (Derived),,
293.14537,773.761978956,5.73695315453,Liquid-Gas,Experimental,NIST,Authors: Popov, V. N.;Sayapov, M. Kh. Title: Density of carbon dioxide in the liquid phase Citation: Teploenergetika,1970,17, 76 (Derived),,,,,
293.14537,775.697865393,1.92609466408,Liquid-Gas,Experimental,NIST,Authors: Vukalovich, M. P.;Kobelev, V. P.;Timoshenko, N. I. Title: Density of carbon dioxide at 0 - 35 c and up to 300 bars Citation: Teploenergetika,1968,15, 81-83 (Derived),,,,
293.14537,774.2,0,Liquid-Gas,Experimental,NIST,Authors: Vukalovich, M. P.;Timoshenko, N. I.;Kobelev, V. P. Title: Experimental study of carbon dioxide density at temperatures below 0 c Citation: Teploenergetika,1970,17, 59-60,,,,
293.15,773.27848102,1.43837449175,Liquid-Gas,Experimental,NIST,Authors: Mazzoccoli, M.;Bosio, B.;Arato, E. Title: Pressure-density-temperature measurements of binary  mixtures rich in CO2 for CCS applications Citation: J. Chem. Eng. Data,2012,57, 2774-2783 (Derived),,,,
293.375324,775.438387334,23.7579527062,Liquid-Gas,Experimental,NIST,Authors: Popov, V. N.;Sayapov, M. Kh. Title: Density of carbon dioxide in the liquid phase Citation: Teploenergetika,1970,17, 76 (Derived),,,,,
293.375324,775.438806667,3.87262640328,Liquid-Gas,Experimental,NIST,Authors: Popov, V. N.;Sayapov, M. Kh. Title: The density of liquid carbon dioxide Citation: Teploenergetika,1970, , 76 (Derived),,,,,
293.69337776,769.351258349,0,Liquid-Gas,Experimental,NIST,Authors: Kendall, B. J.;Sage, B. H. Title: The volumetric behavior of carbon dioxide Citation: Petroleum (London),1951,14, 184-6,,,,,
294.30423332,763.51836424,0,Liquid-Gas,Experimental,NIST,Authors: Kendall, B. J.;Sage, B. H. Title: The volumetric behavior of carbon dioxide Citation: Petroleum (London),1951,14, 184-6,,,,,
294.920619667,755.742468162,0,Liquid-Gas,Experimental,NIST,Authors: Kendall, B. J.;Sage, B. H. Title: The volumetric behavior of carbon dioxide Citation: Petroleum (London),1951,14, 184-6,,,,,
295,752.641,1.101,Liquid-Gas,Experimental,NIST,Authors: Duschek, W.;Kleinrahm, R.;Wagner, W. Title: Measurement and correlation of the (pressure, density, temperature) relation of carbon dioxide. II. Saturated-liquid and saturated-vapo densities and the vapor pressure along the entire coexistence c Citation: J. Chem. Thermodyn.,1990,22, 841-64,,
295,752.652,1.101,Liquid-Gas,Experimental,NIST,Authors: Duschek, W.;Kleinrahm, R.;Wagner, W. Title: Measurement and correlation of the (pressure, density, temperature) relation of carbon dioxide. II. Saturated-liquid and saturated-vapo densities and the vapor pressure along the entire coexistence c Citation: J. Chem. Thermodyn.,1990,22, 841-64,,
295,752.613,1.101,Liquid-Gas,Experimental,NIST,Authors: Duschek, W.;Kleinrahm, R.;Wagner, W. Title: Measurement and correlation of the (pressure, density, temperature) relation of carbon dioxide. II. Saturated-liquid and saturated-vapo densities and the vapor pressure along the entire coexistence c Citation: J. Chem. Thermodyn.,1990,22, 841-64,,
295,752.616,1.101,Liquid-Gas,Experimental,NIST,Authors: Duschek, W.;Kleinrahm, R.;Wagner, W. Title: Measurement and correlation of the (pressure, density, temperature) relation of carbon dioxide. II. Saturated-liquid and saturated-vapo densities and the vapor pressure along the entire coexistence c Citation: J. Chem. Thermodyn.,1990,22, 841-64,,
295,747.210900514,96.4001164001,Liquid-Gas,Experimental,NIST,Authors: Falco, N.;Kiran, E. Title: Volumetric properties of ethyl acetate + carbon dioxide binary fluid mixtures at  high pressures Citation: J. Supercrit. Fluids,2012,61, 9-24 (Derived),,,,,
295.41488888,750.832443182,0,Liquid-Gas,Experimental,NIST,Authors: Kendall, B. J.;Sage, B. H. Title: The volumetric behavior of carbon dioxide Citation: Petroleum (London),1951,14, 184-6,,,,,
295.630049634,742.141652614,0,Liquid-Gas,Experimental,NIST,Authors: Bierlein, J. A.;Kay, W. B. Title: Phase Equilibrium Properties of System Carbon Dioxide-Hydrogen Sulfide sulfide Citation: Ind. Eng. Chem.,1953,45,618,,,,,
296.03684,742.2,0.7,Liquid-Gas,Experimental,NIST,Authors: Lowry, H. H.;Erickson, W. R. Title: The Densities of Coexisting Liquid and Gaseous Carbon Dioxide and the Solubility of Water in Liquid Carbon Dioxide. Citation: J. Am. Chem. Soc.,1927,49, 2729-2734,,,,,
296.097926556,741.591149369,0,Liquid-Gas,Experimental,NIST,Authors: Kendall, B. J.;Sage, B. H. Title: The volumetric behavior of carbon dioxide Citation: Petroleum (London),1951,14, 184-6,,,,,
296.46996668,736.862708525,0,Liquid-Gas,Experimental,NIST,Authors: Kendall, B. J.;Sage, B. H. Title: The volumetric behavior of carbon dioxide Citation: Petroleum (London),1951,14, 184-6,,,,,
297,727.135,1.395,Liquid-Gas,Experimental,NIST,Authors: Duschek, W.;Kleinrahm, R.;Wagner, W. Title: Measurement and correlation of the (pressure, density, temperature) relation of carbon dioxide. II. Saturated-liquid and saturated-vapo densities and the vapor pressure along the entire coexistence c Citation: J. Chem. Thermodyn.,1990,22, 841-64,,
297,733.446975863,211.121664132,Liquid-Gas,Experimental,NIST,Authors: Gilgen, R.;Kleinrahm, R.;Wagner, W. Title: Supplementary measurements of the (pressure, density, temperature) relation of carbon dioxide in the homogeneous region at temperatures from 2 20 K to 360 K and pressures up to 13 MPa Citation: J. Chem. Thermodyn.,1992,24, 1243-50 (Derived),,
297.297446556,725.487852624,0,Liquid-Gas,Experimental,NIST,Authors: Kendall, B. J.;Sage, B. H. Title: The volumetric behavior of carbon dioxide Citation: Petroleum (London),1951,14, 184-6,,,,,
297.35142862,717.566745,0,Liquid-Gas,Experimental,NIST,Authors: Levelt Sengers, J. M. H.;Chen, W. T. Title: Vapor Pressure, Critical Isochore, and Some Metastable States of CO2 dioxide Citation: J. Chem. Phys.,1972,56, 595-608,,,
297.35142862,717.566745,0,Liquid-Gas,Experimental,NIST,Authors: Levelt Sengers, J. M. H.;Chen, W. T. Title: Vapor Pressure, Critical Isochore, and Some Metastable States of CO2 dioxide Citation: J. Chem. Phys.,1972,56, 595-608,,,
297.36692552,717.566745,0,Liquid-Gas,Experimental,NIST,Authors: Levelt Sengers, J. M. H.;Chen, W. T. Title: Vapor Pressure, Critical Isochore, and Some Metastable States of CO2 dioxide Citation: J. Chem. Phys.,1972,56, 595-608,,,
297.36692552,717.566745,0,Liquid-Gas,Experimental,NIST,Authors: Levelt Sengers, J. M. H.;Chen, W. T. Title: Vapor Pressure, Critical Isochore, and Some Metastable States of CO2 dioxide Citation: J. Chem. Phys.,1972,56, 595-608,,,
297.42041482,717.566745,0,Liquid-Gas,Experimental,NIST,Authors: Levelt Sengers, J. M. H.;Chen, W. T. Title: Vapor Pressure, Critical Isochore, and Some Metastable States of CO2 dioxide Citation: J. Chem. Phys.,1972,56, 595-608,,,
297.42041482,717.566745,0,Liquid-Gas,Experimental,NIST,Authors: Levelt Sengers, J. M. H.;Chen, W. T. Title: Vapor Pressure, Critical Isochore, and Some Metastable States of CO2 dioxide Citation: J. Chem. Phys.,1972,56, 595-608,,,
297.47230444,717.566745,0,Liquid-Gas,Experimental,NIST,Authors: Levelt Sengers, J. M. H.;Chen, W. T. Title: Vapor Pressure, Critical Isochore, and Some Metastable States of CO2 dioxide Citation: J. Chem. Phys.,1972,56, 595-608,,,
297.47230444,717.566745,0,Liquid-Gas,Experimental,NIST,Authors: Levelt Sengers, J. M. H.;Chen, W. T. Title: Vapor Pressure, Critical Isochore, and Some Metastable States of CO2 dioxide Citation: J. Chem. Phys.,1972,56, 595-608,,,
297.49729944,717.566745,0,Liquid-Gas,Experimental,NIST,Authors: Levelt Sengers, J. M. H.;Chen, W. T. Title: Vapor Pressure, Critical Isochore, and Some Metastable States of CO2 dioxide Citation: J. Chem. Phys.,1972,56, 595-608,,,
297.52469396,717.566745,0,Liquid-Gas,Experimental,NIST,Authors: Levelt Sengers, J. M. H.;Chen, W. T. Title: Vapor Pressure, Critical Isochore, and Some Metastable States of CO2 dioxide Citation: J. Chem. Phys.,1972,56, 595-608,,,
297.52469396,717.566745,0,Liquid-Gas,Experimental,NIST,Authors: Levelt Sengers, J. M. H.;Chen, W. T. Title: Vapor Pressure, Critical Isochore, and Some Metastable States of CO2 dioxide Citation: J. Chem. Phys.,1972,56, 595-608,,,
297.5264936,717.566745,0,Liquid-Gas,Experimental,NIST,Authors: Levelt Sengers, J. M. H.;Chen, W. T. Title: Vapor Pressure, Critical Isochore, and Some Metastable States of CO2 dioxide Citation: J. Chem. Phys.,1972,56, 595-608,,,
297.5384912,717.566745,0,Liquid-Gas,Experimental,NIST,Authors: Levelt Sengers, J. M. H.;Chen, W. T. Title: Vapor Pressure, Critical Isochore, and Some Metastable States of CO2 dioxide Citation: J. Chem. Phys.,1972,56, 595-608,,,
297.5384912,717.566745,0,Liquid-Gas,Experimental,NIST,Authors: Levelt Sengers, J. M. H.;Chen, W. T. Title: Vapor Pressure, Critical Isochore, and Some Metastable States of CO2 dioxide Citation: J. Chem. Phys.,1972,56, 595-608,,,
297.54728944,717.566745,0,Liquid-Gas,Experimental,NIST,Authors: Levelt Sengers, J. M. H.;Chen, W. T. Title: Vapor Pressure, Critical Isochore, and Some Metastable States of CO2 dioxide Citation: J. Chem. Phys.,1972,56, 595-608,,,
297.56428604,717.566745,0,Liquid-Gas,Experimental,NIST,Authors: Levelt Sengers, J. M. H.;Chen, W. T. Title: Vapor Pressure, Critical Isochore, and Some Metastable States of CO2 dioxide Citation: J. Chem. Phys.,1972,56, 595-608,,,
297.56428604,717.566745,0,Liquid-Gas,Experimental,NIST,Authors: Levelt Sengers, J. M. H.;Chen, W. T. Title: Vapor Pressure, Critical Isochore, and Some Metastable States of CO2 dioxide Citation: J. Chem. Phys.,1972,56, 595-608,,,
297.57738342,717.566745,0,Liquid-Gas,Experimental,NIST,Authors: Levelt Sengers, J. M. H.;Chen, W. T. Title: Vapor Pressure, Critical Isochore, and Some Metastable States of CO2 dioxide Citation: J. Chem. Phys.,1972,56, 595-608,,,
297.57738342,717.566745,0,Liquid-Gas,Experimental,NIST,Authors: Levelt Sengers, J. M. H.;Chen, W. T. Title: Vapor Pressure, Critical Isochore, and Some Metastable States of CO2 dioxide Citation: J. Chem. Phys.,1972,56, 595-608,,,
297.58062224,721.626173407,0,Liquid-Gas,Experimental,NIST,Authors: Kendall, B. J.;Sage, B. H. Title: The volumetric behavior of carbon dioxide Citation: Petroleum (London),1951,14, 184-6,,,,,
297.58208248,717.566745,0,Liquid-Gas,Experimental,NIST,Authors: Levelt Sengers, J. M. H.;Chen, W. T. Title: Vapor Pressure, Critical Isochore, and Some Metastable States of CO2 dioxide Citation: J. Chem. Phys.,1972,56, 595-608,,,
297.58288232,717.566745,0,Liquid-Gas,Experimental,NIST,Authors: Levelt Sengers, J. M. H.;Chen, W. T. Title: Vapor Pressure, Critical Isochore, and Some Metastable States of CO2 dioxide Citation: J. Chem. Phys.,1972,56, 595-608,,,
297.58978094,717.566745,0,Liquid-Gas,Experimental,NIST,Authors: Levelt Sengers, J. M. H.;Chen, W. T. Title: Vapor Pressure, Critical Isochore, and Some Metastable States of CO2 dioxide Citation: J. Chem. Phys.,1972,56, 595-608,,,
297.60437802,717.566745,0,Liquid-Gas,Experimental,NIST,Authors: Levelt Sengers, J. M. H.;Chen, W. T. Title: Vapor Pressure, Critical Isochore, and Some Metastable States of CO2 dioxide Citation: J. Chem. Phys.,1972,56, 595-608,,,
298.14437,717.603803287,82.9548157745,Liquid-Gas,Experimental,NIST,Authors: Popov, V. N.;Sayapov, M. Kh. Title: Density of carbon dioxide in the liquid phase Citation: Teploenergetika,1970,17, 76 (Derived),,,,,
298.14437,717.603803287,13.4956177509,Liquid-Gas,Experimental,NIST,Authors: Popov, V. N.;Sayapov, M. Kh. Title: The density of liquid carbon dioxide Citation: Teploenergetika,1970, , 76 (Derived),,,,,
298.14437,712.048063371,2.15657115097,Liquid-Gas,Experimental,NIST,Authors: Vukalovich, M. P.;Kobelev, V. P.;Timoshenko, N. I. Title: Density of carbon dioxide at 0 - 35 c and up to 300 bars Citation: Teploenergetika,1968,15, 81-83 (Derived),,,,
298.14437,711.6,0,Liquid-Gas,Experimental,NIST,Authors: Vukalovich, M. P.;Timoshenko, N. I.;Kobelev, V. P. Title: Experimental study of carbon dioxide density at temperatures below 0 c Citation: Teploenergetika,1970,17, 59-60,,,,
298.1889788,718.463079072,25.2425358025,Liquid-Gas,Experimental,NIST,Authors: Michels, A.;Michels, C.;Wouters, H. Title: Isotherms of Carbon DIoxide Between 70 and 3000 Atmospheres (Amagat Densities Between 200 and 600) Citation: Proc. R. Soc. London, Ser. A,1935,153, 214-24 (Derived),,,
298.205972,711.229449,0,Liquid-Gas,Experimental,NIST,Authors: Michels, A.;Blaisse, B.;Michels, C. Title: The Isotherms of Carbon Dioxide in the Neighborhood of the Critical Point and Around the Coexistence Line Citation: Proc. R. Soc. London, Ser. A,1937,160, 358-375,,,
298.205972,711.273458,0,Liquid-Gas,Experimental,NIST,Authors: Michels, A.;Blaisse, B.;Michels, C. Title: The Isotherms of Carbon Dioxide in the Neighborhood of the Critical Point and Around the Coexistence Line Citation: Proc. R. Soc. London, Ser. A,1937,160, 358-375,,,
298.205972,711.62553,0,Liquid-Gas,Experimental,NIST,Authors: Michels, A.;Blaisse, B.;Michels, C. Title: The Isotherms of Carbon Dioxide in the Neighborhood of the Critical Point and Around the Coexistence Line Citation: Proc. R. Soc. London, Ser. A,1937,160, 358-375,,,
298.205972,712.461701,0,Liquid-Gas,Experimental,NIST,Authors: Michels, A.;Blaisse, B.;Michels, C. Title: The Isotherms of Carbon Dioxide in the Neighborhood of the Critical Point and Around the Coexistence Line Citation: Proc. R. Soc. London, Ser. A,1937,160, 358-375,,,
298.4338808,707.092603,0,Liquid-Gas,Experimental,NIST,Authors: Michels, A.;Blaisse, B.;Michels, C. Title: The Isotherms of Carbon Dioxide in the Neighborhood of the Critical Point and Around the Coexistence Line Citation: Proc. R. Soc. London, Ser. A,1937,160, 358-375,,,
298.4338808,707.312648,0,Liquid-Gas,Experimental,NIST,Authors: Michels, A.;Blaisse, B.;Michels, C. Title: The Isotherms of Carbon Dioxide in the Neighborhood of the Critical Point and Around the Coexistence Line Citation: Proc. R. Soc. London, Ser. A,1937,160, 358-375,,,
298.475308222,707.858729354,0,Liquid-Gas,Experimental,NIST,Authors: Kendall, B. J.;Sage, B. H. Title: The volumetric behavior of carbon dioxide Citation: Petroleum (London),1951,14, 184-6,,,,,
298.69137776,704.252173134,0,Liquid-Gas,Experimental,NIST,Authors: Kendall, B. J.;Sage, B. H. Title: The volumetric behavior of carbon dioxide Citation: Petroleum (London),1951,14, 184-6,,,,,
299,697.037,1.585,Liquid-Gas,Experimental,NIST,Authors: Duschek, W.;Kleinrahm, R.;Wagner, W. Title: Measurement and correlation of the (pressure, density, temperature) relation of carbon dioxide. II. Saturated-liquid and saturated-vapo densities and the vapor pressure along the entire coexistence c Citation: J. Chem. Thermodyn.,1990,22, 841-64,,
299.103926248,693.05511811,0,Liquid-Gas,Experimental,NIST,Authors: Bierlein, J. A.;Kay, W. B. Title: Phase Equilibrium Properties of System Carbon Dioxide-Hydrogen Sulfide sulfide Citation: Ind. Eng. Chem.,1953,45,618,,,,,
299.641508556,687.092024961,0,Liquid-Gas,Experimental,NIST,Authors: Kendall, B. J.;Sage, B. H. Title: The volumetric behavior of carbon dioxide Citation: Petroleum (London),1951,14, 184-6,,,,,
299.80203332,683.096962858,0,Liquid-Gas,Experimental,NIST,Authors: Kendall, B. J.;Sage, B. H. Title: The volumetric behavior of carbon dioxide Citation: Petroleum (London),1951,14, 184-6,,,,,
299.994,678,2.77,Liquid-Gas,Experimental,NIST,Authors: Rabe, D. Title: Experimental determination of dynamic viscosity and density of binary liquid mixtures of n-heptane with CO2, CH4, C2H6, C3H8 and of toluene with CH4 and C3H8 Citation: Dr.Eng. Thesis, Technical University Berlin, Berlin (1981),,,,
300,679.308,1.914,Liquid-Gas,Experimental,NIST,Authors: Duschek, W.;Kleinrahm, R.;Wagner, W. Title: Measurement and correlation of the (pressure, density, temperature) relation of carbon dioxide. II. Saturated-liquid and saturated-vapo densities and the vapor pressure along the entire coexistence c Citation: J. Chem. Thermodyn.,1990,22, 841-64,,
300,679.322,1.914,Liquid-Gas,Experimental,NIST,Authors: Duschek, W.;Kleinrahm, R.;Wagner, W. Title: Measurement and correlation of the (pressure, density, temperature) relation of carbon dioxide. II. Saturated-liquid and saturated-vapo densities and the vapor pressure along the entire coexistence c Citation: J. Chem. Thermodyn.,1990,22, 841-64,,
300,679.346,1.914,Liquid-Gas,Experimental,NIST,Authors: Duschek, W.;Kleinrahm, R.;Wagner, W. Title: Measurement and correlation of the (pressure, density, temperature) relation of carbon dioxide. II. Saturated-liquid and saturated-vapo densities and the vapor pressure along the entire coexistence c Citation: J. Chem. Thermodyn.,1990,22, 841-64,,
300,712.154993255,70.3211115471,Liquid-Gas,Experimental,NIST,Authors: Falco, N.;Kiran, E. Title: Volumetric properties of ethyl acetate + carbon dioxide binary fluid mixtures at  high pressures Citation: J. Supercrit. Fluids,2012,61, 9-24 (Derived),,,,,
300,691.460583277,273.082681201,Liquid-Gas,Experimental,NIST,Authors: Gilgen, R.;Kleinrahm, R.;Wagner, W. Title: Supplementary measurements of the (pressure, density, temperature) relation of carbon dioxide in the homogeneous region at temperatures from 2 20 K to 360 K and pressures up to 13 MPa Citation: J. Chem. Thermodyn.,1992,24, 1243-50 (Derived),,
300,690.737110721,46.9008926819,Liquid-Gas,Experimental,NIST,Authors: Klimeck, J. Title: Continued development of a one-sinker densimeter for accurate measurement of the thermal properties of carbon dioxide, argon, nitrogen and methane Citation: Ph.D. Thesis, Bochum University, Germany (1997) (Derived),,,,,
300.66829765,664.183828,0,Liquid-Gas,Experimental,NIST,Authors: Levelt Sengers, J. M. H.;Chen, W. T. Title: Vapor Pressure, Critical Isochore, and Some Metastable States of CO2 dioxide Citation: J. Chem. Phys.,1972,56, 595-608,,,
300.67599534,664.183828,0,Liquid-Gas,Experimental,NIST,Authors: Levelt Sengers, J. M. H.;Chen, W. T. Title: Vapor Pressure, Critical Isochore, and Some Metastable States of CO2 dioxide Citation: J. Chem. Phys.,1972,56, 595-608,,,
300.68849159,664.183828,0,Liquid-Gas,Experimental,NIST,Authors: Levelt Sengers, J. M. H.;Chen, W. T. Title: Vapor Pressure, Critical Isochore, and Some Metastable States of CO2 dioxide Citation: J. Chem. Phys.,1972,56, 595-608,,,
300.69958826,664.183828,0,Liquid-Gas,Experimental,NIST,Authors: Levelt Sengers, J. M. H.;Chen, W. T. Title: Vapor Pressure, Critical Isochore, and Some Metastable States of CO2 dioxide Citation: J. Chem. Phys.,1972,56, 595-608,,,
300.807153111,663.17665975,0,Liquid-Gas,Experimental,NIST,Authors: Kendall, B. J.;Sage, B. H. Title: The volumetric behavior of carbon dioxide Citation: Petroleum (London),1951,14, 184-6,,,,,
300.91268888,661.310148133,0,Liquid-Gas,Experimental,NIST,Authors: Kendall, B. J.;Sage, B. H. Title: The volumetric behavior of carbon dioxide Citation: Petroleum (London),1951,14, 184-6,,,,,
301,658.814,2.273,Liquid-Gas,Experimental,NIST,Authors: Duschek, W.;Kleinrahm, R.;Wagner, W. Title: Measurement and correlation of the (pressure, density, temperature) relation of carbon dioxide. II. Saturated-liquid and saturated-vapo densities and the vapor pressure along the entire coexistence c Citation: J. Chem. Thermodyn.,1990,22, 841-64,,
301.1867792,655.690091,0,Liquid-Gas,Experimental,NIST,Authors: Michels, A.;Blaisse, B.;Michels, C. Title: The Isotherms of Carbon Dioxide in the Neighborhood of the Critical Point and Around the Coexistence Line Citation: Proc. R. Soc. London, Ser. A,1937,160, 358-375,,,
301.19364,654.082058233,3.30996521041,Liquid-Gas,Experimental,NIST,Authors: Vukalovich, M. P.;Kobelev, V. P.;Timoshenko, N. I. Title: Density of carbon dioxide at 0 - 35 c and up to 300 bars Citation: Teploenergetika,1968,15, 81-83 (Derived),,,,
301.96776668,633.384329534,0,Liquid-Gas,Experimental,NIST,Authors: Kendall, B. J.;Sage, B. H. Title: The volumetric behavior of carbon dioxide Citation: Petroleum (London),1951,14, 184-6,,,,,
302,633.899,2.652,Liquid-Gas,Experimental,NIST,Authors: Duschek, W.;Kleinrahm, R.;Wagner, W. Title: Measurement and correlation of the (pressure, density, temperature) relation of carbon dioxide. II. Saturated-liquid and saturated-vapo densities and the vapor pressure along the entire coexistence c Citation: J. Chem. Thermodyn.,1990,22, 841-64,,
302.004,633.86,2.651,Liquid-Gas,Experimental,NIST,Authors: Duschek, W.;Kleinrahm, R.;Wagner, W. Title: Measurement and correlation of the (pressure, density, temperature) relation of carbon dioxide. II. Saturated-liquid and saturated-vapo densities and the vapor pressure along the entire coexistence c Citation: J. Chem. Thermodyn.,1990,22, 841-64,,
302.006673111,634.524024078,0,Liquid-Gas,Experimental,NIST,Authors: Kendall, B. J.;Sage, B. H. Title: The volumetric behavior of carbon dioxide Citation: Petroleum (London),1951,14, 184-6,,,,,
302.143355,634.759013169,2.66076957221,Liquid-Gas,Experimental,NIST,Authors: Vukalovich, M. P.;Kobelev, V. P.;Timoshenko, N. I. Title: Density of carbon dioxide at 0 - 35 c and up to 300 bars Citation: Teploenergetika,1968,15, 81-83 (Derived),,,,
302.331752457,624.241134752,0,Liquid-Gas,Experimental,NIST,Authors: Bierlein, J. A.;Kay, W. B. Title: Phase Equilibrium Properties of System Carbon Dioxide-Hydrogen Sulfide sulfide Citation: Ind. Eng. Chem.,1953,45,618,,,,,
302.5,618.658,3.389,Liquid-Gas,Experimental,NIST,Authors: Duschek, W.;Kleinrahm, R.;Wagner, W. Title: Measurement and correlation of the (pressure, density, temperature) relation of carbon dioxide. II. Saturated-liquid and saturated-vapo densities and the vapor pressure along the entire coexistence c Citation: J. Chem. Thermodyn.,1990,22, 841-64,,
302.653202,613.48546,0,Liquid-Gas,Experimental,NIST,Authors: Esper, G. J. Title: Direct and Indirect p-v-t Measurement of Fluids Citation: Fortschr.-Ber. VDI Z., Reihe,1987, No. 148,,,,,,
303,600.123,4.144,Liquid-Gas,Experimental,NIST,Authors: Duschek, W.;Kleinrahm, R.;Wagner, W. Title: Measurement and correlation of the (pressure, density, temperature) relation of carbon dioxide. II. Saturated-liquid and saturated-vapo densities and the vapor pressure along the entire coexistence c Citation: J. Chem. Thermodyn.,1990,22, 841-64,,
303.0630284,595.00168,0,Liquid-Gas,Experimental,NIST,Authors: Michels, A.;Blaisse, B.;Michels, C. Title: The Isotherms of Carbon Dioxide in the Neighborhood of the Critical Point and Around the Coexistence Line Citation: Proc. R. Soc. London, Ser. A,1937,160, 358-375,,,
303.07842224,594.398132891,0,Liquid-Gas,Experimental,NIST,Authors: Kendall, B. J.;Sage, B. H. Title: The volumetric behavior of carbon dioxide Citation: Petroleum (London),1951,14, 184-6,,,,,
303.134,590.199468297,56.7722846725,Liquid-Gas,Experimental,NIST,Authors: Kennedy, G. C. Title: Pressure-volume-temperature relations in carbon dioxide at elevated temperatures and pressures Citation: Am. J. Sci.,1954,252, 225-241 (Derived),,,,,,
303.143055,630.447252377,160.192007808,Liquid-Gas,Experimental,NIST,Authors: Kirillin, V. A.;Ulybin, S. A.;Zherdev, E. N. Title: Carbon dioxide density in the -50 to +2000 range at up to 500 bars Citation: Teploenergetika,1970, , 136-141 (Derived),,,,
303.143055,630.447252377,160.192007808,Liquid-Gas,Experimental,NIST,Authors: Kirillin, V. A.;Ulybin, S. A.;Zherdev, E. P. Title: Carbon dioxide density on the 35,30, 20 and 10 isotherms and at pressures up to 500 bars Citation: Teploenergetika,1969,16, 92-3 (Derived),,
303.173428222,593.897600605,0,Liquid-Gas,Experimental,NIST,Authors: Kendall, B. J.;Sage, B. H. Title: The volumetric behavior of carbon dioxide Citation: Petroleum (London),1951,14, 184-6,,,,,
303.4,581.2,5.08,Liquid-Gas,Experimental,NIST,Authors: Duschek, W.;Kleinrahm, R.;Wagner, W. Title: Measurement and correlation of the (pressure, density, temperature) relation of carbon dioxide. II. Saturated-liquid and saturated-vapo densities and the vapor pressure along the entire coexistence c Citation: J. Chem. Thermodyn.,1990,22, 841-64,,
303.4,581.22,5.079,Liquid-Gas,Experimental,NIST,Authors: Duschek, W.;Kleinrahm, R.;Wagner, W. Title: Measurement and correlation of the (pressure, density, temperature) relation of carbon dioxide. II. Saturated-liquid and saturated-vapo densities and the vapor pressure along the entire coexistence c Citation: J. Chem. Thermodyn.,1990,22, 841-64,,
303.5428364,573.833351,0,Liquid-Gas,Experimental,NIST,Authors: Michels, A.;Blaisse, B.;Michels, C. Title: The Isotherms of Carbon Dioxide in the Neighborhood of the Critical Point and Around the Coexistence Line Citation: Proc. R. Soc. London, Ser. A,1937,160, 358-375,,,
303.6,569.3,7.487,Liquid-Gas,Experimental,NIST,Authors: Duschek, W.;Kleinrahm, R.;Wagner, W. Title: Measurement and correlation of the (pressure, density, temperature) relation of carbon dioxide. II. Saturated-liquid and saturated-vapo densities and the vapor pressure along the entire coexistence c Citation: J. Chem. Thermodyn.,1990,22, 841-64,,
303.8,554.14,12.633,Liquid-Gas,Experimental,NIST,Authors: Duschek, W.;Kleinrahm, R.;Wagner, W. Title: Measurement and correlation of the (pressure, density, temperature) relation of carbon dioxide. II. Saturated-liquid and saturated-vapo densities and the vapor pressure along the entire coexistence c Citation: J. Chem. Thermodyn.,1990,22, 841-64,,
303.9,544.15,12.065,Liquid-Gas,Experimental,NIST,Authors: Duschek, W.;Kleinrahm, R.;Wagner, W. Title: Measurement and correlation of the (pressure, density, temperature) relation of carbon dioxide. II. Saturated-liquid and saturated-vapo densities and the vapor pressure along the entire coexistence c Citation: J. Chem. Thermodyn.,1990,22, 841-64,,
303.999610359,533.97527988,0.37803731,Liquid-Gas,Experimental,NIST,Authors: Martynets, V. G.;Matizen, E. V. Title: Determination of the parameters of Migdal's equation of state Citation: Zh. Eksp. Teor. Fiz.,1974,67, 607-214,,,,,
304,530.92,15.013,Liquid-Gas,Experimental,NIST,Authors: Duschek, W.;Kleinrahm, R.;Wagner, W. Title: Measurement and correlation of the (pressure, density, temperature) relation of carbon dioxide. II. Saturated-liquid and saturated-vapo densities and the vapor pressure along the entire coexistence c Citation: J. Chem. Thermodyn.,1990,22, 841-64,,
304,599.256486193,261.626241803,Liquid-Gas,Experimental,NIST,Authors: Gokmenoglu, Z.;Xiong, Y.;Kiran, E. Title: Volumetric properties of carbon dioxide + sulfur hexafluoride at high pressures Citation: J. Chem. Eng. Data,1996,41, 354-360 (Derived),,,,
304.02050361,529.08,0.115,Liquid-Gas,Experimental,NIST,Authors: Nowak, P.;Tielkes, T.;Kleinrahm, R.;Wagner, W. Title: Supplementary measurements of the (p, rho, T) relation of carbon dioxide in the homogenous region at T=313 K and on the coexistence curve at T=304 K Citation: J. Chem. Thermodyn.,1997,29, 885-889,
304.02050361,529.08,1.603,Liquid-Gas,Experimental,NIST,Authors: Nowak, P.;Tielkes, T.;Kleinrahm, R.;Wagner, W. Title: Supplementary measurements of the (p, rho, T) relation of carbon dioxide in the homogenous region at T=313 K and on the coexistence curve at T=304 K Citation: J. Chem. Thermodyn.,1997,29, 885-889,
304.02050361,531.775,1.538,Liquid-Gas,Experimental,NIST,Authors: Nowak, P.;Tielkes, T.;Kleinrahm, R.;Wagner, W. Title: Supplementary measurements of the (p, rho, T) relation of carbon dioxide in the homogenous region at T=313 K and on the coexistence curve at T=304 K Citation: J. Chem. Thermodyn.,1997,29, 885-889,
304.085587217,517.89967236,0.4664954,Liquid-Gas,Experimental,NIST,Authors: Martynets, V. G.;Matizen, E. V. Title: Determination of the parameters of Migdal's equation of state Citation: Zh. Eksp. Teor. Fiz.,1974,67, 607-214,,,,,
304.1,507.4,15.58,Liquid-Gas,Experimental,NIST,Authors: Duschek, W.;Kleinrahm, R.;Wagner, W. Title: Measurement and correlation of the (pressure, density, temperature) relation of carbon dioxide. II. Saturated-liquid and saturated-vapo densities and the vapor pressure along the entire coexistence c Citation: J. Chem. Thermodyn.,1990,22, 841-64,,
304.130527831,502.76189663,0.88150027,Liquid-Gas,Experimental,NIST,Authors: Martynets, V. G.;Matizen, E. V. Title: Determination of the parameters of Migdal's equation of state Citation: Zh. Eksp. Teor. Fiz.,1974,67, 607-214,,,,,
304.149144744,488.4866973,5.99578616,Liquid-Gas,Experimental,NIST,Authors: Martynets, V. G.;Matizen, E. V. Title: Determination of the parameters of Migdal's equation of state Citation: Zh. Eksp. Teor. Fiz.,1974,67, 607-214,,,,,
304.153592,480.769230769,0,Liquid-Gas,Experimental,NIST,Authors: Wentorf, R. H. Title: Isotherms in the Critical Region of Carbon Dioxide and Sulfur Hexafluoride Citation: J. Chem. Phys.,1956,24,607,,,,,,
304.153648844,474.99661853,5.99578616,Liquid-Gas,Experimental,NIST,Authors: Martynets, V. G.;Matizen, E. V. Title: Determination of the parameters of Migdal's equation of state Citation: Zh. Eksp. Teor. Fiz.,1974,67, 607-214,,,,,
304.154849938,465.21141649,0,Liquid-Gas,Experimental,NIST,Authors: Bierlein, J. A.;Kay, W. B. Title: Phase Equilibrium Properties of System Carbon Dioxide-Hydrogen Sulfide sulfide Citation: Ind. Eng. Chem.,1953,45,618,,,,,
304.154849938,463.4,8,Liquid-Gas,Experimental,NIST,Authors: Diefenbacher, A.;Crone, M.;Turk, M. (see tuerk m) Title: Critical propeties of CO2, CHF3, SF6, (CO2 + CHF3), and (CHF3 + SF6) Citation: J. Chem. Thermodyn.,1998,30, 481-496
304.154849938,473,8,Liquid-Gas,Experimental,NIST,Authors: Li, J.;Qin, Z.;Wang, G.;Dong, M.;Wang, J. Title: Critical Temperatures and Pressures of Several Binary and Ternary Mixtures Concerning the Alkylation of 2-Methylpropane with 1-Butene in the Presence of Methane or Carbon Dioxide Citation: J. Chem. Eng. Data,2007,52, 1736-1740,,
304.154849938,468.3,1.5,Liquid-Gas,Experimental,NIST,Authors: Lowry, H. H.;Erickson, W. R. Title: The Densities of Coexisting Liquid and Gaseous Carbon Dioxide and the Solubility of Water in Liquid Carbon Dioxide. Citation: J. Am. Chem. Soc.,1927,49, 2729-2734,,,,,
304.154849938,467.8,5,Liquid-Gas,Experimental,NIST,Authors: Moldover, M. R. Title: Visual observation at the critical temperature and density: co(2) and c(2) h(4) Citation: J. Chem. Phys.,1974,61, 1766-78,,,,,,
304.154849938,467.6,3.6,Liquid-Gas,Experimental,NIST,Authors: Nowak, P.;Tielkes, T.;Kleinrahm, R.;Wagner, W. Title: Supplementary measurements of the (p, rho, T) relation of carbon dioxide in the homogenous region at T=313 K and on the coexistence curve at T=304 K Citation: J. Chem. Thermodyn.,1997,29, 885-889,
304.154849938,468,14,Liquid-Gas,Experimental,NIST,Authors: Suehiro, Y.;Nakajima, M.;Yamada, K.;Uematsu, M. Title: Critical parameters of {xCO2 + (1 - x)CHF3} for x = (1.0000,0.7496,0.5013, and 0.2522) Citation: J. Chem. Thermodyn.,1996,28, 1153-1164
304.154849938,467,5,Liquid-Gas,Experimental,NIST,Authors: Tsekhanskava, Yu. V.;Roginskaya, N. G.;Mushkina, E. V. Title: Volume changes in naphthalene solutions in compressed carbon dioxide Citation: Russ. J. Phys. Chem.,1966,40, 1152-6,,,,
304.154849938,473,9,Liquid-Gas,Experimental,NIST,Authors: Zhang, R.;Qin, Z.;Wang, G.;Dong, M.;Hou, X.;Wang, J. Title: Critical Properties of the Reacting Mixture in the Selective Oxidation of Cyclohexane by Oxygen in the Presence of Carbon Dioxide Citation: J. Chem. Eng. Data,2005,50, 1414-1418,
