Temperature ( K ),density ( kg/m 3 ),Uncertainty,Phase,Quality,Source,Set Label,,,,,,,,,,,,,,
173.185,894.1,0.5,Liquid-Gas,Experimental,NIST,Authors: Smyth, C. P.;Stoops, W. N. Title: The Dielectric Polarization of Liquids VI. Ethyl Iodide, Ethanol, Normal-Butanol and Normal-Octanol Citation: J. Am. Chem. Soc.,1929,51,3312,,,,,,,
233.15848492,840.29,2.23,Liquid-Gas,Experimental,NIST,Authors: Schroeder, M. R.;Poling, B. E.;Manley, D. B. Title: Ethanol densities between -50 and 20. degree C. Citation: J. Chem. Eng. Data,1982,27, 256-258,,,,,,,,
233.182,840.6,4.2,Liquid-Gas,Experimental,NIST,Authors: Komarenko, V. G.;Manzhelii, V. G.;Radtsig, A. V. Title: Density and Viscosity of Normal Alcohols at Low Temperatures Citation: Ukr. Fiz. Zh.,1967,12,676,,,,,,,,
253.05439,823.2,5.4,Liquid-Gas,Experimental,NIST,Authors: Katayama, T.;Nitta, T. Title: Solubilities of hydrogen and nitrogen in alcohols and n-Hexane. Citation: J. Chem. Eng. Data,1976,21,194,,,,,,,,,
253.15,823.5,0.1,Liquid-Gas,Experimental,NIST,Authors: Sun, T. F.;Schouten, J. A.;Biswas, S. N. Title: Determination of the thermodynamic properties of liquid ethanol from 193 to 263 K and up to 280 MPa from speed-of-sound measurements Citation: Int. J. Thermophys.,1991,12, 381-95,,,,,,,,
268.1,811.1,3.8,Liquid-Gas,Experimental,NIST,Authors: Rehman, H.;Ansari, M. S. Title: Density, Viscosity, and Electrical Conductivity Measurements on the Ternary System H2O + C2H5OH + LiCl over the Entire Ranges of Solvent Composition and LiCl Solubility from (-5 to +50) deg C Citation: J. Chem. Eng. Data,2008,53, 2072-2088,,,,,,,
268.15156996,810.6,2.1,Liquid-Gas,Experimental,NIST,Authors: Schroeder, M. R.;Poling, B. E.;Manley, D. B. Title: Ethanol densities between -50 and 20. degree C. Citation: J. Chem. Eng. Data,1982,27, 256-258,,,,,,,,
273.00012,806.2,4.8,Liquid-Gas,Experimental,NIST,Authors: Bagdasaryan, S. S. Title: Theory of nuclei of a new phase and the limits of the liquid state Citation: Zh. Fiz. Khim.,1964,38, 1816-1820,,,,,,,,,,
273.15,806.43,4.83,Liquid-Gas,Experimental,NIST,Authors: Tyrer, D. Title: CCXXXVI.--Adiabatic and Isothermal Compressibilities of Liquids between One and Two Atmospheres' Pressures. Citation: J. Chem. Soc. Trans.,1914,105,2534,,,,,,,,,,
273.15,806.3,0.3,Liquid-Gas,Experimental,NIST,Authors: Walden, P. Title: Organic solution and ionization media: III viscosity and its relationship to conductivity Citation: Z. Phys. Chem., Stoechiom. Verwandschaftsl.,1906,55,207,,,,,,,,,
283.15,798,0.2,Liquid-Gas,Experimental,NIST,Authors: Zeberg-Mikkelsen, C. K.;Lugo, L.;Garcya, J.;Fernandez, J. Title: Volumetric properties under pressure for the binary system ethanol + toluene Citation: Fluid Phase Equilib.,2005,235, 139-151,,,,,,,
288.141,793.57,0.3,Liquid-Gas,Experimental,NIST,Authors: Doroshevskii, A. G.;Rakovskii, A. V. Title: Specific heat of alcohol and of its mixtures with water Citation: Zh. Russ. Fiz.-Khim. O-va, Chast Khim.,1908,40,860,,,,,,,,
288.141,794.3,0.4,Liquid-Gas,Experimental,NIST,Authors: Hatem, S. Title: Physicochemical Study of Some Cyclic Amino Alcohol Systems, Ethanol-Aniline Mixtures. Citation: Bull. Soc. Chim. Fr.,1949, ,483,,,,,,,,,
288.15,794.444,30,Liquid-Gas,Experimental,NIST,Authors: Iglesias, M.;Torres, A.;Gonzalez-Olmos, R.;Salvatierra, D. Title: Effect of temperature on mixing thermodynamics of a new ionic liquid: {2-Hydroxy ethylammonium formate (2-HEAF) + short hydroxylic solvents} Citation: J. Chem. Thermodyn.,2008,40, 119-133,,,,,,,
290.1398,791.4,0.5,Liquid-Gas,Experimental,NIST,Authors: Stern, O. Title: The kinetic theory of osmotic pressure of concentrated solutions and the validity of henry's law for concentrated solutions of carbon dioxide in organic solvents at low temperatures Citation: Z. Phys. Chem., Stoechiom. Verwandschaftsl.,1913,81, 441-76,,,,,,,,,
292.23854,791.1,0.6,Liquid-Gas,Experimental,NIST,Authors: Romanov, W. Citation: Ann. Phys. (Leipzig),1913,40,281,,,,,,,,,,
292.385522,790.25,0.25,Liquid-Gas,Experimental,NIST,Authors: Sun, T. F.;Schouten, J. A.;Trappeniers, N. J.;Biswas, S. N. Title: Measurements of the densities of liquid benzene, cyclohexane, methanol, and ethanol as functions of temperature at 0.1 MPa Citation: J. Chem. Thermodyn.,1988,20,1089,,,,
293.08803,789.4,0.8,Liquid-Gas,Experimental,NIST,Authors: Morachevskii, A. G.;Rabinovich, R. Sh. Title: Liq.-vap. equil. in the system chloroform-ethyl alcohol. Citation: Zh. Prikl. Khim. (Leningrad),1959,32,458,,,,,,,,,
293.08803,789.778,0.7,Liquid-Gas,Experimental,NIST,Authors: Teitel'baum, B. Ya.;Gortalova, T. A.;Sidorova, E. E. Title: Polithermic study of surface tension of aqueus solutions of alcohols Citation: Zh. Fiz. Khim.,1951,25,911,,,,,,,,
293.1,789.2,0.4,Liquid-Gas,Experimental,NIST,Authors: Chen, G.;Wang, Q.;Ma, Z.-M.;Yan, X.-H.;Han, S.-J. Title: Phase equilibria at superatmospheric pressures for systems containing halohydrocarbon, aromatic hydrocarbon, and alcohol Citation: J. Chem. Eng. Data,1995,40, 361-6,,,,
293.1,789.3,0.2,Liquid-Gas,Experimental,NIST,Authors: Qun-Fang, L.;Ruisen, L.;Dan-Yan, N.;Yu-Chun, H. Title: Thermal Conductivities of Some Organic Solvents and Their Binary Mixtures Citation: J. Chem. Eng. Data,1997,42, 971-974,,,,,,,
293.1,791.4,5,Liquid-Gas,Experimental,NIST,Authors: Reichl, A.;Daiminger, U.;Schmidt, A.;Davies, M.;Hoffmann, U.;Brinkmeier, C.;Reder, C.;Marquardt, W. Title: A non-recycle flow still for the experimental determination of vapor-liquid equilibria in reactive systems Citation: Fluid Phase Equilib.,1998,153, 113-134,,,
293.138,789.8,1.1,Liquid-Gas,Experimental,NIST,Authors: Addison, C. C. Title: 26. The Properties of Freshly Formed Surfaces. IV. The Influence of Chain Length and Structure on the Static and the Dynamic Surface Tensions of Aqueous Alcoholic Solutions Citation: J. Chem. Soc.,1945, , 98-106,,,,,,,,,,
293.138,789.3,0.4,Liquid-Gas,Experimental,NIST,Authors: Goss, F. R. Title: The magnitude of the solvent effect in dipole-moment measurements part III polarisation and association of alcohols in the liquid phase Citation: J. Chem. Soc.,1940, , 883-894,,,,,,,,,,
293.14537,789.6,5,Liquid-Gas,Experimental,NIST,Authors: Golubev, I. F.;Vasil'kovskaya, T. N. Title: Thermal conductivity of methyl and ethyl alcohols at differnt temperatures and pressures Citation: Teploenergetika,1969, , 77-82,,,,,,,,,
293.15,790.1,0.2,Liquid-Gas,Experimental,NIST,Authors: Cano-Gomez, J. J.;Iglesias-Silva, G. A.;Castrejon-Gonzalez, E. O.;Ramos-Estrada, M.;Hall, K. R. Title: Density and Viscosity of Binary Liquid Mixtures of Ethanol + 1-Hexanol and Ethanol + 1-Heptanol from (293.15 to 328.15) K at 0.1 MPa Citation: J. Chem. Eng. Data,2015,60, 1945-1955,,,,,,
293.15,790,1,Liquid-Gas,Experimental,NIST,Authors: Guo, X.-Z.;Wang, L. -S.;Wang, B.;Tian, N.-N. Title: Solubilities of 3,9-Dimethyl-3,9-dioxide-2,4,8,10-tetraoxa-3,9-diphosphaspiro[5.5]undecane in Selected Solvents Citation: J. Chem. Eng. Data,2010,55, 978-981,
293.15,789.38,0.24,Liquid-Gas,Experimental,NIST,Authors: Hwang, I.-C.;Han, K. J.;Park, S. J. Title: Isothermal Binary and Ternary VLE for the Mixtures of Propyl Vinyl Ether + Ethanol + Isooctane at 323.15 K and VE at 293.15 K Citation: J. Chem. Eng. Data,2007,52, 1118-1122,,,,,,,,
293.15,789,5,Liquid-Gas,Experimental,NIST,Authors: Prasad, T. E. V.;Mythili, R.;Nirmala, G. S.;Prasad, D.H.L. Title: Vapor-Liquid Equilibria in Trichloroethylene + Ethanol, + Isopropanol, and + Isobutanol and in Tetrachloroethylene + Methanol at 95 kPa Citation: J. Chem. Eng. Data,2002,47, 816-7,,,,,
293.15,789.3,0.2,Liquid-Gas,Experimental,NIST,Authors: Rodriguez, A.;Canosa, J.;Tojo, J. Title: Physical Properties of Binary Mixtures (Dimethyl Carbonate + Alcohols) at Several Temperatures Citation: J. Chem. Eng. Data,2001,46, 1476-1486,,,,,,,,
293.15,789.57,0.15,Liquid-Gas,Experimental,NIST,Authors: Tsierkezos, N. G.;Molinou, I. E.;Filippou, A. C. Title: Thermodynamic Properties of Binary Mixtures of Cyclohexanone with n-Alkanols (C1 C5) at 293.15K Citation: J. Solution Chem.,2005,34, 1371-1386,,,,,,,,
293.19536,789.5,4.6,Liquid-Gas,Experimental,NIST,Authors: Suska, J. Title: Phase equilibria in binary systems containing acetaldehyde Citation: Collect. Czech. Chem. Commun.,1979,44, 1852-6,,,,,,,,,,
295.65,787.411,0.14,Liquid-Gas,Experimental,NIST,Authors: Alvarez, V. H.;Mattedi, S.;Martin-Pastor, M.;Aznar, M.;Iglesias, M. Title: Thermophysical properties of binary mixtures of {ionic liquid 2-hydroxy ethylammonium acetate + (water, methanol, or ethanol)} Citation: J. Chem. Thermodyn.,2011,43, 997-1010,,,,
295.65,788.03,2,Liquid-Gas,Experimental,NIST,Authors: Blanco, A.;Gayol, A.;Gomez, D.;Navaza, J. M. Title: Temperature dependence of  thermophysical properties of ethanol +  n-hexane + n-heptane Citation: Phys. Chem. Liq.,2013,51, 381-403,,,,,,,
297.9944,785.09,0.28,Liquid-Gas,Experimental,NIST,Authors: Krestov, G. A.;Safonova, L. P.;Kolker, A. M.;Katkov, V. F. Title: Partial Molar Volumes of Ions in Ethanol from 233 to 313K Citation: J. Solution Chem.,1988,17, 569-580,,,,,,,
298,785.1,0.5,Liquid-Gas,Experimental,NIST,Authors: Lachwa, J.;Morgado, P.;Esperanca, J. M. S. S.;Guedes, H. J. R.;Lopes, J. N. C.;Rebelo, L. P. N. Title: Fluid-Phase Behavior of {1-Hexyl-3-methylimidazolium Bis(trifluoromethylsulfonyl) Imide, [C6mim][NTf2], + C2-C8 n-Alcohol} Mixtures: Liquid-Liquid Equilibrium and Excess Volumes Citation: J. Chem. Eng. Data,2006,51, 2215-2221,,,
298,785.4,0.3,Liquid-Gas,Experimental,NIST,Authors: Rodriguez, M.;Galan, M.;Munoz, M. J.;Martin, R. Title: Viscosity of triglycerides + alcohols from 278 to 313 K Citation: J. Chem. Eng. Data,1994,39, 102-105,,,,,,,
298.08602,784.3,4.5,Liquid-Gas,Experimental,NIST,Authors: Oakeson, G. O.;Weber, J. H. Title: Vapor-Liquid Equilibria at Subatmospheric Pressure. Ternary System Ethyl Alcohol-Benzene-n-Heptane Citation: J. Chem. Eng. Data,1960,5,279,,,,,,,,,
298.08602,785.1,0.8,Liquid-Gas,Experimental,NIST,Authors: Pollak, P.;Cave, G. C. B. Title: Determination of the activity coefficients of methanol and ethanol in benzene solutions by gas chromatography Citation: Can. J. Chem.,1967,45, 3089-95,,,,,,,,,
298.09438,785.2,0.4,Liquid-Gas,Experimental,NIST,Authors: Nagata, I.;Ohta, T.;Takahashi, T. Title: Excess thermodynamic functions of methyl acetate + methanol and methyl acetate + ethanol systems Citation: J. Chem. Eng. Jpn.,1972,5, 227-31,,,,,,,,
298.09438,785.2,0.8,Liquid-Gas,Experimental,NIST,Authors: Paz Andrade, M. I.;Romani, L.;Gonzales, F. Title: Thermodynamic study of the interactions of alcohol + alcohol in binary mixtures Citation: An. Quim.,1974,70, 314-7,,,,,,,,
298.09438,785.11,0.43,Liquid-Gas,Experimental,NIST,Authors: Polak, J.;Lu, B. C.-Y. Title: Vapor-liquid equilibria of methyl propanoate + methanol and methyl propanoate + ethanol systems at 25 c Citation: J. Chem. Eng. Data,1972,17, 456-8,,,,,,,,,
298.09438,784.8,4.8,Liquid-Gas,Experimental,NIST,Authors: Van Zandijcke, F.;Verhoeye, F. Title: The vapor-liquid equilibrium of ternary systems with limited miscibility at atmospheric pressure Citation: J. Appl. Chem. Biotechnol.,1974,24, 709-29,,,,,,,,,
298.1,785.6,3.5,Liquid-Gas,Experimental,NIST,Authors: Pal, A.;Kumar, H. Title: Excess Molar Volumes and Partial Molar Volumes of Dipropylene Glycol Monomethyl Ether + n-Alkanol Mixtures at 25 C Citation: J. Solution Chem.,2001,30, 411-423,,,,,,,,,
298.136,785,1,Liquid-Gas,Experimental,NIST,Authors: Amer, H. H.;Paxton, R. R.;Van Winkle, M. Title: Methanol-Ethanol-Acetone Vapor-Liquid Equilibria Citation: Ind. Eng. Chem.,1956,48, 142-146,,,,,,,,
298.136,785.088,0.2,Liquid-Gas,Experimental,NIST,Authors: Andrew, L. W. Citation: J. Am. Chem. Soc.,1908,30,353,,,,,,,,,,
298.136,785.01,0,Liquid-Gas,Experimental,NIST,Authors: Beattie, J. A.;Lawrence, C. K. Title: The Thermodynamic Properties of Ammonia. I. The Compressibility of and an Equation of State for Gasseous Ammonia ammonia Citation: J. Am. Chem. Soc.,1930,52,6,,,,,,,,,
298.136,785.11,4.55,Liquid-Gas,Experimental,NIST,Authors: Brown, I.;Smith, F. Title: Liquid-vapour equilibria. IV. the system ethanol+benzene at 45 deg C. Citation: Aust. J. Chem.,1954,7,264,,,,,,,,,
298.136,785.1,4.5,Liquid-Gas,Experimental,NIST,Authors: Larson, R. G.;Hunt, H. Title: Molecular Forces and Solvent Power Citation: J. Phys. Chem.,1939,43,417,,,,,,,,,
298.136,785.1,0,Liquid-Gas,Experimental,NIST,Authors: Meyers, C. H.;Jessup, R. S. Title: The specific volume of superheated ammonia vapor Citation: Refrig. Eng.,1925,11, 345-50,,,,,,,,,
298.136,785.08,0.3,Liquid-Gas,Experimental,NIST,Authors: Moesveld, A. L. Th. Title: Piezochemical studies: xxii the compressibility of alcohol + water mixtures Citation: Z. Phys. Chem., Stoechiom. Verwandschaftsl.,1923,105, 450-4,,,,,,,,,
298.14437,785.5,0.8,Liquid-Gas,Experimental,NIST,Authors: Kato, M.;Tanaka, H. Title: Ebulliometric Measurement of Vapor-Liquid Equilibria for Four Binary Systems: Methanol + Silicon Tetramethoxide, Methanol + Silicon Tetraethoxide, Ethanol + Silicon Tetramethoxide and Ethanol + Silic Citation: J. Chem. Eng. Data,1989,34, 206-209,,,,,,,
298.14437,785.5,2,Liquid-Gas,Experimental,NIST,Authors: Konobeev, B. I.;Lyapin, V. V. Title: Density, Viscosity, and Surface Tension Data on Certain Binary Systems Citation: Zh. Prikl. Khim. (Leningrad),1970,43, 803-810,,,,,,,
298.14437,785.08,0.73,Liquid-Gas,Experimental,NIST,Authors: Marsh, K. N.;Richards, A. E. Title: Excess Volumes for Ethanol + Water Mixtures at 10-K Intervals from 278.15 to 338.15 K Citation: Aust. J. Chem.,1980,33, 2121-32,,,,,,,,,
298.14437,785,0.4,Liquid-Gas,Experimental,NIST,Authors: Nagata, I. Title: Vapor-Liquid Equilibrium in Ternary Mixtures Formed by Ethanol, Aceonitrile and Benzene Citation: Fluid Phase Equilib.,1985,19, 13-20,,,,,,,,,
298.14437,785.2,0.2,Liquid-Gas,Experimental,NIST,Authors: Ortega, J. Title: Densities and Refractive Indices of Pure Alcohols as a Function of Temperature Citation: J. Chem. Eng. Data,1982,27, 312-7,,,,,,,,,,
298.14437,784.971,0.415,Liquid-Gas,Experimental,NIST,Authors: Sakurai, M.;Nakagawa, T. Title: Densities of Dilute Solutions of Water in n-Alkanols at 278.15, 198.15 308.15, and 318.15 K. Partial Molar Volumes of Water in n-Alkanols Citation: J. Chem. Thermodyn.,1984,16,171,,,,,,,
298.14437,785.07,0.2,Liquid-Gas,Experimental,NIST,Authors: Singh, J.;Benson, G. C. Title: Measurement of the vapor pressure of methanol-n-decanol and ethanol-n-decanol mixtures Citation: Can. J. Chem.,1968,46, 1249-1254,,,,,,,,,
298.15,785.5,0.4,Liquid-Gas,Experimental,NIST,Authors: Aminabhavi, T. M.;Patil, V. B. Title: Density, Viscosity, and Speed of Sound in Binary Mixtures of 1-Chloronaphthalene with Methanol, Ethanol, Propan-1-ol, Butan-1-ol, Pentan-1-ol, and Hexan-1-ol in the Temperature Range (298.15-308.15) K Citation: J. Chem. Eng. Data,1998,43, 504-508,,
298.15,785.9,0.2,Liquid-Gas,Experimental,NIST,Authors: Aranda, N. M.;Gonzalez, B. Title: Cation effect of ammonium imide based ionic liquids in alcohols extraction from alcohol-alkane azeotropic mixtures Citation: J. Chem. Thermodyn.,2014,68, 32-39,,,,,,,,,
298.15,785.1,0.5,Liquid-Gas,Experimental,NIST,Authors: Arce, A.;Blanco, A.;Soto, A.;Tojo, J. Title: Isobaric Vapor-Liquid Equilibria of Methanol + 1-Octanol and Ethanol + 1- Octanol Mixtures Citation: J. Chem. Eng. Data,1995,40, 1011-14,,,,,,,
298.15,785.22,20,Liquid-Gas,Experimental,NIST,Authors: Arce, A.;Martinez-Ageitos, J.;Rodriguez, O.;Soto, A. Title: (Liquid + liquid) equilibria of (tert-amyl ethyl ether + ethanol + water) at several temperatures Citation: J. Chem. Thermodyn.,2001,33, 139-146,,,,,,,
298.15,785.22,0.31,Liquid-Gas,Experimental,NIST,Authors: Arce, A.;Rodriquez, H.;Soto, A. Title: Use of a green and cheap ionic liquid to purify gasoline octane boosters Citation: Green Chem.,2007,9, 247-253,,,,,,,,
298.15,785.04,0.25,Liquid-Gas,Experimental,NIST,Authors: Aucejo, A.;Loras, S.;Munoz, R.;Ordonez, L. M. Title: Isobaric vapor-liquid equilibrium for binary and ternary mixtures of ethanol + 2-methyl-2-propanol and 2-methylpentane + ethanol + 2-methyl-2-propanol. Citation: Fluid Phase Equilib.,1999,162, 241-252,,,,,,,
298.15,785.24,0.13,Liquid-Gas,Experimental,NIST,Authors: Bahadur, I.;Deenadayalu, N.;Naidoo, P.;Ramjugernath, D. Title: Volumetric, Acoustic and Refractive Index for the Binary System (Butyric acid + Hexanoic acid) at Different Temperatures Citation: J. Solution Chem.,2014,43, 787-803,,,,,,
298.15,784.83,0.61,Liquid-Gas,Experimental,NIST,Authors: Blanco, S. T.;Embid, J. M.;Otin, S. Title: Excess volumes of (2,2,4-trimethylpentane + methanol or ethanol or propan-2-ol or di-1-methylethyl ether or 1,1-dimethylethyl methyl ether) and of (methanol or ethanol or propan-2-ol + di-1-methylethyl ether or 1,1-dimethylethyl methyl ether) at the temperature 298.15 K Citation: J. Chem. Thermodyn.,1994,26, 23-28,,,,
298.15,785.339,0.129,Liquid-Gas,Experimental,NIST,Authors: Cao, Q.;Lu, X.;Wu, X.;Guo, Y.;Xu, L.;Fang, W. Title: Density, Viscosity, and Conductivity of Binary Mixtures of the Ionic Liquid N-(2-Hydroxyethyl)piperazinium Propionate with Water, Methanol, or Ethanol Citation: J. Chem. Eng. Data,2015,60, 455-463,
298.15,785.06,0.6,Liquid-Gas,Experimental,NIST,Authors: Chen, S.;Lei, Q.;Fang, W. Title: Viscosities and densities for binary mixtures of N-methylpiperazine with methanol, ethanol, n-propanol, iso-propanol, n-butanol and iso-butanol at 293.15, 298.15 and 303.15K Citation: Fluid Phase Equilib.,2005,234, 22-33,,,
298.15,785.4,0.16,Liquid-Gas,Experimental,NIST,Authors: Conti, G.;Gianni, P.;Lepori, L.;Matteoli, E. Title: Excess enthalpies and excess heat capacities of the ternary system ethanol + N,N-dimethyl-formamide + cyclohexane at 298.15 K Citation: Fluid Phase Equilib.,1995,105, 93-107,,,,,,
298.15,785.17,1.39,Liquid-Gas,Experimental,NIST,Authors: Domanska, U.;Laskowska, M. Title: Temperature and Composition Dependence of the Density and Viscosity of Binary Mixtures of {1-Butyl-3-methylimidazolium Thiocyanate + 1-Alcohols} Citation: J. Chem. Eng. Data,2009,54, 2113-2119,,,,,,,,,
298.15,784.94,0.23,Liquid-Gas,Experimental,NIST,Authors: Falcon, J.;Ortega, J.;Gonzalez, E. Title: Densities and Vapor-Liquid Equilibria in Binary Mixtures Formed by Propyl Methanoate + Ethanol, +Propan-1-ol, and +Butan-1-ol at 160.0 kPa Citation: J. Chem. Eng. Data,1996,41, 859-864,,,,,,
298.15,785.07,1.01,Liquid-Gas,Experimental,NIST,Authors: Florido, P. M.;Andrade, I. M. G.;Capellini, M. C.;Carvalho, F. H.;Aracava, K. K.;Koshima, C. C.;Rodrigues, C. E. C.;Goncalves, C. B. Title: Viscosities and densities of systems involved in the deterpenation of essential oils by liquid-liquid extraction: New UNIFAC-VISCO parameters Citation: J. Chem. Thermodyn.,2014,72, 152-160,,,
298.15,784.94,0.43,Liquid-Gas,Experimental,NIST,Authors: Galvan, S.;Ortega, J.;Susial, P.;Pena, J. A. Title: Isobaric vapor-liquid equilibria for propyl methanoate + (n-alkanes, C7, C8 , C9) or n-alkanols (C2, C3, C4) Citation: J. Chem. Eng. Jpn.,1994,27, 529-34,,
298.15,785.08,0.24,Liquid-Gas,Experimental,NIST,Authors: Herraez, J. V.;Belda, R. Title: Refractive Indices, Densities and Excess Molar Volumes of Monoalcohols + Water Citation: J. Solution Chem.,2006,35, 1315-1328,,,,,,,,
298.15,785.7,0.9,Liquid-Gas,Experimental,NIST,Authors: Hou, C.;Jiang, Z.;Ren, B. Title: Density and Viscosity of Clopidogrel Hydrogen Sulfate + Methanol and Clopidogrel Hydrogen Sulfate + Ethanol from (278.15 to 313.15) K Citation: J. Chem. Eng. Data,2010,55, 4943-4945,,,,,,,,
298.15,785.3,0.7,Liquid-Gas,Experimental,NIST,Authors: Kim, K. -J.;Lee, C.-H.;Ryu, S.-K. Title: Solubility of Thiourea in C1 to C6 1-Alcohols Citation: J. Chem. Eng. Data,1994,39, 228-230,,,,,,,,
298.15,785.1,0.6,Liquid-Gas,Experimental,NIST,Authors: Kodama, D.;Shinobu, Y.;Miyakoshi, Y.;Kato, M. Title: Vapor-Liquid Equilibria for Ethanol + Limonene and 1-Propanol + Limonene Citation: Netsu Bussei,2003,17, 266-269,,,,,,,
298.15,785.6,0.3,Liquid-Gas,Experimental,NIST,Authors: Letcher, T. M.;Naicker, P. K. Title: Excess molar enthalpies and excess molar volumes of (an alkanol + a nitrile compound) at T = 298.15 K and p = 0.1 MPa Citation: J. Chem. Thermodyn.,2001,33, 1035-1047,,,,,,,,,
298.15,784.96,0.04,Liquid-Gas,Experimental,NIST,Authors: Liu, D.;Li, H.;Deng, D.;Han, S.-J. Title: Excess molar volume and apparent molar volume of binary mixtures of 2-methyl-3-buten-2-ol with 1-alcohol at 298.15K Citation: Chin. J. Chem. Eng.,2002,10, 5;454,,,,,,,
298.15,785.25,0.47,Liquid-Gas,Experimental,NIST,Authors: Lu, X.;Wu, D.;Ye, D.;Wang, Y.;Guo, Y.;Fang, W. Title: Densities and Viscosities of Binary Mixtures of 2-Ethyl-1,1,3,3- tetramethylguanidinium Ionic Liquids with Ethanol and 1-Propanol Citation: J. Chem. Eng. Data,2015,60, 2618-2628,,
298.15,785.05,0.16,Liquid-Gas,Experimental,NIST,Authors: Mejia, A.;Segura, H.;Cartes, M. Title: Vapor Liquid Equilibria and Interfacial Tensions of the System Ethanol + 2-Methoxy-2-methylbutane Citation: J. Chem. Eng. Data,2011,56, 3142-3148,,,,,,,,
298.15,785.91,3.67,Liquid-Gas,Experimental,NIST,Authors: Mutalik, V.;Manjeshwar, L. S.;Sairam, M.;Aminabhavi, T. M. Title: Thermodynamic interactions in binary mixtures of anisole with ethanol, propan-1-ol, propan-2-ol, butan-1-ol, pentan-1-ol, and 3-methylbutan-1-ol at T = (298.15,303.15, and 308.15) K Citation: J. Chem. Thermodyn.,2006,38, 1620-1628
298.15,785.12,0.92,Liquid-Gas,Experimental,NIST,Authors: Neyband, R. S.;Yousefi, A.;Zarei, H. Title: Experimental and Computational Thermodynamic Properties  of (Benzyl alcohol + Alkanols) Mixtures Citation: J. Chem. Eng. Data,2015,60, 2291-2300,,,,,,,,
298.15,785.33,0.12,Liquid-Gas,Experimental,NIST,Authors: Oh, J.-H.;Hwang, I.-C.;Park, S.-J. Title: Isothermal vapor liquid equilibrium at 333.15K and excess molar volumes and refractive indices at 298.15K for the mixtures of di-methyl carbonate, ethanol and 2,2,4-trimethylpentane Citation: Fluid Phase Equilib.,2009,276, 142-149,,,,,
298.15,784.96,0.41,Liquid-Gas,Experimental,NIST,Authors: Ortega, J.;Galvan, S. Title: Vapor-Liquid Equilibria of Propyl Propanoate with 1-Alkanols at 101.32 kPa of Pressure Citation: J. Chem. Eng. Data,1994,39, 907-910,,,,,,,,,
298.15,785.2,0.3,Liquid-Gas,Experimental,NIST,Authors: Papaioannou, D.;Panayioton, C. Title: Viscosity of Binary Mixtures of Propylamine with Alkanols at Moderately High Pressures Citation: J. Chem. Eng. Data,1995,40, 202-9,,,,,,,,,
298.15,785.07,1.25,Liquid-Gas,Experimental,NIST,Authors: Papanastasiou, G. E.;Ziogas, I. I. Title: Physical Behavior of Some Reaction Media. Density, Viscosity, Dielectric Constant, and Refractive Index Changes of Ethanol-Cyclohexane Mixtures at Several Temperatures Citation: J. Chem. Eng. Data,1991,36, 46-51,,,,,,
298.15,785.49,0.22,Liquid-Gas,Experimental,NIST,Authors: Peng, I.-H.;Tu, C. -H. Title: Densities and Viscosities of Acetone, Diisopropyl Ether, Ethanol, and Methyl Ethyl Ketone with a Five-Component Hydrocarbon Mixture from 288.15 K to 308.15 K Citation: J. Chem. Eng. Data,2002,47, 1457-61,,,,,,
298.15,784.93,0.15,Liquid-Gas,Experimental,NIST,Authors: Pettenati, C.;Alessi, P.;Fermeglia, M.;Kikic, I. Title: Excess volumes of binary mixtures containing morpholine Citation: Thermochim. Acta,1990,162, 203-12,,,,,,,
298.15,785.41,0.15,Liquid-Gas,Experimental,NIST,Authors: Qian, W.;Xu, Y. J.;Zhu, H.;Yu, C. Title: Properties of pure 1-methylimidazolium acetate ionic liquid and its binary mixtures with alcohols Citation: J. Chem. Thermodyn.,2012,49, 87-94,,,,,,,
298.15,785.36,0.23,Liquid-Gas,Experimental,NIST,Authors: Resa, J. M.;Gonzalez, C.;Goenaga, J. M. Title: Density, Refractive Index, Speed of Sound at 298.15 K, and Vapor-Liquid Equilibria at 101.3 kPa for Binary Mixtures of Methanol + 2-Methyl-1-butanol and Ethanol + 2-Methyl-1-butanol Citation: J. Chem. Eng. Data,2005,50, 1570-1575,,,,,
298.15,785.2,0.4,Liquid-Gas,Experimental,NIST,Authors: Ritzoulis, G.;Fidantsi, A. Title: Relative Permittivities, Refractive Indices, and Densities for the Binary Mixtures N,N'-Dimethylacetamide with Methanol, Ethanol, 1-Butanol, and 2-Propanol at 298.15 K Citation: J. Chem. Eng. Data,2000,45, 207-209,,,
298.15,785.04,0.5,Liquid-Gas,Experimental,NIST,Authors: Sanchez-Russinyol, M. d. C.;Aucejo, A.;Loras, S. Title: Isobaric vapor liquid equilibrium for ternary mixtures of ethanol and methylcyclohexane with 3-methylpentane and tert-butyl alcohol at 101.3 kPa Citation: Fluid Phase Equilib.,2007,261, 104-110,,,,,,,,
298.15,784.92,0.24,Liquid-Gas,Experimental,NIST,Authors: Sen, D.;Kim, M.-G. Title: Excess molar volumes and molar enthalpies in the binary mixtures of {x1CH3CHClCH2Cl+x2CH3(CH2)n-1OH} (n=1 to 4) at T=298.15K Citation: Korean J. Chem. Eng.,2009,26, 806-811,,,,,,,,,
298.15,785.08,0.12,Liquid-Gas,Experimental,NIST,Authors: Tanaka, R.;Toyama, S. Title: Excess Molar Volumes and Excess Molar Heat Capacities for Binary Mixtures of Ethanol with Chlorocyclohexane, 1-Nitropropane, Dibutyl Ether, and Ethyl Acetate at the Temperature of 298.15 K Citation: J. Chem. Eng. Data,1996,41, 1455-1458,,,,,,
298.15,785.1,0.42,Liquid-Gas,Experimental,NIST,Authors: Uosaki, Y.;Hamaguchi, T.;Moriyoshi, T. Title: Excess molar volumes of (3-methyl-2-oxazolidinone + an alkan-1-ol) at 298.15 K, 313.15 K, and 328.15 K Citation: Fluid Phase Equilib.,1997,136, 299-306,,,,,,
298.15,785.1,0.2,Liquid-Gas,Experimental,NIST,Authors: Xiao, L.;Wang, Q.-l.;Wang, H.-x.;Qiu, T. Title: Isobaric vapor-liquid equilibrium data for the binary system methyl acetate + isopropyl acetate and the quaternary system methyl acetate + methanol + isopropanol + isopropyl acetate at 101.3 kPa Citation: Fluid Phase Equilib.,2013,344, 79-83,,,,,,,
298.15,785,0.6,Liquid-Gas,Experimental,NIST,Authors: Yadav, S. S.;Pande, R.;Khare, D.;Tripathi, M. Title: Volumetric and steric properties of hydroxamic acids in ethanol  at different temperatures Citation: J. Chem. Thermodyn.,2012,54, 76-82,,,,,,,
298.15,785.18,0.24,Liquid-Gas,Experimental,NIST,Authors: Zarei, H. A.;Jalili, F.;Assadi, S. Title: Temperature Dependence of the Volumetric Properties of Binary and Ternary Mixtures of Water (1) + Methanol (2) + Ethanol (3) at Ambient Pressure (81.5 kPa) Citation: J. Chem. Eng. Data,2007,52, 2517-2526,,,,,,,,
298.15,785.15,0.12,Liquid-Gas,Experimental,NIST,Authors: Zarei, H. A. Title: Excess Molar Enthalpies of Benzyl Alcohol + Alkanols (C1-C6) and Their Correlations at 298.15 K and Ambient Pressure Citation: J. Chem. Eng. Data,2010,55, 4021-4024,,,,,,,,,,
298.15,785.57,2,Liquid-Gas,Experimental,NIST,Authors: Zhang, Z.;Zhou, Q.;Lu, X.;Qiao, C.;Zhang, S. Title: Densities and Viscosities of Binary Mixtures Containing 1,3-Dimethylimidazolium Dimethylphosphate and Alcohols Citation: J. Chem. Eng. Data,2014,59, 2377-2388,,,,,
300.1352,783.42,0.81,Liquid-Gas,Experimental,NIST,Authors: Scatchard, G.;Satkiewicz, F. G. Title: Vapor-liquid equilibrium. XII. The system ethanol-cyclohexane from 5 to 65 degrees Citation: J. Am. Chem. Soc.,1964,86, 130-3,,,,,,,,,
303.134,781.536,0.667,Liquid-Gas,Experimental,NIST,Authors: Gartenmeister, R. Title: The Viscosity of Liquid Carbon Compounds and its Relationship to Chemical Consitution Citation: Z. Phys. Chem., Stoechiom. Verwandschaftsl.,1890,6,524,,,,,,,,,
303.134,780.9,0.3,Liquid-Gas,Experimental,NIST,Authors: Weissler, A. Title: Ultrasonic investigation of molecular properties of liquids: II the alcohols Citation: J. Am. Chem. Soc.,1948,70,1634,,,,,,,,,,
303.143055,780.7,0.5,Liquid-Gas,Experimental,NIST,Authors: Khimenko, M. T.;Aleksandrov, V. V.;Gritsenko, N. N. Title: Polarizabilities and Molecular Radii of Some Pure Liquids Citation: Zh. Fiz. Khim.,1973,47,2914,,,,,,,,
303.15,781.8,0.9,Liquid-Gas,Experimental,NIST,Authors: Ali, A.;Nain, A. K.;Kamil, M. Title: Physical-chemical studies of nonaqueous binary liquid mixtures at various temperatures Citation: Thermochim. Acta,1996,274, 209-21,,,,,,,,
303.15,781.59,0.24,Liquid-Gas,Experimental,NIST,Authors: Blanco, A.;Gayol, A.;Gomez, D.;Navaza, J. M. Title: Refractive indices, excess molar volumes and isentropic compressibilities of the mixture of ethanol + n-hexane + n-nonane in function of the temperature Citation: Phys. Chem. Liq.,2013,51, 233-246,,,,,,
303.15,780.69,0.37,Liquid-Gas,Experimental,NIST,Authors: Dalai, B.;Dash, S. K.;Singh, S. K.;Swain, B. B. Title: 1H NMR and acoustic response of binary mixtures of an organophosphorous extractant with 1-alkanols (C1 C4, C8) Citation: J. Mol. Liq.,2015,208, 151-159,,,,,,
303.15,780.73,4.84,Liquid-Gas,Experimental,NIST,Authors: Djojoputro, H.;Ismadji, S. Title: Density and Viscosity for a Binary Mixture of cis-3-Hexenyl Formate, Butyl Acetate, trans-2-Hexenyl Acetate, and cis-3-Hexenyl Acetate with Ethanol at Several Temperatures Citation: J. Chem. Eng. Data,2005,50, 1009-1013,,,,,,
303.15,781.302,0.152,Liquid-Gas,Experimental,NIST,Authors: Garcia-Mardones, M.;Barros, A.;Bandres, I.;Artigas, H.;Lafuente, C. Title: Thermodynamic properties of binary mixtures combining two pyridinium-based ionic liquids and two alkanols Citation: J. Chem. Thermodyn.,2012,51, 17-24,,,,,,
303.15,781,0.2,Liquid-Gas,Experimental,NIST,Authors: Garcia-Miaja, G.;Troncoso, J.;Romani, L. Title: Excess properties for binary systems ionic liquid + ethanol: Experimental results and theoretical description using the ERAS model Citation: Fluid Phase Equilib.,2008,274, 59-67,,,,,,,,
303.15,781.15,0.47,Liquid-Gas,Experimental,NIST,Authors: Gonzalez, B.;Calvar, N.;Dominguez, A.;Tojo, J, Title: Dynamic viscosities of binary mixtures of cycloalkanes with primary alcohols at T = (293.15,298.15, and 303.15) K: New UNIFAC-VISCO interaction parameters Citation: J. Chem. Thermodyn.,2007,39, 322-334,,,,
303.15,781.333,0.239,Liquid-Gas,Experimental,NIST,Authors: Keshapolla, D.;Singh, V.;Gupta, A.;Gardas, R. L. Title: Apparent molar properties of benzyldimethylammonium based protic ionic liquids in water and ethanol at different temperatures Citation: Fluid Phase Equilib.,2015,385, 92-104,,,,,,,
303.15,780.63,0.45,Liquid-Gas,Experimental,NIST,Authors: Matkowska, D.;Golden, A.;Hofman, T. Title: Densities, Excess Volumes, Isobaric Expansivities, and Isothermal Compressibilities of the 1-Ethyl-3-methylimidazolium Ethylsulfate + Ethanol System at Temperatures (283.15 to 343.15) K and Pressures from (0.1 to 35) MPa Citation: J. Chem. Eng. Data,2010,55, 685-693,,,,,
303.15,780.6,0.8,Liquid-Gas,Experimental,NIST,Authors: Nikam, P. S.;Jagdale, B. S.;Sawant, A. B.;Hasan, M. Title: Densities and viscosities of binary mixtures of toluene with methanol, ethanol, propan-1-ol, butan-1-ol, pentan-1-ol, and 2-methylpropan-2-ol at (303.15,308.15, 313.15) K Citation: J. Chem. Eng. Data,2000,45, 559-563
303.15,781.31,0.5,Liquid-Gas,Experimental,NIST,Authors: Yang, C.;Sun, Y.;He, Y.;Ma, P. Title: Volumetric Properties and Viscosities of Binary Mixtures of N,N-Dimethylformamide with Methanol and Ethanol in the Temperature Range (293.15 to 333.15) K Citation: J. Chem. Eng. Data,2008,53, 293-297,,,,,,
303.15,780.98,0.16,Liquid-Gas,Experimental,NIST,Authors: Zhu, C.;Han, S.;Liu, J.;Ma, Y. Title: Densities and Viscosities of Diaminotoluene with Water, Ethanol, Propan-1-ol, and Butan-1-ol from (293.15 to 333.15) K Citation: J. Chem. Eng. Data,2014,59, 880-889,,,,
303.15,780.5,0.4,Liquid-Gas,Experimental,NIST,Authors: Zielkiewicz, J. Title: Excess Molar Volumes and Excess Gibbs Energies in N-Methylformamide + Water, or + Methanol, or + Ethanol at the Temperature 303.15 K Citation: J. Chem. Eng. Data,1998,43, 650-652,,,,,,,,
303.17,781.05,0.48,Liquid-Gas,Experimental,NIST,Authors: Dzida, M.;Marczak, W. Title: Thermodynamic and acoustic properties of binary mixtures of alcohols and alkanes. II. Density and heat capacity of (ethanol + n-heptane) under elevated pressures Citation: J. Chem. Thermodyn.,2005,37, 826-836,,,,,,,,,
308.15,776.41,0.17,Liquid-Gas,Experimental,NIST,Authors: Bigi, A.;Comelli, F. Title: Excess molar enthalpies of binary mixtures containing ethylene glycols or poly(ethylene glycols) + ethyl alcohol at 308.15K and atmospheric pressure Citation: Thermochim. Acta,2005,430, 191-195,,,,,,,,,
308.15,776.6,1,Liquid-Gas,Experimental,NIST,Authors: Chen, H.-W.;Wen, C.-C.;Tu, C. -H. Title: Excess Molar Volumes, Viscosities, and Refractive Indexes for Binary Mixtures of 1-Chlorobutane with Four Alcohols at T = (288.15, 298.15 and 308.15) K Citation: J. Chem. Eng. Data,2004,49, 347-351,,,,,
308.15,776.81,0.15,Liquid-Gas,Experimental,NIST,Authors: Gonzalez, B.;Gonzalez, E. J. Title: Physical properties of the pure 1-methyl-1-propylpyrrolidinium bis(trifluoromethylsulfonyl)imide ionic liquid and its binary mixtures with alcohols Citation: J. Chem. Thermodyn.,2014,68, 109-116,,,,,,,,,
308.15,776.35,0.12,Liquid-Gas,Experimental,NIST,Authors: Ivanov, E. V. Title: Volumetric properties of dilute solutions of water in ethanol and water-d2 in ethanol-d1 between T = (278.15 and 318.15) K Citation: J. Chem. Thermodyn.,2012,47, 162-170,,,,,,,,,,
308.15,776.6,0.6,Liquid-Gas,Experimental,NIST,Authors: Ku, S.-C.;Peng, I.-H.;Tu, C. -H. Title: Density and Viscosity of Mixtures of Alkoxypropanols with Ethanol at T = (298.15,308.15, and 318.15) K Citation: J. Chem. Eng. Data,2001,46, 1392-1398,,,,,,
308.15,776.51,0.318,Liquid-Gas,Experimental,NIST,Authors: Serbanovic, S. P.;Kijevcanin, M. L.;Radovic, I. R.;Djordjevic, B. D. Title: Effect of temperature on the excess molar volumes of some alcohol + aromatic mixtures and modelling by cubic EOS mixing rules Citation: Fluid Phase Equilib.,2006,239, 69-82,,,,,,,
308.15,776.31,0.24,Liquid-Gas,Experimental,NIST,Authors: Sheu, Y.-W.;Tu, C. -H. Title: Densities and Viscosities of Binary Mixtures of Isoamyl Acetate, Ethyl Caproate, Ethyl Benzoate, Isoamyl Butyrate, Ethyl Phenylacetate, and Ethyl Caprylate with Ethanol at T = (288.15,298.15,308.15, and 318.15) K Citation: J. Chem. Eng. Data,2006,51, 496-503,
308.15,776.5,0.8,Liquid-Gas,Experimental,NIST,Authors: Wang, Y.;Lian, H.-L.;Luo, T.-L.;Liu, G.-J. Title: Densities and Viscosities of (1,6-Hexanediamine + Ethanol) and (1,6-Hexanediamine + Ethanol + Water) Mixtures at T ) (303.15 to 328.15) K Citation: J. Chem. Eng. Data,2009,54, 1158-1162,,,,,
308.15,776.5,0.3,Liquid-Gas,Experimental,NIST,Authors: Ye, J.-D.;Tu, C. -H. Title: Densities and Viscosities for Binary and Ternary Mixtures of Diisopropyl Ether, Ethanol, and Methylcyclohexane Citation: J. Chem. Eng. Data,2005,50, 1060-1067,,,,,,,
310.65,775.05,0.25,Liquid-Gas,Experimental,NIST,Authors: Blanco, A.;Gayol, A.;Gomez-Diaz, D.;Navaza, J. M. Title: Thermophysical properties of the ternary mixture ethanol + n-hexane + n-octane in function of the temperature Citation: Phys. Chem. Liq.,2012,50, 798-811,,,,,,,
310.65,775.05,0.24,Liquid-Gas,Experimental,NIST,Authors: Gayol, A.;Iglesias, M.;Goenaga, J. M.;Concha, R. G.;Resa, J. M. Title: Temperature influence on solution properties of ethanol + n-alkane mixtures Citation: J. Mol. Liq.,2007,135, 105-114,,,,,,
313.13,772.22,0.4,Liquid-Gas,Experimental,NIST,Authors: De Lattre, G. Title: Density and refractive index of solutions Citation: J. Chim. Phys. Phys.-Chim. Biol.,1927,24,289,,,,,,,,,,
313.140055,772.4,1.5,Liquid-Gas,Experimental,NIST,Authors: Fukuchi, K.;Ogiwara, K.;Tashima, Y.;Yonezawa, S. Title: Measurement and Correlation of Densities for Liquids and Their Mixt. Citation: Ube Kogyo Koto Senmon Gakko Kenkyu Hokoku,1983,29,93,,,,,,,
313.15,772.64,0.24,Liquid-Gas,Experimental,NIST,Authors: Bendiaf, L.;Bahadur, I.;Negadi, A.;Naidoo, P.;Ramjugernath, D.;Negadi, L. Title: Effects of alkyl group and temperature on the interactions between furfural and alcohol: Insight from density and sound velocity studies Citation: Thermochim. Acta,2015,599, 13-22,,,,,
313.15,772,1,Liquid-Gas,Experimental,NIST,Authors: Gomez, E.;Gonzalez, B.;Calvar, N.;Tojo, E.;Dominguez, A. Title: Physical Properties of Pure 1-Ethyl-3-methylimidazolium Ethylsulfate and Its Binary Mixtures with Ethanol and Water at Several Temperatures Citation: J. Chem. Eng. Data,2006,51, 2096-2102,,,,,,
313.15,772.77,0.13,Liquid-Gas,Experimental,NIST,Authors: Gong, Y.-h.;Shen, C.;Lu, Y.-Z.;Meng, H.;Li, C.-X. Title: Viscosity and density measurement for six binary  mixtures of water (methanol or ethanol) with an ionic  liquid [BMIM][DMP] or [EMIM][DMP] at atmospheric  pressure in the temperature range of (293.15 to 333.15) K Citation: J. Chem. Eng. Data,2012,57, 33-39,,,,,,
313.15,769.469918334,10.1252283636,Liquid-Gas,Experimental,NIST,Authors: Han, C.;Xia, S.;Ma, P.;Zeng, F. Title: Densities of Ionic Liquid [BMIM][BF4] + Ethanol, + Benzene, and + Acetonitrile at Different Temperature and Pressure Citation: J. Chem. Eng. Data,2009,54, 2971-2977 (Derived),,,,,
313.15,771.8,0.6,Liquid-Gas,Experimental,NIST,Authors: Kumagai, A.;Yokoyama, C. Title: Liquid Viscosity of Binary Mixtures of Methanol with Ethanol and 1-Propanol from 273.15 to 333.15 K Citation: Int. J. Thermophys.,1998,19, 3-13,,,,,,,,,
313.15,771.83,0.23,Liquid-Gas,Experimental,NIST,Authors: Oswal, S. L.;Desai, H. S. Title: Studies of viscosity and excess molar volume of binary mixtures 3. 1-alkanol + di-n-propylamine, and + di-n-butylamine mixtures at 303.15 and 313.15 K Citation: Fluid Phase Equilib.,2001,186, 81-102,,,,,,,,
313.15,772.101,0.18,Liquid-Gas,Experimental,NIST,Authors: Sommer, D.;Kleinrahm, R.;Span, R.;Wagner, W. Title: Measurement and correlation of the (p, rho, T) relation of liquid cyclohexane, toluene, and ethanol in the temperature range from 233.15 K to 473.15 K at pressures up to 30 MPa for use as density reference liquids Citation: J. Chem. Thermodyn.,2010,43, 117-132,,,
318.15,767.9,1,Liquid-Gas,Experimental,NIST,Authors: Alvarez, E.;Cancela, A.;Maceiras, R.;Navaza, J. M.;Taboas, R. Title: Density, Viscosity, Excess Molar Volume, and Viscosity Deviation of Three Amyl Alcohols + Ethanol Binary Mixtures from 293.15 to 323.15 K Citation: J. Chem. Eng. Data,2006,51, 940-945,,,
318.15,767.62,0.15,Liquid-Gas,Experimental,NIST,Authors: Castro, M. C.;Rodriguez, H.;Arce, A.;Soto, A. Title: Mixtures of Ethanol and the Ionic Liquid 1-Ethyl-3- methylimidazolium Acetate for the Fractionated Solubility of Biopolymers of Lignocellulosic Biomass Citation: Ind. Eng. Chem. Res.,2014,53, 11850-11861,,,,,,,
318.15,767.65,0.63,Liquid-Gas,Experimental,NIST,Authors: Coquelet, C.;Valtz, A.;Richon, D.;de la Funete, J. C. Title: Volumetric properties of the boldine + alcohol mixtures at atmospheric pressure from 283.15 to 333.15K A new method for the determination of the density of pure boldine Citation: Fluid Phase Equilib.,2007,259,33,,,,,,,
318.15,768.482,30,Liquid-Gas,Experimental,NIST,Authors: Iglesias, M.;Torres, A.;Gonzalez-Olmos, R.;Salvatierra, D. Title: Effect of temperature on mixing thermodynamics of a new ionic liquid: {2-Hydroxy ethylammonium formate (2-HEAF) + short hydroxylic solvents} Citation: J. Chem. Thermodyn.,2008,40, 119-133,,,,,,,
318.15,767,0.4,Liquid-Gas,Experimental,NIST,Authors: Jiang, H.;Zhao, Y.;Wang, J.;Zhao, F.;Liu, R.;Hu, Y. Title: Density and surface tension of pure ionic liquid 1-butyl-3-methylimidazolium L-lactate and its binary mixture with alcohol and water Citation: J. Chem. Thermodyn.,2013,64, 1-13,,,,,
318.15,767.4,0.2,Liquid-Gas,Experimental,NIST,Authors: Mokhtarani, B.;Sharifi, A.;Mortaheb, H. R.;Mirzaei, M.;Mafi, M.;Sadeghian, F. Title: Density and viscosity of 1-butyl-3-methylimidazolium nitrate with ethanol, 1-propanol, or 1-butanol at several temperatures Citation: J. Chem. Thermodyn.,2009,41, 1432-1438,,,
318.15,768.48,0.16,Liquid-Gas,Experimental,NIST,Authors: Resa, J. M.;Goenaga, J. M.;Iglesias, M. Title: TEMPERATURE DEPENDENCE OF EXCESS MOLAR VOLUMES OF ETHANOL+WATER+1-PROPANOL Citation: J. Therm. Anal. Calorim.,2007,88, 549-555,,,,,,,,
319.988,765.83,0.16,Liquid-Gas,Experimental,NIST,Authors: Hales, J. L.;Ellender, J. H. Title: Liquid Densities from 293 to 490 K of Nine Aliphatic Alcohols Citation: J. Chem. Thermodyn.,1976,8, 1177-84,,,,,,,,,
320,766.11,0.84,Liquid-Gas,Experimental,NIST,Authors: Takiguchi, Y.;Uematsu, M. Title: Densities for Liquid Ethanol in the Temperature Range from 310 K to 480 K at Pressures up to 200 MPa Citation: J. Chem. Thermodyn.,1996,28, 7-16,,,,,,,,,
323.15,763.6,0.8,Liquid-Gas,Experimental,NIST,Authors: Kurnia, K. A.;Mutalib, M. I. A.;Murugesan, T.;Ariwahjoedi, B. Title: Physicochemical Properties of Binary Mixtures of the Protic Ionic Liquid Bis(2-hydroxyethyl)methylammonium Formate with Methanol, Ethanol, and 1-Propanol Citation: J. Solution Chem.,2011,40, 818-831,,,,,
328.15,758.55,1.51,Liquid-Gas,Experimental,NIST,Authors: Gonzalez, B.;Calvar, N.;Gomez, E.;Macedo, E. A.;Dominguez, A. Title: Synthesis and Physical Properties of 1-Ethyl 3-methylpyridinium Ethylsulfate and Its Binary Mixtures with Ethanol and Water at Several Temperatures Citation: J. Chem. Eng. Data,2008,53, 1824-1828,,,,,,
328.15,758.74,50,Liquid-Gas,Experimental,NIST,Authors: Matkowska, D.;Hofman, T. Title: Volumetric properties of the ionic liquids: [C6mim][MeSO4], [C6mim][EtSO4], [C4mim][EtSO4] and their mixtures with methanol or ethanol Citation: J. Mol. Liq.,2013,177, 301-305,,,,,,,
328.15,758.6,1,Liquid-Gas,Experimental,NIST,Authors: Torcal, M.;Teruel, M. I.;Garcia, J.;Urieta, J. S.;Mainar, A. M. Title: PpT Measurements of the (Ethanol + Linalool), (Propan-1-ol + Linalool), and (Propan-2-ol + Linalool) Mixtures: Cubic and Statistical Associating Fluid Theory-Based Equation of State Analyses Citation: J. Chem. Eng. Data,2010,55, 5332-5339,,,,
328.15,758.62,0.26,Liquid-Gas,Experimental,NIST,Authors: Vercher, E.;Orchilles, A. V.;Miguel, P. J.;Martinez-Andreu, A. Title: Volumetric and Ultrasonic Studies of 1-Ethyl-3-methylimidazolium Trifluoromethanesulfonate Ionic Liquid with Methanol, Ethanol, 1-Propanol, and Water at Several Temperatures Citation: J. Chem. Eng. Data,2007,52, 1468-1482,,,,
333.124,754.7,0.4,Liquid-Gas,Experimental,NIST,Authors: Smyth, C. P.;Stoops, W. N. Title: The Dielectric Polarization of Liquids VI. Ethyl Iodide, Ethanol, Normal-Butanol and Normal-Octanol Citation: J. Am. Chem. Soc.,1929,51,3312,,,,,,,
333.134,754.01,0.75,Liquid-Gas,Experimental,NIST,Authors: Takiguchi, Y.;Uematsu, M. Title: PVT measurements of liquid ethanol in the temperature range from 310 to 363 K at pressures up to 200 MPa Citation: Int. J. Thermophys.,1995,16, 205-214,,,,,,,,,
348.143,740.206,0.151,Liquid-Gas,Experimental,NIST,Authors: Yang, F.;Wang, X.;Liu, Z. Title: Densities and Excess Molar Volumes for Binary Mixtures of Diethanolamine with Water,  Methanol, Ethanol and Ternary Solutions of Diethanolamine + Water with Methanol, Ethanol at  Atmospheric Pressure from 278.15 to 353.15 K Citation: Thermochim. Acta,2012,533,01/09/26,,,,,
373.073994971,715.7,4,Liquid-Gas,Experimental,NIST,Authors: Young, S. Title: The Internal Heat of Vaporization constants of thirty pure substances Citation: Sci. Proc. R. Dublin Soc.,1910,12, 374-443,,,,,,,,,,
420,654.24,0.71,Liquid-Gas,Experimental,NIST,Authors: Takiguchi, Y.;Uematsu, M. Title: Densities for Liquid Ethanol in the Temperature Range from 310 K to 480 K at Pressures up to 200 MPa Citation: J. Chem. Thermodyn.,1996,28, 7-16,,,,,,,,,
433.138,632.9,0.6,Liquid-Gas,Experimental,NIST,Authors: Costello, J. M.;Bowden, S. T. Title: The Temperature Variation of Orthobaric Density Difference in Liquid-Vapor Systems III. Alcohols Citation: Recl. Trav. Chim. Pays-Bas,1958,77, 36-46,,,,,,,,,
502.874376537,455,1.5,Liquid-Gas,Experimental,NIST,Authors: Efremov, Yu. V. Title: Density, Surface Tension, Saturated Vapor Pressurs and Critical Parameters of Alcohols Citation: Zh. Fiz. Khim.,1966,40,1240,,,,,,,,
512.018016545,382.5,8.7,Liquid-Gas,Experimental,NIST,Authors: Young, S. Title: The Internal Heat of Vaporization constants of thirty pure substances Citation: Sci. Proc. R. Dublin Soc.,1910,12, 374-443,,,,,,,,,,
