Temperature ( K ),density ( kg/m 3 ),Uncertainty,Phase,Quality,Source,Set Label,,,,,,,,,,,,,,,,
201.11089,948.22,4.89,Liquid-Gas,Experimental,NIST,Authors: Rabe, D. Title: Experimental determination of dynamic viscosity and density of binary liquid mixtures of n-heptane with CO2, CH4, C2H6, C3H8 and of toluene with CH4 and C3H8 Citation: Dr.Eng. Thesis, Technical University Berlin, Berlin (1981),,,,,,,,,,
209.69565,944.65,1,Liquid-Gas,Experimental,NIST,Authors: Massart, L. Title: Methods and apparatus in use at the bureau of physical-chemical scales: ix experimental research on the variation of density as a function of the temperature for a series of ten hydrocarbons Citation: Bull. Soc. Chim. Belg.,1936,45,76,,,,,,,,,,,,
220.009,932,4.74,Liquid-Gas,Experimental,NIST,Authors: Rabe, D. Title: Experimental determination of dynamic viscosity and density of binary liquid mixtures of n-heptane with CO2, CH4, C2H6, C3H8 and of toluene with CH4 and C3H8 Citation: Dr.Eng. Thesis, Technical University Berlin, Berlin (1981),,,,,,,,,,
223.0896919,931.99,6.02,Liquid-Gas,Experimental,NIST,Authors: Muringer, M. J. P.;Trappeniers, N. J.;Biswas, S. N. Title: The effect of pressure on the sound velocity and density of toluene and n-heptane up to 2600 bar Citation: Phys. Chem. Liq.,1985,14, 273-296,,,,,,,,,,
225.90841,928.31,28.17,Liquid-Gas,Experimental,NIST,Authors: Rabe, D. Title: Experimental determination of dynamic viscosity and density of binary liquid mixtures of n-heptane with CO2, CH4, C2H6, C3H8 and of toluene with CH4 and C3H8 Citation: Dr.Eng. Thesis, Technical University Berlin, Berlin (1981),,,,,,,,,,
243.126,913.053,0.08,Liquid-Gas,Experimental,NIST,Authors: Anonymous, R. Title: Determination of the Density/temperature Relationship of Various Industrial Chemicals Citation: Report H&D Fitzgerald Ltd. to E. Yates, Chemical Cargo Inspection Assoc., Brussels Belgium,1992,,,,,,,,,,,,
248.32,908.84,2.75,Liquid-Gas,Experimental,NIST,Authors: Avelino, H. M. T.;Fareleira, J. M. N. A.;Wakeham, W. A. Title: Simultaneous Measurement of the Density and Viscosity of Compressed Liquid Toluene Citation: Int. J. Thermophys.,2003,24, 323-336,,,,,,,,,,
250.005,905.6,4.48,Liquid-Gas,Experimental,NIST,Authors: Rabe, D. Title: Experimental determination of dynamic viscosity and density of binary liquid mixtures of n-heptane with CO2, CH4, C2H6, C3H8 and of toluene with CH4 and C3H8 Citation: Dr.Eng. Thesis, Technical University Berlin, Berlin (1981),,,,,,,,,,
251.999,904.647873962,0.694666611715,Liquid-Gas,Experimental,NIST,Authors: Magee, J. W.;Bruno, T. J. Title: Isochoric (p,.rho.,T) Measurements for Liquid Toluene from 180 K to 400 K at Pressures to 35 MPa Citation: J. Chem. Eng. Data,1996,41, 900-905 (Derived),,,,,,,,,
252.06688,904.78,0.6,Liquid-Gas,Experimental,NIST,Authors: Mason, L. S.;Paxton, H. Title: Volume changes in the methyl alcohol + toluene system Citation: J. Am. Chem. Soc.,1939,61, 67-9,,,,,,,,,,,
253.56568,903.68,1.4,Liquid-Gas,Experimental,NIST,Authors: Tonomura, T.;Uehara, K. Title: Densities of allyl alcohol, methyl-ethyl ketone and toluene at low temperatures Citation: Bull. Chem. Soc. Jpn.,1931,6, 255-258,,,,,,,,,,
258.136,899.209,0.08,Liquid-Gas,Experimental,NIST,Authors: Anonymous, R. Title: Determination of the Density/temperature Relationship of Various Industrial Chemicals Citation: Report H&D Fitzgerald Ltd. to E. Yates, Chemical Cargo Inspection Assoc., Brussels Belgium,1992,,,,,,,,,,,,
273.15,885.4,0.5,Liquid-Gas,Experimental,NIST,Authors: Burlew, J. S. Title: Measurement of the heat capacity of a small volume of liquid by the piezo- thermometric method: II coefficient of thermal expansion of benzene and of toluene measured with a new type of weight dilato Citation: J. Am. Chem. Soc.,1940,62,690,,,,,,,,,,,,
273.158,885.369,0.08,Liquid-Gas,Experimental,NIST,Authors: Anonymous, R. Title: Determination of the Density/temperature Relationship of Various Industrial Chemicals Citation: Report H&D Fitzgerald Ltd. to E. Yates, Chemical Cargo Inspection Assoc., Brussels Belgium,1992,,,,,,,,,,,,
278.15,880.7,0.18,Liquid-Gas,Experimental,NIST,Authors: Chorqzewski, M.;Grolier, J.-P. E.;Randzio, S. L. Title: Isobaric Thermal Expansivities of Toluene Measured by Scanning Transitiometry at Temperatures from (243 to 423) K and Pressures up to 200 MPa Citation: J. Chem. Eng. Data,2010,55, 5489-5496,,,,,,,,,,
283.1452,876.134,0.08,Liquid-Gas,Experimental,NIST,Authors: Anonymous, R. Title: Determination of the Density/temperature Relationship of Various Industrial Chemicals Citation: Report H&D Fitzgerald Ltd. to E. Yates, Chemical Cargo Inspection Assoc., Brussels Belgium,1992,,,,,,,,,,,,
283.998,875.075743438,0.972085313979,Liquid-Gas,Experimental,NIST,Authors: Magee, J. W.;Bruno, T. J. Title: Isochoric (p,.rho.,T) Measurements for Liquid Toluene from 180 K to 400 K at Pressures to 35 MPa Citation: J. Chem. Eng. Data,1996,41, 900-905 (Derived),,,,,,,,,
288.121012,870.4,5.5,Liquid-Gas,Experimental,NIST,Authors: Tyrer, D. Title: CCXXXVI.--Adiabatic and Isothermal Compressibilities of Liquids between One and Two Atmospheres' Pressures. Citation: J. Chem. Soc. Trans.,1914,105,2534,,,,,,,,,,,,
288.15,871.41,0.25,Liquid-Gas,Experimental,NIST,Authors: Enders, S.;Kahl, H.;Winkelmann, J. Title: Surface Tension of the Ternary System Water + Acetone + Toluene Citation: J. Chem. Eng. Data,2007,52, 1072-1079,,,,,,,,,,
288.15,871.55,0.65,Liquid-Gas,Experimental,NIST,Authors: Moravkova, L.;Linek, J. Title: Excess molar volumes of (propiophenone + toluene) and estimated density of liquid propiophenone below its melting temperature Citation: J. Chem. Thermodyn.,2006,38, 1240-1244,,,,,,,,,,,
293,867.12,0.61,Liquid-Gas,Experimental,NIST,Authors: Qin, A.;Hoffman, D. E.;Munk, P. Title: Excess volume of mixtures of alkanes with aromatic hydrocarbons Citation: J. Chem. Eng. Data,1992,37, 61-65,,,,,,,,,,
293,866.99,0.61,Liquid-Gas,Experimental,NIST,Authors: Qin, A.;Hoffman, D. E.;Munk, P. Title: Excess volume of mixtures of selected alkyl esters and ketones with aromatic hydrocarbons Citation: J. Chem. Eng. Data,1992,37, 66-70,,,,,,,,,,
293.08803,867,500,Liquid-Gas,Experimental,NIST,Authors: Garner, F. H.;Hall, R. T. W. Title: Vapor-Liquid Equilibria of C7-Hydrocarbon-furfural Systems I. Binary and Ternary Data for the System Methylcyclohexane-furfural Citation: J. Inst. Pet.,1955,41, 1-18,,,,,,,,,,,
293.09538,866.9,10.2,Liquid-Gas,Experimental,NIST,Authors: Rastorguev, Yu. L.;Pugach, V. V. Title: Study of the thermal conductivity of aromatic hydrocarbons at high pressures Citation: Izv. Vyssh. Uchebn. Zaved. Neft Gaz,1970,8, 69-72,,,,,,,,,,,
293.138,866.81,0.05,Liquid-Gas,Experimental,NIST,Authors: Forziati, A. F.;Glasgow, A. R.;Willingham, C. B.;Rossini, F. D. Title: Specification adn Properties of 29 Paraffin, 4 Alkylcyclopentanes, 10 Alkylcyclohexanes and 8 Alkylbenzene Hydrocarbons Citation: J. Res. Natl. Bur. Stand. (U. S.),1946,36,129,,,,,,,
293.138,867,0.2,Liquid-Gas,Experimental,NIST,Authors: Gibbons, L. C.;Thompson, J. F.;Reynolds, T. W.;Wright, J. I.;Chanan, H. H.;Lamberti, J. M.;Hipsher, H. F.;Karabinos, J. V. Title: The Purification and Physical Constants of Aromatic Compounds Citation: J. Am. Chem. Soc.,1946,68,1130,,,,,
293.138,866.41,4.03,Liquid-Gas,Experimental,NIST,Authors: Shraiber, L. S.;Pechenyuk, N. G. Title: TEMPERATURE VARIATION OF THE DENSITY OF CERTAIN ORGANIC LIQUIDS Citation: Zh. Fiz. Khim.,1965,39,429,,,,,,,,,,,
293.14537,866.9,4.3,Liquid-Gas,Experimental,NIST,Authors: Sperkan, V. S.;Yagupol'skii, L. M.;Rudenko, A. P.;Popov, V. K. Title: Study of the elastic properties of perfluorotoluene along the liquid-gas coexistence curve Citation: Teplofiz. Vys. Temp.,1982,20, 190-191,,,,,,,,,
293.15,866.88,0.29,Liquid-Gas,Experimental,NIST,Authors: Al-Kandary, J. A.;Aljimaz, A. S.;Abdul-Latif, A.-H. M. Title: Densities, Viscosities, and Refractive Indices of Binary Mixtures of Anisole with Benzene, Methylbenzene, Ethylbenzene, Propylbenzene, and Butylbenzene at (293.15 and 303.15) K Citation: J. Chem. Eng. Data,2006,51, 99-103,,,,
293.15,866.82,0.23,Liquid-Gas,Experimental,NIST,Authors: Cruz, R. d. C.;Martins, R. J.;Cardoso, M. E.;Barcia, O. E. Title: Measurement of the Viscosity of Binary and Ternary Systems Containing Benzaldehyde, Toluene, and Benzyl Alcohol at 293.15 K and 0.1 MPa Citation: J. Chem. Eng. Data,2002,2002, 927-31,,,,,,,
293.15,866.91,0.94,Liquid-Gas,Experimental,NIST,Authors: Zaoui-Djelloul-Daouadji, M.;Bendiaf, L.;Bahadur, I.;Negadi, A.;Ramjugernath, D.;Ebenso, E. E.;Negadi, L. Title: Volumetric and acoustic properties of binary systems (furfural or furfuryl alcohol + toluene) and (furfuryl alcohol + ethanol) at different temperatures Citation: Thermochim. Acta,2015,611, 47-55,,,,,,
293.15,866.8,0.2,Liquid-Gas,Experimental,NIST,Authors: Zeberg-Mikkelsen, C. K.;Lugo, L.;Garcya, J.;Fernandez, J. Title: Volumetric properties under pressure for the binary system ethanol + toluene Citation: Fluid Phase Equilib.,2005,235, 139-151,,,,,,,,,
293.15,866.92,0.49,Liquid-Gas,Experimental,NIST,Authors: Zhou, L.;Wang, Y.;Zhang, Y.;Shi, J.;Benson, G. C.;Lu, B. C.-Y. Title: Excess enthalpies of cyclohexane + (benzene or toluene) + cyclohexanone ternary mixtures at 298.15 K Citation: Thermochim. Acta,1991,189, 57-63,,,,,,,
293.2,866.81,0.28,Liquid-Gas,Experimental,NIST,Authors: Al-Hayan, M. N. M.;Al-Kandary, J. A. M. Title: Isobaric Vapor-Liquid Equilibria for Binary Mixtures of 1,2-Dibromoethane with Benzene, Toluene, Fluorobenzene, and Bromobenzene at Atmospheric Pressure Citation: J. Chem. Eng. Data,2006,51, 366-370,,,,,,,
293.75,866.33,0.68,Liquid-Gas,Experimental,NIST,Authors: Francesconi, R.;Comelli, F. Title: Excess enthalpies of binary mixtures containing 1,3-dioxolane and cyclic compounds Citation: Thermochim. Acta,1991,179, 149-55,,,,,,,,,,
297.98606,860.4,4.2,Liquid-Gas,Experimental,NIST,Authors: Terry, T. D.;Kepner, R. E.;Dinsmore, W. Title: Binary Systems Containing Isoamyl Alcohol or Active Amyl Alcohol Citation: J. Chem. Eng. Data,1960,5,403,,,,,,,,,,
298,862.1,0.3,Liquid-Gas,Experimental,NIST,Authors: Klofutar, C.;Paljk, S.;Golc-Teger, S. Title: Partial molar volumes and partial molar expansibilities of cholesterol in some aprotic solvents Citation: Thermochim. Acta,1992,196, 401-13,,,,,,,,,,
298.09438,862.5,0.9,Liquid-Gas,Experimental,NIST,Authors: Schmelzer, J.;Wolf, C. Title: Prediction of isobaric vapor-liquid equilibrium for  the system benzene-toluene-n-octane-p-xylene Citation: Chem. Tech.,1978,30, 305-307,,,,,,,,,,,
298.09438,862.24,5.02,Liquid-Gas,Experimental,NIST,Authors: Tanaka, R.;Benson, G. C. Title: Excess enthalpies and volumes for mixtures of chlorobenzene with some aromatic hydrocarbons at 298.15 K Citation: J. Chem. Eng. Data,1976,21, 320-324,,,,,,,,,,,
298.1,862.2,0.23,Liquid-Gas,Experimental,NIST,Authors: Jain, D. V. S.;Chadha, R.;Dhar, N. S. Title: Excess molar volumes of 2-methylethylbenzene with benzene, methylbenzene or ethylbenzene at various temperatures Citation: J. Solution Chem.,1994,23, 823-30,,,,,,,,,
298.136,862.3,0.4,Liquid-Gas,Experimental,NIST,Authors: Transue, L. F.;Washburn, E. R.;Kahler, F. H. Title: The Direct Measurement of the Spreading Pressures of Volatile Organic Liquids on Water Citation: J. Am. Chem. Soc.,1942,64,274,,,,,,,,,,
298.14437,862.25,5.49,Liquid-Gas,Experimental,NIST,Authors: Arenosa, R. L.;Menduina, C.;Tardajos, G.;Diaz Pena, M. Title: Excess enthalpies at 298.15 k for binary mixtures of toluene + an n-alkane Citation: J. Chem. Thermodyn.,1979,11,825,,,,,,,,,
298.14437,862.07,0.89,Liquid-Gas,Experimental,NIST,Authors: Chawla, B.;Mehta, S. K.;Jasra, R. V.;Suri, S. K. Title: Excess volumes of binary mixtures of cyclohexanone with some monosubstituted benzenes at 298.15 K Citation: Can. J. Chem.,1983,61, 2147-50,,,,,,,,,
298.14437,862.3,4.2,Liquid-Gas,Experimental,NIST,Authors: Deshpande, D. D.;Bhatgadde, L. G. Title: Heat Capacities at Constant Volume, Free Volumes, and Rotational Freedom in Some Liquids Citation: Aust. J. Chem.,1971,24, 1817-22,,,,,,,,,
298.14437,862.2,2.1,Liquid-Gas,Experimental,NIST,Authors: Dymond, J. H.;Malhotra, R.;Isdale, J. D.;Glen, N. F. Title: (p, .rho., T) or n-Heptane, Toluene, and Oct-1-ene in the Range 298 to 373 K and 0.1 to 400 MPa and Representation by the Tait Equation Citation: J. Chem. Thermodyn.,1988,20, 603-614,,,,,
298.14437,862.2,0.3,Liquid-Gas,Experimental,NIST,Authors: Grolier, J. -P. E.;Faradjzadeh, A. Citation: Int. DATA Ser.,1980, Sel. Data Mixtures, Ser. A, 8(2), 140-150,,,,,,,,,
298.14437,862.19,2.27,Liquid-Gas,Experimental,NIST,Authors: Hales, J. L.;Townsend, R. Title: Liquid Densities from 293 to 490 K of Nine Aromatic Hydrocarbons Citation: J. Chem. Thermodyn.,1972,4, 763-72,,,,,,,,,,,
298.14437,862.1,0.8,Liquid-Gas,Experimental,NIST,Authors: Mopsik, F. I. Title: Dielectric properties of slightly polar organic liquids as a function of pressure, volume, and temperature Citation: J. Chem. Phys.,1969,50, 2559-69,,,,,,,,,,
298.14437,862.6,0.7,Liquid-Gas,Experimental,NIST,Authors: Rai, R. D.;Shukla, R. K.;Shukla, A. K.;Pandey, J. D. Title: Ultrasonic Speds and Isentropic Compressibilities of Ternary Liquid Mixtures at (298.15 +- 0.01) K Citation: J. Chem. Thermodyn.,1989,21,125,,,,,,,,,
298.14437,862.24,10.15,Liquid-Gas,Experimental,NIST,Authors: Singh, P. P.;Nigam, R. K.;Sharma, S. P.;Aggarwal, S. Title: Molar excess volumes of ternary mixtures of nonelectrolytes. Citation: Fluid Phase Equilib.,1984,18,333,,,,,,,,,
298.14437,861.8,0.6,Liquid-Gas,Experimental,NIST,Authors: Woycicki, W.;Sadowska, K. W. Title: Heats and volumes of mixing in systems of benzene and toluene with piperidine and alpha-pipecoline Citation: Bull. Acad. Pol. Sci.-Chim.,1968,16,413,,,,,,,,,,,
298.148,862.2,0.08,Liquid-Gas,Experimental,NIST,Authors: Anonymous, R. Title: Determination of the Density/temperature Relationship of Various Industrial Chemicals Citation: Report H&D Fitzgerald Ltd. to E. Yates, Chemical Cargo Inspection Assoc., Brussels Belgium,1992,,,,,,,,,,,,
298.15,862.2,0.15,Liquid-Gas,Experimental,NIST,Authors: Alonso, L.;Arce, A.;Francisco, M.;Soto, A. Title: Liquid-liquid Equilibria of ([C2mim][EtSO4] + Thiophene + 2,2,4-Trimethylpentane) and ([C2mim][EtSO4] + Thiophene + Toluene): Experimental Data and Correlation Citation: J. Solution Chem.,2008,37, 1355-1363,,,,,,,
298.15,862.2,0.12,Liquid-Gas,Experimental,NIST,Authors: Awwad, A. M.;Al-Dujaili, A. H.;Syriagh, S. R. Title: Dielectric studies of binary mixtures of N-formylmorpholine and an aromatic hydrocarbon. Comparison with theory Citation: J. Mol. Liq.,2002,100, 129-141,,,,,,,,,,
298.15,862.22,0.08,Liquid-Gas,Experimental,NIST,Authors: Chylinski, K.;Gregorowicz, J. Title: Liquid-phase PVT data of alkylbenzenes Citation: Fluid Phase Equilib.,1991,64, 237-49,,,,,,,,,,,
298.15,862.17,0.1,Liquid-Gas,Experimental,NIST,Authors: Dominguez, I.;Calvar, N.;Gomez, E.;Dominguez, A. Title: Separation of toluene from cyclic hydrocarbons using 1-butyl-3-methylimidazolium methylsulfate ionic liquid at T = 298.15 K  and atmospheric pressure Citation: J. Chem. Thermodyn.,2011,43, 705-710,,,,,,,,,
298.15,862.27,0.14,Liquid-Gas,Experimental,NIST,Authors: Dreiseitlova, J.;Rehak, K.;Moravek, P. Title: Liquid-Liquid Equilibrium in Ternary Systems Containing Ethylene Glycol, Monofunctional Benzene Derivative, and Ethyl Acetate Citation: J. Chem. Eng. Data,2011,56, 1899-1902,,,,,,,,
298.15,862.3,0.8,Liquid-Gas,Experimental,NIST,Authors: Escudero, I.;Cabezas, J. L.;Coca, J. Title: Liquid-Liquid Equilibria for 2,3-Butanediol + Water + 4-(1-Methylpropyl) phenol + Toluene at 25 .degree.C Citation: J. Chem. Eng. Data,1996,41,02/05/26,,,,,,,,,
298.15,862.17,0.45,Liquid-Gas,Experimental,NIST,Authors: Fermeglia, M.;Lapasin, R.;Torriano, G. Title: Excess Volumes and Viscosities of Binary Systems Containing 4-Methyl-2-pentanone Citation: J. Chem. Eng. Data,1990,35, 260-265,,,,,,,,,,
298.15,862.1,0.9,Liquid-Gas,Experimental,NIST,Authors: Gama, L.;Tojo, J. Title: Densities, refractive indexes, and isobaric vapor-liquid equilibria for the ternary system cyclohexane + 2-butanol + toluene Citation: J. Chem. Eng. Data,1992,37,20/03/26,,,,,,,,,
298.15,862.3,5,Liquid-Gas,Experimental,NIST,Authors: Gmehling, J.;Meents, B. Citation: Int. DATA Ser.,1992, Sel. Data Mixtures, Ser. A, 20(3), 153-213,,,,,,,,,
298.15,862.21,0.12,Liquid-Gas,Experimental,NIST,Authors: Harris, K. R. Title: Temperature and density dependence of the viscosity of toluene Citation: J. Chem. Eng. Data,2000,45, 893-897,,,,,,,,,,,,
298.15,862.23,0.27,Liquid-Gas,Experimental,NIST,Authors: Hwang, I.-C.;Park, S.-J.;Lee, S.-Y.;Ahn, H.-S. Title: Isothermal vapor liquid equilibrium at 333.15K and excess molar volumes at 298.15K for the ternary system di-isopropyl ether + n-propyl alcohol + toluene and its binary subsystems Citation: Fluid Phase Equilib.,2008,270, 103-108,,,,,,,,,
298.15,862.2,0.5,Liquid-Gas,Experimental,NIST,Authors: Kuus, M.;Kirss, H.;Siimer, E.;Kudryavtseva, L. Title: Excess molar enthalpies of the ternary system toluene + p-xylene + 1,2-dichloroethane at 298.15 K Citation: Thermochim. Acta,2003,398, 101-105,,,,,,,,
298.15,862.16,0.14,Liquid-Gas,Experimental,NIST,Authors: Lopez, E. R.;Lugo, L.;Comunas, M. J. P.;Garcia, J.;Fernandez, J. Title: Temperature Dependence of the Excess Molar Volume of (Dimethyl Carbonate, or Diethyl Carbonate + Toluene) from T = 278.15 K to 323.15 K Citation: J. Chem. Thermodyn.,2000,32, 743-754,,,,,,,
298.15,862.19,0.31,Liquid-Gas,Experimental,NIST,Authors: Marongiu, B.;Pusceddu, E.;Porcedda, S.;Lepori, L.;Matteoli, E. Title: Thermodynamic study of 1,1,2,2-tetrachloroethane + hydrocarbon mixtures I. Excess and solvation enthalpies Citation: Fluid Phase Equilib.,2006,250, 105-115,,,,,
298.15,862.1,0.9,Liquid-Gas,Experimental,NIST,Authors: Moumouzias, G.;Ritzoulis, G. Title: Viscosities and densities for propylene carbonate + toluene at 15,20,25,30, and 35.degree.C Citation: J. Chem. Eng. Data,1992,37, 482-483,,,,,,,
298.15,862.55,0.24,Liquid-Gas,Experimental,NIST,Authors: Nung, W.-C.;Vong, W.-T.;Tsai, F. N. Title: Excess Volumes of Tetralin + Toluene, + Ethylbenzene, and + Propylbenzene at 298.15 and 308.15 K Citation: J. Chem. Eng. Data,1995,40, 598-600,,,,,,,,
298.15,862.211,0.343,Liquid-Gas,Experimental,NIST,Authors: Ohomuro, K.;Tamura, K.;Murakami, S. Title: Excess volumes and isentropic compressibilities of the binary mixtures of cyclohexanone with globular species at T=298.15 K Citation: J. Chem. Thermodyn.,1997,29, 287-294,,,,,,,,,,
298.15,862.27,0.23,Liquid-Gas,Experimental,NIST,Authors: Rehak, K.;Dreiseitlova, J. Title: Binary liquid liquid equilibrium in the systems containing monofunctional benzene derivates and 1,2-ethanediol Citation: Fluid Phase Equilib.,2006,249, 104-108,,,,,,,,,,
298.15,862.08,0.23,Liquid-Gas,Experimental,NIST,Authors: Resa, J. M.;Gonzalez, C.;Ortiz de Landaluce, S.;Lanz, J. Title: Densities, excess molar volumes, and refractive indices of ethyl acetate and aromatic hydrocarbon binary mixtures Citation: J. Chem. Thermodyn.,2002,34, 995-1004,,,,,,,
298.15,862.2,0.3,Liquid-Gas,Experimental,NIST,Authors: Sastry, N. V.;Patel, S. R.;Patel, M. Title: Excess volumes, relative permittivity increasments, and excess molar polariztions of {xCH2CCH3CO2CH3 + (1- x)(C6H6, or C7H8, or o-C8H10, or m-C8H10, or p-C8H10, or C8H10, or c-C6H12)} Citation: J. Chem. Thermodyn.,1999,31, 797-810,,
298.15,862.21,0.51,Liquid-Gas,Experimental,NIST,Authors: Sharma, V. K.;Singh, P. P.;Maken, S. Title: Molar excess volumes of binary and ternary mixtures containing chloroaniline Citation: J. Chem. Eng. Data,1994,39, 238-240,,,,,,,,,,
298.15,862.22,0.31,Liquid-Gas,Experimental,NIST,Authors: Siwach, R. K.;Dimple;Sharma, V. K. Title: Isentropic Compressibilities Changes of Mixing of Tetrahydropyran and Aromatic Hydrocarbons  Ternary Mixtures at 308.15 K Citation: Int. J. Thermophys.,2011,32, 1188-1201,,,,,,,,,,,
298.15,862.5,0.8,Liquid-Gas,Experimental,NIST,Authors: Swain, N.;Singh, S. K.;Panda, D.;Chakravortty, V. Title: Viscosities, densities and excess properties of binary mixtures of di-(2-ethyl hexyl) phosphoric acid (DEHPA) with benzene, toluene and ortho-xylene Citation: J. Mol. Liq.,2001,94, 233-248,,,,,,,
298.15,862.01,2.04,Liquid-Gas,Experimental,NIST,Authors: Yang, C.;Lai, H.;Liu, Z.;Ma, P. Title: Densities and Viscosities of Diethyl Carbonate + Toluene, + Methanol, and + 2-Propanol from (293.15 to 363.15) K Citation: J. Chem. Eng. Data,2006,51, 584-589,,,,,,,
298.2,862.6,8,Liquid-Gas,Experimental,NIST,Authors: Gu, Z.;Brennecke, J. F. Title: Volume Expansivities and Isothermal Compressibilities of Imidazolium and Pyridinium-Based Ionic Liquids Citation: J. Chem. Eng. Data,2002,47, 339-345,,,,,,,,,,,
298.2,862.259030507,5.00281301623,Liquid-Gas,Experimental,NIST,Authors: Letcher, T. M.;Deenadayalu, N. Title: Ternary Liquid-Liquid Equilibria for Mixtures of an Alkane + an Aromatic Compound + 1,3-Dimethyl-2-imidazolidinone at 298.2 K and 1 atm Citation: J. Chem. Eng. Data,2001,46, 177-183,,,,,,,,,,
303.134,857.7,0.5,Liquid-Gas,Experimental,NIST,Authors: Bridgman, P. W. Title: The Effect of Pressure on the Viscosity of Forty-Three Pure Liquids Citation: Proc. Am. Acad. Arts Sci.,1926,61, 57-99,,,,,,,,,,,,
303.134,857.6,0.5,Liquid-Gas,Experimental,NIST,Authors: Dessart, A. Title: Theory of Concentrated Solutions: III. Physical Constants of Mixtures of m-Nitrotoluene and m-Toluidine with Some Hydrocarbons Citation: Bull. Soc. Chim. Belg.,1926,35,9,,,,,,,,,,,,
303.134,857.4,5.1,Liquid-Gas,Experimental,NIST,Authors: Sumer, K. M.;Thompson, A. R. Title: Refraction, Dispersion, and Densities for Methanol Solutions of Benzene, Toluene, Aniline, and Phenol Citation: J. Chem. Eng. Data,1967,12,489,,,,,,
303.143055,857.64,4.22,Liquid-Gas,Experimental,NIST,Authors: Govindappa, J.;Rambabu, K.;Venkateswarlu, P.;Raman, G. K. Title: Volumetric Behaviour of an Aromatic Hydrocarbon with 1-Chlorobutane Citation: Phys. Chem. Liq.,1988,18, 273-277,,,,,,,,,
303.143055,857.45,0.48,Liquid-Gas,Experimental,NIST,Authors: Myers, R. S.;Clever, H. L. Title: Surface tension and density of some hydrocarbon + alcohol mixtures at 303.1 5 deg K Citation: J. Chem. Thermodyn.,1974,6,949,,,,,,,,,,,
303.143055,857.72,5.42,Liquid-Gas,Experimental,NIST,Authors: Ramanjaneyulu, K.;Reddy, D. V. B.;Krishnaiah, A. Title: Viscosities of binary liquid mixtures of tetrachloroethylene with some aliphatic, alicyclic and substituted aromatic hydrocarbons Citation: Phys. Chem. Liq.,1989,20,195,,,,,,,,,
303.15,857.5,6,Liquid-Gas,Experimental,NIST,Authors: Abu-Daabes, M. A.;Awwad, A. M.;Al-Ani, H. A. Title: Densities and volumetric properties of (N-acetylmorpholine + aromatic  hydrocarbon) binary mixtures from T = (293.15 to 343.15) K Citation: J. Chem. Thermodyn.,2009,41, 123-129,,,,,,,,,,
303.15,857.6,0.6,Liquid-Gas,Experimental,NIST,Authors: Baragi, J. G.;Aralaguppi, M. I. Title: Excess and deviation properties for the binary mixtures of methylcyclohexane with benzene, toluene, p-xylene, mesitylene, and anisole at T = (298.15,303.15, and 308.15) K Citation: J. Chem. Thermodyn.,2006,38, 1717-1724,,,,,
303.15,857.65,0.1,Liquid-Gas,Experimental,NIST,Authors: Mariano, A.;Mussari, L.;Camacho, A.;Canzonieri, S.;Postigo, M. Title: Thermophysical properties for the  ternary systems toluene (1) + benzene  (2) + methyl acetate (3), at various  temperatures from 288.15 K to  318.15 K Citation: Phys. Chem. Liq.,2013,51, 731-741,,,,,,,
303.15,857.64,0.72,Liquid-Gas,Experimental,NIST,Authors: Nain, A. K.;Chandra, P.;Pandey, J. D.;Gopal, S. Title: Densities, Refractive Indices, and Excess Properties of Binary Mixtures of 1,4-Dioxane with Benzene, Toluene, o-Xylene, m-Xylene, p-Xylene, and Mesitylene at Temperatures from (288.15 to 318.15) K Citation: J. Chem. Eng. Data,2008,53, 2654-2665,
303.15,857.1,1.7,Liquid-Gas,Experimental,NIST,Authors: Nayak, J.N.;Aralaguppi, M. I.;Aminabhavi, T. M. Title: Density, Viscosity, Refractive Index, and Speed of Sound in the Binary Mixtures of Ethyl Chloroacetate with Aromatic Liquids at 298.15,303.15, and 308.15 K Citation: J. Chem. Eng. Data,2002,47, 964-969,,,,,
303.15,857.7,0.13,Liquid-Gas,Experimental,NIST,Authors: Oswal, S.L.;Maisuria, M.M.;Gardas, R.L. Title: Speeds of sound, isentropic compressibilities, and excess molar volumes of cycloalkanes, alkanes and aromatic hydrocarbons at 303.15 K. II. Results for cycloalkanes + aromatic hydrocarbons Citation: J. Mol. Liq.,2004,109, 155-166,,,,,,,
303.15,857.6,0.5,Liquid-Gas,Experimental,NIST,Authors: Palaiologou, M. M.;Molinou, I. E. Title: Excess Volumes of Ethyl Acetate + Toluene, + o-Chlorotoluene, and + p- Chlorotoluene from 283.15 to 303.15 K Citation: J. Chem. Eng. Data,1995,40, 880-2,,,,,,,,,
303.15,857.5,0.1,Liquid-Gas,Experimental,NIST,Authors: Sun, Y.;Su, L.;Wang, H. Title: Volumetric properties of binary liquid mixtures: Application of the Prigogine Flory Patterson theory to excess molar volumes of dichloromethane with benzene or toluene Citation: J. Chem. Thermodyn.,2009,41, 1154-1161,,,,,,,,,,
308.141555,852.7,1.3,Liquid-Gas,Experimental,NIST,Authors: Ritzoulis, G.;Papadopoulos, N.;Jannakoudakis, D. Title: Densities, Viscosities, and Dielectric Constatns of Acetonitrile + Toluene at 15,25, and 35 deg. C Citation: J. Chem. Eng. Data,1986,31, 146-148,,,,,,
308.15,852.838,0.392,Liquid-Gas,Experimental,NIST,Authors: Gonzalez-Olmos, R.;Iglesias, M.;Goenaga, J. M.;Resa, J. M. Title: Influence of Temperature on Thermodynamic Properties of Methyl t-Butyl Ether (MTBE)+Gasoline Additives Citation: Int. J. Thermophys.,2007,28, 1199-1227,,,,,,,,,
308.15,852.7,4.8,Liquid-Gas,Experimental,NIST,Authors: Habibullah, M.;Das, K. N.;Mallik, M. A. K.;Hossain, N. K. M. A. Title: Determination of the excess molar and partial molar volumes of the constituents in the binary mixtures with tri-ethylamine Citation: Phys. Chem. Liq.,2006,44, 139-143,,,,,,,,,
308.15,852.8,2.25,Liquid-Gas,Experimental,NIST,Authors: Maken, S.;Deshwal, B. R.;Chadha, R.;Anu;Singh, K. C.;Kim, H.;Park, J.-W. Title: Topological and thermodynamic investigations of molecular interactions in binary mixtures: Molar excess volumes and molar excess enthalpies Citation: Fluid Phase Equilib.,2005,235, 42-49,,,,,,,
308.15,854.3,57.1,Liquid-Gas,Experimental,NIST,Authors: Narendra, K.;Srinivasu, C.;Kalpana, C.;Narayanamurthy, P. Title: Excess thermo dynamical parameters of binary mixtures  of toluene and mesitylene with anisaldehyde using ultrasonic  technique at different temperatures Citation: J. Therm. Anal. Calorim.,2012,107, 25-30,,,,,,,,,
308.15,852.9,0.8,Liquid-Gas,Experimental,NIST,Authors: Song, C.-Y.;Shen, H.-Z.;Zhao, J.-H.;Wang, L.-C.;Wang, F. -A. Title: Densities and Viscosities of Binary Mixtures of Vitamin K3 with Benzene, Toluene, Ethylbenzene, o-Xylene, m-Xylene, and p-Xylene from (303.15 to 333.15) K Citation: J. Chem. Eng. Data,2008,53, 1110-1115,,,
311.998,848.796633758,0.674717847059,Liquid-Gas,Experimental,NIST,Authors: Magee, J. W.;Bruno, T. J. Title: Isochoric (p,.rho.,T) Measurements for Liquid Toluene from 180 K to 400 K at Pressures to 35 MPa Citation: J. Chem. Eng. Data,1996,41, 900-905 (Derived),,,,,,,,,
313.0834,848.211,0.08,Liquid-Gas,Experimental,NIST,Authors: Anonymous, R. Title: Determination of the Density/temperature Relationship of Various Industrial Chemicals Citation: Report H&D Fitzgerald Ltd. to E. Yates, Chemical Cargo Inspection Assoc., Brussels Belgium,1992,,,,,,,,,,,,
313.140055,847.8,0.5,Liquid-Gas,Experimental,NIST,Authors: Gopal, K.;Rao, N. P. Title: Ultrasonic Studies in Binary Liquid Mixtures n-Decyl Alcohol as a Common Component Citation: Acustica,1983,54,115,,,,,,,,,,,
313.140055,848.365712181,1.01544556287,Liquid-Gas,Experimental,NIST,Authors: Jayalakshmi, T.;Reddy, K. S. (see subram k) Title: Excess volumes and excess viscosities of binary liquid mixtures: methylisobutylketone + benzene, toluene, chlorobenzene, bromobenzene and nitrobenzene Citation: Can. J. Chem.,1985,63,2824,,,,,,,,
313.140055,848.4,1.7,Liquid-Gas,Experimental,NIST,Authors: Kashiwagi, H.;Hashimoto, T.;Tanaka, Y.;Kubota, H.;Makita, T. Title: Thermal conductivity and density of toluene in the temperature range 273-373 K at pressures up to 250 MPa. Citation: Int. J. Thermophys.,1982,3, 201-215,,,,,,,,
313.140055,848.34,0.48,Liquid-Gas,Experimental,NIST,Authors: Katz, M.;Lobo, P. W.;Minano, A. S.;Solimo, H. Title: Viscosities, Densities, and refractive Indices of Binary Liquid Mixt. Citation: Can. J. Chem.,1971,49,2605,,,,,,,
313.15,848.2,0.9,Liquid-Gas,Experimental,NIST,Authors: Asfour, A. A.;Siddique, M. H. Title: Density-Composition Data for Eight Binary Systems Containing Toluene or Ethylbenzene and C8-C16 n-Alkanes at 293.15,298.15, 308.15 and 313.15 K Citation: J. Chem. Eng. Data,1990,35, 192-198,,,,,,,,,
313.15,848.2,0.13,Liquid-Gas,Experimental,NIST,Authors: Behroozi, M.;Zarei, H. Title: Volumetric properties of binary mixtures of tributylamine with benzene derivatives and comparison with ERAS model results at temperatures from (293.15 to 333.15) K Citation: J. Chem. Thermodyn.,2012,47, 276-287,,,,,,,,,,,
313.15,848.3,2.1,Liquid-Gas,Experimental,NIST,Authors: Bhalodia, J.;Sharma, S. Title: Viscometric, Acoustical and Spectroscopic Investigation  of b-Pinene with Benzene, Toluene, m-Xylene  and Mesitylene at 303.15, 308.15 and 313.15 K  and Atmospheric Pressure Citation: J. Solution Chem.,2013,42, 1794-1815,,,,,,,
313.15,848.231886423,0.434283192726,Liquid-Gas,Experimental,NIST,Authors: Comunas, M. J. P.;Lopez, E. R.;Pires, P.;Garcia, J.;Fernandez, J. Citation: Int. J. Thermophys.,2000,21, 831 (Derived),,,,,,,,
313.15,848.15,1.94,Liquid-Gas,Experimental,NIST,Authors: George, J.;Sastry V., N. Title: Densities, Excess Molar Volumes, Viscosities, Speeds of Sound, Excess Isentropic Compressibilities, and Relative Permittivities for CmH2m+1(OCH2CH2)nOH (m ) 1 or 2 or 4 andn ) 1) + Benzene, + Toluene, + (o-, m-, and p-) Xylenes, + Ethylbenzene, and + Cyclohexane Citation: J. Chem. Eng. Data,2003,48, 977-989
313.15,848.12,0,Liquid-Gas,Experimental,NIST,Authors: Gross, K.S. Title: Transport properties of the system 1-Ethyl-3-methylimidazoliumchlorid/ALCL3 in solvent of various classes from high dilution to the pure salt melt Citation: Ph.D. Thesis, University of Regensburg, Germany (1993),,,,,,,,,,,,,
313.15,848.21,0.24,Liquid-Gas,Experimental,NIST,Authors: Nain, A. K.;Sharma, R.;Ali, A.;Gopal, S. Title: Densities and Volumetric Properties of Binary Mixtures of Butyl Acrylate with Benzene, Toluene, o-Xylene, m-Xylene, p-Xylene, and Mesitylene at Temperatures from 288.15 K to 318.15 K Citation: Int. J. Thermophys.,2010,31, 1073-1091,,,,
313.15,848.2,0.4,Liquid-Gas,Experimental,NIST,Authors: Valencia, J. L.;Gonzalez-Salgado, D.;Troncoso, J.;Peleteiro, J.;Carballo, E.;Romani, L. Title: Thermophysical Characterization of Liquids Using Precise Density and Isobaric Heat Capacity Measurements As a Function of Pressure Citation: J. Chem. Eng. Data,2009,54, 904-915,,,,,,,
313.31,847.893696541,0.146354425615,Liquid-Gas,Experimental,NIST,Authors: Ihmels, E. C.;Gmehling, J. Title: Densities of Toluene, Carbon Dioxide, Carbonyl Sulfide, and Hydrogen Sulfide over a Wide Temperature and Pressure Range in the Sub- and Supercritical State Citation: Ind. Eng. Chem.,2001,40, 4470-7 (Derived),,,,,,,,
318.1285,843.536,0.6,Liquid-Gas,Experimental,NIST,Authors: Perkin, W. H. Title: LXIX. On Magnetic Rotatory Power, especially of Aromatic Compounds Citation: J. Chem. Soc.,1896,69, 1025-1257,,,,,,,,,,,
318.15,843.9,0.2,Liquid-Gas,Experimental,NIST,Authors: Kahl, H.;Wadewitz, T.;Winkelmann, J. Title: Surface Tension of Pure Liquids and Binary Liquid Mixtures Citation: J. Chem. Eng. Data,2003,48, 580-586,,,,,,,,,,
318.15,843.58,0.13,Liquid-Gas,Experimental,NIST,Authors: Moravkova, L.;Troncoso, J.;Skvorova, M.;Havlica, J.;Petrus, P.;Sedlakova, Z. Title: Volumetric behavior of the ternary system (methyl tert-butyl ether + methylbenzene + butan-1-ol) and its binary sub-system (methyl tert-butyl ether + butan-1-ol) within the temperature range (298.15 to 328.15) K Citation: J. Chem. Thermodyn.,2015,90, 59-70,,,,,,,
318.15,843.58,0.07,Liquid-Gas,Experimental,NIST,Authors: Moravkova, L.;Wagner, Z.;Linek, J. Title: Volumetric behaviour of binary liquid systems composed of toluene, isooctane, and methyl tert-butyl ether at temperatures from (298.15 to 328.15) K Citation: J. Chem. Thermodyn.,2009,41, 591-597,,,,,,,,
323,839.560050402,1.50320459454,Liquid-Gas,Experimental,NIST,Authors: Franck, E. U.;Kerschbaum, S.;Wiegand, G. Title: The density of toluene at high pressures to 673 K and 300 MPa Citation: Ber. Bunsenges. Phys. Chem.,1998,102, 1794-1797 (Derived),,,,,,,,,,
323.08707,839.7,2.3,Liquid-Gas,Experimental,NIST,Authors: Islam, N.;Waris, B. Title: Viscosities o Organic Liquids and the Free Volume Model Citation: Indian J. Chem., Sect. A: Inorg., Bio-inorg., Phys., Theor. Anal. Chem.,1976,14,30,,,,,,,
323.127,839.3,1,Liquid-Gas,Experimental,NIST,Authors: Kremann, R.;Meingast, R.;Gugl, F. Citation: Sitzungsber. Akad. Wiss. Wien, Math.-Naturwiss. Kl., Abt. 2B,1914,123,731,,,,,,,,
323.15,838.1,0.5,Liquid-Gas,Experimental,NIST,Authors: Akhtar, S.;Hossain, K. M. S.;Saleh, M. A. Title: VISCOSITY AND THERMODYNAMICS OF VISCOUS FLOW FOR THE SYSTEMS OF ISOMERIC PENTANOLS WITH TOLUENE Citation: Phys. Chem. Liq.,2002,40, 435-448,,,,,,,,,,
323.15,838.67,0.21,Liquid-Gas,Experimental,NIST,Authors: Chorqzewski, M.;Grolier, J.-P. E.;Randzio, S. L. Title: Isobaric Thermal Expansivities of Toluene Measured by Scanning Transitiometry at Temperatures from (243 to 423) K and Pressures up to 200 MPa Citation: J. Chem. Eng. Data,2010,55, 5489-5496,,,,,,,,,,
323.15,838.706,0.788,Liquid-Gas,Experimental,NIST,Authors: Gonzalez-Olmos, R.;Iglesias, M. Title: Temperature influence on mixing properties of {ethyl tert-butyl ether (ETBE) + gasoline additives} Citation: J. Chem. Thermodyn.,2007,39, 1557-1564,,,,,,,,,,,
323.15,838.23,1.51,Liquid-Gas,Experimental,NIST,Authors: Song, S.;Xia, S.;Ma, P.;Di, Z. Title: Densities and Viscosities of N-Formylmorpholine + Benzene, + Toluene at Different Temperatures and Atmospheric Pressures Citation: J. Chem. Eng. Data,2007,52, 591-595,,,,,,,,
323.15,838.91,16.8,Liquid-Gas,Experimental,NIST,Authors: Yang, S.-K.;Peng, S.-J.;Huang, J.-H.;Fan, L.-Q.;Yang, F.-X. Title: A study on densities and excess volumes in the (c-butyrolactone + aromatic hydrocarbon) system at various temperatures Citation: J. Chem. Thermodyn.,2007,39, 773-780,,,,,,,,
323.16,838.67,0.13,Liquid-Gas,Experimental,NIST,Authors: Xu, Z.;Meng, X.;Wu, J.;Liu, Z. Title: Development of a Vibrating-Wire Viscometer and Measurement of Saturated Liquid Viscosity of Methyl Tert-Butyl ether Citation: J. Eng. Thermophys.,2007,28, 4;189,,,,,,,,,
331.28,829.400666387,4.46761373567,Liquid-Gas,Experimental,NIST,Authors: Hocq, H.;Bur, Y.;Berro, C. Title: Densities of liquid water, toluene, and methanol at 240 to 450 K and up to 70 MPa and of gaseous methanol at 420 to 450 K and up to 2 MPa Citation: ELDATA: The International Electronic Journal of Physico-Chemical Data,1995,1, 79-86 (Derived),,,,,,,,
333.124,829.13,3.96,Liquid-Gas,Experimental,NIST,Authors: Prengle, H. W.;Felton, E. G.;Pike, M. A. Title: Thermodynamics of Solutions-Volume Change on Mixing for Four Systems Citation: J. Chem. Eng. Data,1967,12,193,,,,,,,,,,
333.124,828.4,1,Liquid-Gas,Experimental,NIST,Authors: Tyrer, D. Title: The volume of a solute in solution Citation: J. Chem. Soc.,1910,97, 2620-34,,,,,,,,,,,,
333.13437,828.95,2.19,Liquid-Gas,Experimental,NIST,Authors: Aicart, E.;Tardajos, G.;Diaz Pena, M. Citation: J. Chem. Eng. Data,1981,26, 283-8,,,,,,,,,,
333.13437,829.531314807,4.88566763594,Liquid-Gas,Experimental,NIST,Authors: Akhundov, T. S.;Abdullaev, F. G. Title: Thermal properties of benzene and toluene at the saturation Citation: Izv. Vyssh. Uchebn. Zaved., Neft Gaz,1977,7, 64-68,,,,,,,,,,
333.15,828.8,1,Liquid-Gas,Experimental,NIST,Authors: Watson, G.;Lafitte, T.;Zeberg-Mikkelsen, C. K.;Baylaucq, A.;Bessieres, D.;Boned, C. Title: Volumetric and derivative properties under pressure for the system 1-propanol + toluene: A discussion of PC-SAFT and SAFT-VR Citation: Fluid Phase Equilib.,2006,247, 121-134,,,,,,,
337.974,825.1,1.5,Liquid-Gas,Experimental,NIST,Authors: Walden, P.;Swinne, R. Title: Capillary constants of liquid esters Citation: Z. Phys. Chem., Stoechiom. Verwandschaftsl.,1912,79,700,,,,,,,,,,
338.18336,824.2,13.1,Liquid-Gas,Experimental,NIST,Authors: Siddiqi, S. A.;Teja, A. S. Title: High pressure densities of mixtures of coal chemicals Citation: Chem. Eng. Commun.,1988,72, 159-169,,,,,,,,,,,
343.15,819.6,0.3,Liquid-Gas,Experimental,NIST,Authors: Prak, D. J. L.;Cowart, J. S.;McDaniel, A. M.;Trulove, P. C. Title: Density, Viscosity, Speed of Sound, Bulk Modulus, Surface Tension, and Flash Point of Binary Mixtures of n-Hexadecane + Ethylbenzene or + Toluene at (293.15 to 373.15) K and 0.1 MPa Citation: J. Chem. Eng. Data,2014,59, 3571-3585,,,,
343.15,820.3,0.88,Liquid-Gas,Experimental,NIST,Authors: Yang, C.;Liu, Z.;Lai, H.;Ma, P. Title: Thermodynamic properties of binary mixtures of N-methyl-2-pyrrolidinone with cyclohexane, benzene, toluene at (303.15 to 353.15) K and atmospheric pressure Citation: J. Chem. Thermodyn.,2007,39, 28-38,,,,,,,
343.15,820.17,2.17,Liquid-Gas,Experimental,NIST,Authors: Ye, W.;Shen, R.;Liu, W.;Chen, J. Title: Densities and volumetric properties of N-methyl-2-pyrrolidone with aromatic hydrocarbon at different temperature Citation: J. Chem. Thermodyn.,2007,39, 115-122,,,,,,,,,
348.15,815.1,1.4,Liquid-Gas,Experimental,NIST,Authors: Segovia, J. J.;Fandino, O.;Lopez, E. R.;Lugo, L.;Martin, C. M.;Fernandez, J. Title: Automated densimetric system: Measurements and uncertainties for compressed fluids Citation: J. Chem. Thermodyn.,2009,41, 632-638,,,,,,,
352,810.411299311,0.605738065045,Liquid-Gas,Experimental,NIST,Authors: Magee, J. W.;Bruno, T. J. Title: Isochoric (p,.rho.,T) Measurements for Liquid Toluene from 180 K to 400 K at Pressures to 35 MPa Citation: J. Chem. Eng. Data,1996,41, 900-905 (Derived),,,,,,,,,
353.123,810.15,0.5,Liquid-Gas,Experimental,NIST,Authors: Massart, L. Title: Methods and apparatus in use at the bureau of physical-chemical scales: ix experimental research on the variation of density as a function of the temperature for a series of ten hydrocarbons Citation: Bull. Soc. Chim. Belg.,1936,45,76,,,,,,,,,,,,
353.15,809.674,0.189,Liquid-Gas,Experimental,NIST,Authors: Sommer, D.;Kleinrahm, R.;Span, R.;Wagner, W. Title: Measurement and correlation of the (p, rho, T) relation of liquid cyclohexane, toluene, and ethanol in the temperature range from 233.15 K to 473.15 K at pressures up to 30 MPa for use as density reference liquids Citation: J. Chem. Thermodyn.,2010,43, 117-132,,,,,
353.15,810.5,2.86,Liquid-Gas,Experimental,NIST,Authors: Wang, H.;Wu, Y.;Dong, W. Title: A study of densities and volumetric properties of binary mixtures containing nitrobenzene at T = (293.15 to 353.15) K Citation: J. Chem. Thermodyn.,2005,37, 866-886,,,,,,,,,,
358.26,804.689311945,0.151908478504,Liquid-Gas,Experimental,NIST,Authors: Ihmels, E. C.;Gmehling, J. Title: Densities of Toluene, Carbon Dioxide, Carbonyl Sulfide, and Hydrogen Sulfide over a Wide Temperature and Pressure Range in the Sub- and Supercritical State Citation: Ind. Eng. Chem.,2001,40, 4470-7 (Derived),,,,,,,,
363.473035,799.47,0.3,Liquid-Gas,Experimental,NIST,Authors: Perkin, W. H. Title: XXIII.--On the Refractive Power of Certain Organic Compounds at Different Temperatures. Citation: Gazz. Chim. Ital.,1892,22,61,,,,,,,,,,,,
368.1235,798,20.2,Liquid-Gas,Experimental,NIST,Authors: Ling, T. D.;Van Winkle, M. Title: Properties of binary mixtures as a function of composition Citation: Chem. Eng. Data Ser.,1958,3, 88-95,,,,,,,,,,,
368.1235,794.618,1,Liquid-Gas,Experimental,NIST,Authors: Perkin, W. H. Title: LXIX. On Magnetic Rotatory Power, especially of Aromatic Compounds Citation: J. Chem. Soc.,1896,69, 1025-1257,,,,,,,,,,,
368.135368,794.809277643,0.515937639629,Liquid-Gas,Experimental,NIST,Authors: Albert, H. J.;Gates, J. A.;Wood, R. H.;Grolier, J.-P. E. Title: Densities of Toluene, of Butanol and of Their Binary Mixtures From 298 K to 400 K, and from 0.5 to 20.0 KPa Citation: Fluid Phase Equilib.,1985,20, 321-330 (Derived),,,,,,,
399.9769984,761.78841889,9.27613644471,Liquid-Gas,Experimental,NIST,Authors: Mcgregor, D. R. Title: A High Pressure, high temperature vibrating tube densimeter: densities of toluene, ethylbenzene, and 2,2,4-trimethylpentane. Citation: Ph.D. Thesis, Texas A & M Univ., College Station, TX (1989) (Derived),,,,,,,
403.22,758.667061097,0.155908699997,Liquid-Gas,Experimental,NIST,Authors: Ihmels, E. C.;Gmehling, J. Title: Densities of Toluene, Carbon Dioxide, Carbonyl Sulfide, and Hydrogen Sulfide over a Wide Temperature and Pressure Range in the Sub- and Supercritical State Citation: Ind. Eng. Chem.,2001,40, 4470-7 (Derived),,,,,,,,
403.697,758.107342819,3.46874218476,Liquid-Gas,Experimental,NIST,Authors: Masui, R. Title: Development of a magnetic suspension densimeter and measurement of the density of toluene Citation: Int. J. Thermophys.,2002,23, 921-935 (Derived),,,,,,,,,,,,
413.11637,747.831289261,4.08253695155,Liquid-Gas,Experimental,NIST,Authors: Akhundov, T. S.;Abdullaev, F. G. Title: Thermal properties of benzene and toluene at the saturation Citation: Izv. Vyssh. Uchebn. Zaved., Neft Gaz,1977,7, 64-68,,,,,,,,,,
413.132,749.113821138,0.609035626942,Liquid-Gas,Experimental,NIST,Authors: Rozhnov, M. S. Title: Phase and Volume Relationships in the Butadiene plus Hydrocarbon Systems Citation: Khim. Prom-st. (Moscow),1967,43,48,,,,,,,,,,,,
423,733.545178134,36.0772975357,Liquid-Gas,Experimental,NIST,Authors: Verveiko, V. N.;Mel'nikov, G. A.;Melikhov, Yu. F. Title: Accoustic and P-V-T study of halogenated benzenes and toluenes in a wide range of temperatures and pressures (to 600 MPa) Citation: Teplofiz. Svoistva Veshchestv Mater.,1991, , 5-16 (Derived),,,,,,,,,,
433.138,725.4,2,Liquid-Gas,Experimental,NIST,Authors: Francis, A. W. Title: Pressure-Temperature-Liquid Density Relations of Pure Hydrocarbons Citation: Ind. Eng. Chem.,1957,49,1779,,,,,,,,,,,,
448.111185,707.366425369,5.62500662402,Liquid-Gas,Experimental,NIST,Authors: Mamedov, A.M.;Akhundov, T.S.;Abdullaev, F.G.;Imanov, Sh.Yu. Title: Experimental investigation of the P-V-T dependence of toluene and xylenes at high pressures and temperatures (in Russian) Citation: Tr. Vses. Nauchno-Tekh. Konf. Termodin.," Sb. Dokl. Sekts. ""Teplofiz. Svoistva Veshchestv""", 3rd:275-82 (1969) (Derived),,,,,,,,,,
448.19,707.656970667,0.166141578016,Liquid-Gas,Experimental,NIST,Authors: Ihmels, E. C.;Gmehling, J. Title: Densities of Toluene, Carbon Dioxide, Carbonyl Sulfide, and Hydrogen Sulfide over a Wide Temperature and Pressure Range in the Sub- and Supercritical State Citation: Ind. Eng. Chem.,2001,40, 4470-7 (Derived),,,,,,,,
449.961,705.62,1.86,Liquid-Gas,Experimental,NIST,Authors: Hales, J. L.;Townsend, R. Title: Liquid Densities from 293 to 490 K of Nine Aromatic Hydrocarbons Citation: J. Chem. Thermodyn.,1972,4, 763-72,,,,,,,,,,,
493.11,647.458724506,3.14402099955,Liquid-Gas,Experimental,NIST,Authors: Akhundov, T. S.;Abdullaev, F. G. Title: Thermal properties of benzene and toluene at the saturation Citation: Izv. Vyssh. Uchebn. Zaved., Neft Gaz,1977,7, 64-68,,,,,,,,,,
493.19,648.269926859,0.196393504789,Liquid-Gas,Experimental,NIST,Authors: Ihmels, E. C.;Gmehling, J. Title: Densities of Toluene, Carbon Dioxide, Carbonyl Sulfide, and Hydrogen Sulfide over a Wide Temperature and Pressure Range in the Sub- and Supercritical State Citation: Ind. Eng. Chem.,2001,40, 4470-7 (Derived),,,,,,,,
533.110315,582.284560542,3.01300862733,Liquid-Gas,Experimental,NIST,Authors: Straty, G. C.;Ball, M. J.;Bruno, T. J. Title: PVT of Toluene at Temperatures to 673 K Citation: J. Chem. Eng. Data,1988,33, 115-117 (Derived),,,,,,,,,,
538.19,571.987011729,0.300440308592,Liquid-Gas,Experimental,NIST,Authors: Ihmels, E. C.;Gmehling, J. Title: Densities of Toluene, Carbon Dioxide, Carbonyl Sulfide, and Hydrogen Sulfide over a Wide Temperature and Pressure Range in the Sub- and Supercritical State Citation: Ind. Eng. Chem.,2001,40, 4470-7 (Derived),,,,,,,,
545.300000003,555.25,0.33,Liquid-Gas,Experimental,NIST,Authors: Abdulagatov, I. M.;Polikhronidi, N. G.;Bruno, T. J.;Batyrova, R. G.;Stepanov, G. V. Title: Measurements of the isochoric heat capacity, the critical point (TC, nC) and vapor liquid coexistence curve (TS, nS) of high-purity toluene near the critical point* Citation: Fluid Phase Equilib.,2008,263, 71-84,,,,,
573.111,479.294478528,0.298640156291,Liquid-Gas,Experimental,NIST,Authors: Akhundov, T. S.;Abdullaev, F. G. Title: Experimental Study of Specific Volumes of Toluene Citation: Izv. Vyssh. Uchebn. Zaved., Neft Gaz,1970,13, 67-69,,,,,,,,,,
573.111,478.011472275,1.85080923778,Liquid-Gas,Experimental,NIST,Authors: Akhundov, T. S.;Abdullaev, F. G. Title: Thermal properties of benzene and toluene at the saturation Citation: Izv. Vyssh. Uchebn. Zaved., Neft Gaz,1977,7, 64-68,,,,,,,,,,
582.61855414,423,42,Liquid-Gas,Experimental,NIST,Authors: Chirico, R. D.;Steele, W. V. Title: Reconciliation of Calorimetrically and Spectroscopically Derived Methyl Benzene. The Importance of the Third Virial Coefficient Citation: Ind. Eng. Chem. Res.,1994,33, 157-67,,,,,,,,,,,
583.19,439.832697475,1.06410736418,Liquid-Gas,Experimental,NIST,Authors: Ihmels, E. C.;Gmehling, J. Title: Densities of Toluene, Carbon Dioxide, Carbonyl Sulfide, and Hydrogen Sulfide over a Wide Temperature and Pressure Range in the Sub- and Supercritical State Citation: Ind. Eng. Chem.,2001,40, 4470-7 (Derived),,,,,,,,
591.890001,292.9,5.4,Liquid-Gas,Experimental,NIST,Authors: Polikhronidi, N. G.;Abdulagatov, I. M.;Magee, J. W.;Batyrova, R. G. Title: Isochoric heat capacity for toluene near phase trasitions and the critical point Citation: J. Chem. Eng. Data,2001,46, 1064-1071,,,,,,,,,
